ID,姓,名,セイ,メイ,メールアドレス,電話番号,大学名,学部,学科,学科系統ID,学年ID,生年月日,性別ID,プロフィール画像,希望業界IDs,希望職種IDs,自己PR,将来,パスワード
1,西之園,知実,にしゆきその,ともみ,pito@yahoo.com,06081620108,無栗屋大学大学院,情報学部,理学科,11,12,1997-10-17,2,https://thispersondoesnotexist.com/image,28,"エンジニア,ライター,マーケティング",6298,極端なコピー主人デッド犯罪者サワー腐った。追放するチーズ運シュガー織る転倒連続。\n連続連続差別する衝突犯罪者職人カラム。反射ボトルじぶんのパンコミュニケーションクルー。ホイールリフト極端なトレーナー賞賛する本質的な脊椎コピー。\n見出しニューステントストレージ日曜日敵。葉トス細かい人形血まみれの。\nクロス販売サワー狐ハードウェア催眠術。細かいヘアあなた自身花嫁。\n暖かいトーン数字自体ヒットコピーシュガー。副電話トリビュート試してみるマリン賞賛するベルベットアクセルペダル。極端なブラケットリニアホイール。ダッシュフレーム参加する葉シェービング合計。,password
2,浜田,浩,はまだ,ひろし,yumikomiyagawa@sugiyama.jp,06001920144,前弥六南町美術大学,教育学部,農学科,14,42,1998-04-27,0,https://thispersondoesnotexist.com/image,14,"ライター,デザイナー",2567,数字試してみる供給ピック。感謝する君は拡張本質的な保持する。\n風景賞賛する人形ダニプラスチックサンプル〜。指名デッド持ってる鉱山ジャーナル部隊近代化する。敵緩む式雪。\n日曜日シュガー転倒それ。埋め込む腐った証言する緩む隠す。主婦編組極端な君は索引部隊。\n犯罪者サラダ彼叔父隠すコーラス敵対的な。自体パン倫理文言目的。クール反射ジャム。\n反射式今通行料金隠すサラダ極端な。ハードウェアそれ同行雪持つジャムクルー。\n通行料金呼ぶコピートリビュートトリビュート試してみる。動物ホイールチーズ特徴。怒りリニアテント探査符号。\nバスケットバナーサラダキャビネット明らかにするトースト。屋根裏ジャム再現する織る通行料金中世パーセント。,password
3,杉山,健一,すぎやま,けんいち,kanomanabu@aoyama.com,06002205766,西関宿大学大学院,教育学部,農学科,12,11,1998-06-28,2,https://thispersondoesnotexist.com/image,"27,10,13","企画,事務,デザイナー",4758,連続軸試してみるインチ創傷中世。マリンキャビネット軸装置連続。は行進ブレーキサラダログ残るキャビネット。\nはオークション保証金拡張極端なプラスチック。叔父パン分割サラダ。ベルベット織るサワー鉱山尊敬するヒット。シュガー行進雪ジャーナル錯覚見落とすリニア数字。\n尿キャビネット差別する仕上げ運血まみれの知覚。今日偏差脊椎極端なコーナー運文言合計。\n自体敵対的なない彼目的腐った。トレーナー主婦トリビュート花嫁見出しホイール。\n血まみれの風景行進メニュー目的。ささやきフレームタワーリンク。\n知覚管理する拡張狭い暖かい。虐待コミュニケーションデッドリニア再現する私トス。残るブレーキ出演者叔父行進人形。\nヒール助けてクールコピー出演者見出し。感謝するホイールパーセント敵対的な人形ない。\n転倒彼パーセント差別するパーセント。狐ハードウェア癌。,password
4,木村,幹,きむら,かん,isasaki@kimura.org,06052611028,白金台大学,教育学部,工学科,21,2,1999-12-26,2,https://thispersondoesnotexist.com/image,14,デザイナー,3815,トレーナーヘア近代化するジャーナルそれ衝突。彼女花嫁差別するサラダ助けて反射賞賛する近代化する。\nバーゲン人形ピックダイヤモンド。クルー奨励しますキャビネットハードウェアソース持ってる。\nハンマー野球サラダ極端な普通の普通の。ソーストス戦略的探査。符号保証金サラダ差別する。\n連続知覚改善極端な。発生する催眠術建築状況。\n隠す軸再現する省略職人。ささやきハードウェア電池トーストメニュー敵対的な。スキーム改善意図柔らかいささやき狭いヒット索引。\n省略コーナーボトルスキーム。パイオニア改善画面パイオニア建築〜。ダイヤモンド衝突ハードウェア追放する保持する偏差ハードウェア販売。,password
5,宮沢,幹,みやざわ,かん,kijimanaoko@hotmail.com,06067532128,木立大学,教育学部,文学科,11,2,2000-07-29,2,https://thispersondoesnotexist.com/image,"6,1","事務,営業,企画",1373,衝突野球立派な行進ジャムリニア大統領。中世賞賛するリフト販売彼女偏差。仕上げ式供給知覚テント。欠乏隠す犯罪者ジャム厳しい。\n〜特徴アクセルペダルあった目的クロスログダイヤモンド。メニューリンク行進保証金。,password
6,村山,晃,むらやま,あきら,akemitanaka@hotmail.com,06029680317,轟大学,商学部,法学科,20,4,2000-05-14,0,https://thispersondoesnotexist.com/image,"4,25,27","営業,マーケティング",8773,,password
7,鈴木,香織,すずき,かおり,ryosukekano@gmail.com,06079964535,前弥六大学,法学部,文学科,3,5,1995-12-26,2,https://thispersondoesnotexist.com/image,"9,27",マーケティング,1404,追放する尿編組。管理する隠すデッド電話。衝突文言陶器ハードウェア。\n舗装協力は大統領反射トリビュート。ヒール尿君はチーズ今日。擁する特徴日曜日販売倫理ホイール風景副。\n動物尊敬する必要月供給反射。擁する楽しんでスキームダイヤモンド。,password
8,山口,拓真,やまぐち,たくまこと,osamu53@hotmail.com,06006509417,丸の内ＪＰタワー美術大学,法学部,経済学科,3,42,2000-06-02,2,https://thispersondoesnotexist.com/image,"23,12","デザイナー,営業",7528,サラダベルベットクルー運分割。バスケット電池コンペ大統領。尿サラダリフト反射犯罪者タワーアクセルペダルコンペ。中央サンプル織る。\n転倒緩むクール参加する。運ささやき同行バケツ。\n舗装カラム索引ジャーナル日曜日普通の画面。奨励しますあった副キャビネットフレーム。リンクないリハビリ君は。\n中央バナー職人サンプルスキームフレーム厳しい。文言舗装シェービング連続バスケット風景。サンプルカレッジ管理する怒り擁する〜クールない。\n屋根裏特徴移動叔父パーセント状況持つ。トレーナー連続バケツ狭いバーゲン。\nバス普通の装置奨励します差別する腐った。残る戦略的管理する合計省略。\n彼女君はない見出し。中世参加する軸フェミニストメニュー。屋根裏柔らかいノート省略ソース目的ブランチ感謝する。チーズ厳しい日曜日ストレージ厳しい。,password
9,伊藤,七夏,いとう,しちなつ,itoyui@hotmail.com,06089910453,大京町大学大学院,理工学部,法学科,4,12,1995-04-27,2,https://thispersondoesnotexist.com/image,"1,22",デザイナー,7072,コーナーあなた自身文言中世フレーム近代化する。拡張ハンマー今日日曜日通行料金クルーダイヤモンド。器官リンクトレーナーコピー同行。デッド今日偏差細かい教授インチ運プラスチック。\n協力人形彼女バナー埋め込む。トレーナー血まみれのソース癌必要指名ニュースデッド。\nボトル錯覚試してみるブレーキシュガーじぶんの。運ないプラスチック尿ログサワー。\n君は創傷主人偏差器官立派な。野球行進極端なフレーム隠す。\n明らかにする証言する電池プラスチック。数字尊敬する腐った腐った普通のマリン戦略的。葉立派な狐虐待数字リンク。ヒールダッシュ運スペルキャビンアクセルペダル。\n学生バーゲン差別する高い。細かい日曜日プラスチックじぶんの厳しい差別するクロス。,password
10,青山,香織,あおやま,かおり,hirokiyamada@sasaki.jp,06096419988,白金台大学大学院,理工学部,情報学科,7,12,1995-02-01,2,https://thispersondoesnotexist.com/image,"1,17","事務,企画",3,極端な敵感謝する追放する明らかにする。カレッジない目的パーセント舗装索引屋根裏雪。血まみれの保証金主人それ再現する花嫁倫理。犯罪者はノート部隊。\nささやき陶器改善持ってる。カレッジサラダ中央自体ボトルささやき。連続尿月普通の。,password
11,渚,明美,なぎさ,あけみ,rei55@gmail.com,06047604801,三筋大学,理工学部,法学科,7,1,1996-04-09,0,https://thispersondoesnotexist.com/image,"13,27","マーケティング,事務,ライター",9986,,password
12,坂本,七夏,さかもと,しちなつ,yoko66@yahoo.com,06007623999,芝大門大学,文学部,商学科,3,5,1998-06-11,2,https://thispersondoesnotexist.com/image,"10,24,5","ライター,事務,マーケティング",7366,意図コミュニケーション追放するメニューパーセント。トス月タワーリニアホイール。教会サンプルタワー錯覚アクセルペダルフェミニスト。\n索引供給バーゲン拡張状況。ニュース状況コミュニケーション管理するカラム。運バスバス。\nじぶんのハンマーバナー特徴リフト。尊敬する不自然な創傷カラム試してみる癌欠乏叔父。ホイール中央持っていましたキャビネットブランチ腐った。\n参加する不自然なリフト細かい。追放する運主婦シェービング軸。\n分割彼近代化する障害リハビリ。\nダイヤモンドリニア持っていました。アクセルペダル連続コミュニケーション野球持っていましたトレーナー欠乏。式人形トレーナー持ってる管理する倫理。,password
13,桐山,零,きりやま,れい,kaorikobayashi@yamamoto.com,06097174352,卯の里大学,情報学部,商学科,18,6,1998-07-24,0,https://thispersondoesnotexist.com/image,"4,18","ライター,デザイナー,事務",3520,サラダリニアサワー立派なストレージ。ニュースバーゲン見出し分割見出しクルー。私織る評議会編組ピック敵尊敬する。リフト葉証言する装置リハビリ。\nタワー主人革新叔父ブランチログ。ピックスペル持っていましたダイヤモンドない錯覚。感謝する虐待催眠術持ってる。転倒怒り狐コミュニケーション画面。\n欠乏再現する極端な怒りスマッシュ目的。,password
14,杉山,舞,すぎやま,まい,pmiyake@yahoo.com,06036987279,勝どき大学,法学部,理学科,19,6,2001-11-05,1,https://thispersondoesnotexist.com/image,27,"エンジニア,デザイナー",9118,タワー教授軸アクセルペダル副。\n中世屋根裏販売奨励します。持っていました移動サンプルフレーム花嫁。\n探査電池仕上げあなた自身協力ブラケット文言。呼ぶサラダ拡張状況合計雪。学生リフト反射管理する午前コーナー怒り。それ敵販売パイオニア擁する立派な。\nタワー拡張柔らかいカレッジ。〜尿中央ブレーキ持つ君は。憲法目的通行料金符号リニアじぶんの副。\n出演者人形主婦織る。ノート分割ジャムマリン舗装それ。\nテント怒り埋め込む発生する持つシェービング葉。革新トスリニア極端な。,password
15,加納,稔,かのう,みのる,kkiriyama@nakajima.jp,06007032147,芝大門専門学校,理学部,情報学科,17,51,1996-08-26,2,https://thispersondoesnotexist.com/image,"7,15","エンジニア,営業,企画",2938,花嫁トーン葉デッドコミュニティ。ログリンクコンペ賞賛する。今サラダ持っていました教授器官追放する。主人呼ぶブレーキ文言学生ノート。\n野球埋め込む催眠術腐ったトーストキャビンサワー。陶器衝突偏差参加するインチリハビリ管理する品質。\n腐った行進販売管理する運彼女中世。じぶんの立派な欠乏追放するクルー。\nダニ反射狐革新。ブランチ仕上げ暖かいコピー。,password
16,吉本,学,よしもと,がく,akeminagisa@gmail.com,06007610904,芝大門大学,理学部,工学科,19,2,1995-05-15,2,https://thispersondoesnotexist.com/image,22,"営業,デザイナー,事務",4699,,password
17,藤本,翼,ふじもと,つばさ,nanakasuzuki@kato.com,06042373306,南郷屋大学,法学部,法学科,21,5,2000-01-17,1,https://thispersondoesnotexist.com/image,"3,13","エンジニア,企画,事務",841,リフトピック隠す。教授主婦織る倫理叔父。カラム供給日曜日改善大統領カレッジ午前。\n転倒ボトル戦略的。ハードウェアあった改善ハードウェアコーラスタワー。\n状況衝突学生ブラケット。花嫁叔父キャビン探査バス偏差衝突。通行料金明らかにする部隊普通の今虐待ジャム。\nそれ月トリビュートリハビリクール必要。尿タワー衝突建築シュガーデッド本質的な。屋根裏近代化する指名あなた自身中世。\nバーゲンキャビネット花嫁ボトル助けて。文言転倒癌電池憲法風景緩む器官。倫理インチ管理する大統領。,password
18,斉藤,陽一,さいとう,よういち,tomomisuzuki@yahoo.com,06066084014,吾妻橋大学,工学部,文学科,20,5,1997-06-02,1,https://thispersondoesnotexist.com/image,"5,7","営業,マーケティング",7350,電池錯覚風景追放する。同行ノート目的スペルサワー。\n織る保持する転倒織る試してみるトーン。中央怒りカラムコンペ革新。\n革新特徴狭い錯覚埋め込む血まみれの。犯罪者教授供給。キャビン編組極端な見落とすクロス省略。,password
19,西之園,結衣,にしゆきその,けつころも,nakatsugawayuta@hotmail.com,06074644516,長畑大学,農学部,情報学科,21,1,2000-04-16,0,https://thispersondoesnotexist.com/image,"10,13,24","エンジニア,営業",9405,,password
20,坂本,舞,さかもと,まい,mituru38@ito.com,06076273762,独鈷沢専門学校,法学部,工学科,1,54,1998-12-06,1,https://thispersondoesnotexist.com/image,14,"ライター,デザイナー,企画",6176,君は反射チーズバスブランチ。知覚オークション腐った同行カレッジ。尿大統領犯罪者。葉屋根裏トースト屋根裏教授ジャム自体。,password
21,小泉,春香,こいずみ,はるかおり,aishida@gmail.com,06076636799,西小来川大学,教育学部,理工学科,22,4,2001-01-05,0,https://thispersondoesnotexist.com/image,9,"事務,マーケティング,営業",8749,花嫁倫理リニア参加するタワー証言する。装置コンペ厳しい腐った敵対的な。\nパン動物極端なリハビリ。主婦血まみれの試してみる。\n残る改善彼教会。本質的なトースト織る。符号スマッシュ数字細かい。\n器官あなた自身織るトス。索引同行溝陶器隠す。,password
22,中島,花子,なかじま,はなこ,momokomatsumoto@yahoo.com,06022829929,睦美術大学,農学部,情報学科,22,42,2001-09-19,0,https://thispersondoesnotexist.com/image,"8,28",ライター,4195,虐待大統領狐ベルベット戦略的。奨励します協力索引ヘア。バスケット職人リニア拡張探査。,password
23,渚,里佳,なぎさ,りか,yoichi89@yamagishi.com,06076338303,戸山大学,工学部,理工学科,19,6,1999-10-04,2,https://thispersondoesnotexist.com/image,"5,11",企画,9411,キャビン品質擁するインチ行進。ブレーキ見出し行進催眠術。\n部隊野球シェービングリハビリシュガーコミュニティ数字。動物敵保証金偏差差別するバーゲンじぶんの。ニュース近代化するボトル。,password
24,井高,零,いたか,れい,nagisatakuma@nakatsugawa.jp,06090938709,芝公園大学,工学部,農学科,18,3,1997-04-17,0,https://thispersondoesnotexist.com/image,"3,6",事務,6496,,password
25,宇野,英樹,うの,ひでき,ysasada@gmail.com,06011568061,吾妻橋大学大学院,理工学部,法学科,8,11,2001-05-07,0,https://thispersondoesnotexist.com/image,19,"ライター,事務",88,フレーム合計風景欠乏。トス動物必要移動省略極端なアクセルペダル。\nカラム残る同行バス協力。\n溝怒り私人形。ダッシュ装置じぶんのノートブレーキ画面腐った。指名君はシュガー犯罪者あなた自身。\n助けて反射自体中世ささやき中央。建築キャビンクロス副追放する尿。叔父ささやきリハビリトーンキャビネット。\nブランチダッシュ部隊コーナー。トーストノート普通の。ブランチトリビュートサラダ軸日曜日移動。\nクロス奨励します脊椎近代化するテント狭い人形。本質的な連続試してみる。,password
26,大垣,花子,おおがき,はなこ,mituruyoshimoto@watanabe.com,06078329939,外国府間大学,教育学部,文学科,6,1,1995-08-26,2,https://thispersondoesnotexist.com/image,"3,26,0","ライター,マーケティング,エンジニア",8223,助けて立派な明らかにする電池スキーム目的。テント装置リンクテント副。\nバスケット舗装カレッジ君はキャビン行進普通の。転倒今日状況。\nリフトチーズヒット尿腐った行進擁する。符号細かい隠す試してみるプラスチック。助けて仕上げ軸目的持っていました野球。\n保証金厳しいトースト保証金隠す建築特徴。サラダプラスチックダイヤモンドキャビンバーゲンリニア。\n埋め込む学生ハードウェア敵持ってる。賞賛する建築中世欠乏差別するトリビュート拡張。,password
27,笹田,裕美子,ささだ,ゆみこ,tomominishinosono@hotmail.com,06030779450,上吉羽大学,法学部,商学科,19,2,1998-01-31,2,https://thispersondoesnotexist.com/image,23,"エンジニア,デザイナー,マーケティング",7080,あったハンマー器官障害保証金。雪溝アクセルペダル衝突分割。\n癌索引癌中央。埋め込む大統領協力再現するバナー。リハビリ協力フェミニスト犯罪者。\nヒール近代化する倫理感謝するベルベットマリン明らかにする。葉ホイール戦略的シュガートースト。,password
28,加藤,陽一,かとう,よういち,eaoyama@hotmail.com,06002635935,独鈷沢大学,情報学部,商学科,1,1,1999-10-03,0,https://thispersondoesnotexist.com/image,16,"事務,ライター",8903,教授腐ったハードウェアパイオニア省略トリビュート。動物販売索引。カレッジ尊敬する今葉仕上げ極端な明らかにするフレーム。\n協力ブランチ出演者テントリンク障害追放する。画面インチ学生コンペ。厳しい発生するサラダ。保持する拡張リフト溝花嫁トス特徴細かい。\n出演者呼ぶ創傷キャビン。ハードウェア持つ憲法極端なバケツ意図バス。オークション極端なシュガー試してみる。\n器官ストレージベルベット電話。デフォルトマリン奨励します反射特徴差別する目的。トス雪クロス怒り立派な証言する彼。符号パン部隊教授中央サラダブラケット差別する。\nブラケット品質ジャーナル呼ぶインチ。癌人形見落とすトリビュート。\n持っていましたカレッジブラケット織る障害。狭い溝コミュニケーション本質的な。コンペ証言する錯覚パーセントトーン自体狐。,password
29,中津川,七夏,なかつがわ,しちなつ,tarosaito@murayama.com,06082157901,上野桜木大学,情報学部,工学科,7,4,1999-09-11,2,https://thispersondoesnotexist.com/image,"20,22",マーケティング,5544,狭い尿革新コピーホイール。普通のリフトサラダささやきニュース部隊。\n陶器カレッジ参加するダニ。トリビュート協力文言省略通行料金バスケット尊敬するシェービング。楽しんで反射腐った憲法。\n高い敵対的な運供給トリビュート動物細かい目的。敵対的なリフト自体催眠術ヒット編組反射サンプル。電話デフォルト発生する数字。\n差別する今サラダ試してみるコンペ尊敬する。行進バスケット特徴リニア供給。感謝する葉明らかにする電池。\n賞賛する残る状況じぶんのヒット。日曜日不自然な午前バケツ。革新じぶんのキャビン。\n合計バスデフォルト賞賛する溝。デフォルト通行料金舗装隠すダニ。スキーム仕上げ省略部隊装置マリン。,password
30,山岸,幹,やまぎし,かん,oyamamoto@yamada.com,06024838242,油井大学,法学部,教育学科,16,3,1999-04-17,2,https://thispersondoesnotexist.com/image,11,"エンジニア,営業",7900,通行料金知覚デフォルト特徴必要ハードウェア移動。狭いニュース反射トリビュート溝彼女。\nパイオニア見落とす戦略的クール狭い擁する。君は合計虐待。トスサワー部隊主人ベルベット欠乏アクセルペダル。\nささやきリハビリホイール彼憲法。キャビンキャビネット鉱山ジャムリハビリソーステント。\n出演者極端な今参加するトリビュート血まみれの花嫁。障害尊敬するスペルブランチタワー器官サラダ。高いブランチデフォルト持ってる風景。\nテント協力コーナー。カレッジ追放する持つ叔父発生するジャムボトル擁する。陶器シュガー葉。\nバケツ保証金省略溝彼女キャビネット。追放する敵対的なトレーナー画面。\nピック職人叔父主人パーセント錯覚コーナー。パイオニア呼ぶ楽しんで証言する本質的な衝突偏差。ニュース呼ぶ追放するフェミニストスマッシュキャビンじぶんの。,password
31,渚,英樹,なぎさ,ひでき,yui94@hotmail.com,06048365973,雷門大学,情報学部,法学科,5,1,1996-09-02,1,https://thispersondoesnotexist.com/image,"26,20","マーケティング,ライター,企画",598,ボトルノートコーラストースト。普通の敵コミュニティ主婦リハビリ差別するヘア。見落とすコーナー楽しんで軸あなた自身サラダ。\n供給パーセント狭いささやき。指名マリン暖かい癌。日曜日出演者見落とすハードウェア。\nキャビネット保証金錯覚通行料金ピック細かい。バスボトル腐った〜電話ボトル。〜販売持ってるささやき省略主人。連続ない部隊販売ダッシュ。\nキャビネット索引立派なスキーム証言する。革新月装置ブラケット。戦略的画面ないコミュニティ編組。\nトス本質的なコピー符号リフトジャム屋根裏。通行料金〜評議会パン埋め込む普通の。中央細かい中世柔らかいダッシュ。,password
32,石田,あすか,いしだ,あすか,knakajima@yahoo.com,06003477348,東浅草大学,教育学部,理学科,16,4,1998-12-04,2,https://thispersondoesnotexist.com/image,"7,1,2","エンジニア,営業",3744,柔らかい敵教会数字賞賛する自体助けて。ジャムカレッジバーゲン知覚。助けて状況ダイヤモンド午前サワートス。\nトーン奨励しますチーズパイオニア今日差別するパーセント。自体ジャムピックインチノート擁する符号創傷。じぶんのブラケット同行。バスケット追放するトーンコミュニティカラム。,password
33,吉田,直樹,よしだ,なおき,tomomitsuchiya@kano.com,06070827792,高田馬場美術大学,理学部,理工学科,20,46,1997-01-20,0,https://thispersondoesnotexist.com/image,28,デザイナー,1783,自体極端なバス障害。君は意図ピックカラム評議会。高い拡張スキーム保持する。ボトル立派な鉱山あった。\n証言する今品質供給軸。\nコピー厳しいオークションパイオニア意図暖かいスキーム。倫理それニュース分割バストーン。細かい助けてリハビリ転倒午前発生する。\n葉催眠術プラスチックリンクサラダジャム。普通のクルー指名。,password
34,松本,知実,まつもと,ともみ,taichiharada@yahoo.com,06030990777,松浦町大学,商学部,理学科,17,6,2001-12-08,2,https://thispersondoesnotexist.com/image,26,"マーケティング,営業",7159,,password
35,津田,春香,つだ,はるかおり,yutasugiyama@tanabe.com,06083249211,柿木沢大学,法学部,農学科,9,3,1995-10-27,1,https://thispersondoesnotexist.com/image,5,企画,7188,狭いブランチフェミニスト差別する。中央パイオニア織るダイヤモンド残る。,password
36,井上,直子,いのうえ,なおこ,takahashihiroshi@matsumoto.jp,06008048270,平須賀大学,理工学部,商学科,18,5,1999-11-13,2,https://thispersondoesnotexist.com/image,"18,0,12","デザイナー,エンジニア,営業",188,大統領行進腐った自体。叔父脊椎賞賛するヘア錯覚。\n犯罪者擁する動物尿。腐った革新尊敬する感謝する尿午前ベルベット隠す。\n奨励します数字倫理動物。リニアソース極端な障害。主婦彼女明らかにするハードウェア創傷は革新。,password
37,木村,結衣,きむら,けつころも,yamadamituru@yahoo.com,06069070089,細野大学,農学部,経済学科,12,6,1995-04-19,2,https://thispersondoesnotexist.com/image,"9,18,12","デザイナー,エンジニア",2640,月雪保証金腐ったヒールフレーム供給出演者。人形高い感謝するボトルバーゲン。埋め込む私アクセルペダル隠すパーセントカレッジ。装置血まみれの戦略的デッドブランチ部隊。\nヘア錯覚トーン。文言参加する叔父擁するコーナー催眠術教会。あった保証金同行供給人形参加するフェミニスト。行進行進文言軸ない。\nあなた自身指名残る差別する。野球トーン脊椎転倒雪状況ブレーキ必要。目的錯覚同行運。指名拡張ブランチテント障害。\n日曜日プラスチックカレッジインチ。細かい数字指名ソース。,password
38,藤本,学,ふじもと,がく,tanakakyosuke@yahoo.com,06053127130,芝大門大学,法学部,理学科,2,1,2001-06-09,2,https://thispersondoesnotexist.com/image,1,"営業,マーケティング",6484,建築電話特徴〜暖かいハンマー。ストレージ叔父主人編組。\n中央葉主婦器官あなた自身探査屋根裏。カラム索引フェミニストジャーナル腐った腐った。ハンマー運感謝する発生する主人保証金。\n隠すダニ午前ブラケット隠すない。クールフレーム持つハンマープラスチックボトル。は自体改善知覚。\nリハビリ隠す虐待トースト。マリンブレーキチーズ販売デフォルト。持ってる細かいヘアパイオニア。,password
39,加納,七夏,かのう,しちなつ,nanaka92@gmail.com,06015091330,日比谷公園大学,法学部,農学科,12,2,2001-04-28,1,https://thispersondoesnotexist.com/image,18,ライター,6446,本質的なない持つ試してみる擁するバナー日曜日。,password
40,杉山,浩,すぎやま,ひろし,yosuke05@yahoo.com,06018542785,竜泉大学大学院,文学部,経済学科,17,12,2000-11-22,0,https://thispersondoesnotexist.com/image,"27,7","事務,企画",9876,彼ストレージ彼女バーゲン虐待特徴午前。,password
41,原田,涼平,はらだ,りょうたいら,tsubasasaito@kano.jp,06061425451,柿木沢大学,情報学部,文学科,13,1,1998-01-18,0,https://thispersondoesnotexist.com/image,28,事務,6712,電池リンク創傷今持ってるヒール。キャビネット改善ダイヤモンド今日。狐キャビネットカレッジ状況学生彼。\n索引バナーサラダ葉。鉱山デフォルト中世保持する主婦。舗装転倒尿あった。\n虐待副教授パンジャム憲法。癌リニア賞賛する電話必要トリビュート。ハンマー評議会マリンバストーン戦略的犯罪者偏差。\n花嫁指名装置通行料金持つ。リンク連続シェービングジャム柔らかい叔父。\n高い反射偏差尿管理する柔らかい。月不自然な叔父擁するはコピーそれ。\nバナー野球ニュース敵対的な偏差分割マリン装置。品質ソースストレージリフト管理する品質ハンマー。ささやきスマッシュトーストバケツ主婦連続品質ボトル。\nリハビリ証言するダッシュ風景チーズ衝突溝。尿ピック柔らかい癌職人。\nダイヤモンドトリビュート創傷。追放するスマッシュ細かいノートブランチマリン。,password
42,吉本,裕美子,よしもと,ゆみこ,unokaori@ekoda.com,06048025086,蔵前大学,経済学部,情報学科,2,6,2000-02-26,2,https://thispersondoesnotexist.com/image,"27,24,2","マーケティング,営業",4649,彼創傷鉱山高いキャビン。ヒット合計必要怒りログ不自然な。カレッジパイオニア柔らかい助けて奨励します職人溝敵。\nジャーナルリンク省略感謝する発生する。ログシェービングジャム人形ピック雪残る。\n学生バーゲン持ってる文言教授見出し錯覚。賞賛する持ってる式動物衝突緩む近代化する。\n立派なバスケット文言発生する午前バスケットデフォルトシュガー。キャビネット文言電話ささやき分割。\n見落とす狐デッドコーナー発生する風景尊敬する。\n日曜日パーセントバーゲン。本質的なフレーム電話改善デフォルト。タワー仕上げ虐待意図。\nボトル敵対的な建築特徴出演者リンクフレーム。今ささやき分割参加する。ヘアトス数字花嫁。,password
43,笹田,知実,ささだ,ともみ,maikudo@nakamura.net,06023151566,西小来川大学,法学部,文学科,0,4,1995-08-31,2,https://thispersondoesnotexist.com/image,22,ライター,7536,反射シェービング大統領陶器トーン。ボトル君はチーズダイヤモンド偏差ベルベット感謝する。ニュース不自然な虐待軸助けてブラケット緩む。出演者ヒットダイヤモンドトレーナー織る。,password
44,渡辺,裕太,わたなべ,ひろした,vkato@gmail.com,06085983386,柿木沢高等専門学校,情報学部,文学科,4,21,1995-09-28,0,https://thispersondoesnotexist.com/image,13,"デザイナー,事務,マーケティング",4015,ハードウェアデッド偏差探査鉱山腐った。屋根裏リハビリヒット屋根裏。\n保持する叔父高い虐待革新助けてコミュニティ葉。ホイール狐編組あった。\n柔らかいログリハビリ狭い反射クルー。索引必要野球クルーコーナーボトルリニア。ベルベット必要連続野球血まみれのキャビン主婦パイオニア。\n彼女ホイール残る衝突特徴ヒール。\n数字差別する彼女パーセント。管理する陶器ヒール腐った錯覚月主婦。\n装置主婦私管理する高い省略オークション教会。ブラケット必要私パーセント。\n極端な衝突ログ。陶器デッド建築奨励します動物パン。装置私血まみれの保証金尿。,password
45,山岸,零,やまぎし,れい,tomomitanaka@hotmail.com,06002506905,芝浦大学,工学部,教育学科,0,4,2001-08-20,1,https://thispersondoesnotexist.com/image,"3,9,14","営業,ライター",5519,式ピック普通の部隊スキーム立派な。ベルベット品質血まみれのリハビリ。\n評議会感謝する必要知覚。本質的なログ厳しい風景キャビン。\n分割仕上げ舗装スキーム倫理錯覚欠乏差別する。符号カレッジ中世。,password
46,鈴木,直人,すずき,なおと,yamagishiakemi@saito.com,06021767145,日光美術大学,理工学部,情報学科,8,45,2000-12-21,0,https://thispersondoesnotexist.com/image,5,"企画,ライター",6393,ホイール品質衝突。意図供給狭い偏差ない。ソース装置呼ぶそれ再現する君は腐った。\nキャビン癌スマッシュ保持するトス雪。陶器意図出演者ホイール。\n立派な近代化する君はトス教会。供給感謝する同行リフトブランチ副花嫁。バス敵対的な尊敬する試してみる編組感謝する。\nクール戦略的ヘア厳しいマリン。あった軸溝パン。サラダ保持する持っていました参加するニュース。,password
47,加藤,真綾,かとう,まことあや,minorumiyagawa@hotmail.com,06012835074,入谷大学,文学部,商学科,12,2,1995-08-07,0,https://thispersondoesnotexist.com/image,1,"マーケティング,事務",9876,鉱山ホイール建築ニュース月。アクセルペダル状況シェービングバスケットジャム。フレームフレーム敵対的なダイヤモンド品質は。\n特徴画面電池ストレージカラム賞賛するカレッジ。君は持つ行進助けて残るシュガー中世。協力見落とす電話。月ダニデッド催眠術。\n供給メニューボトルバケツ。意図出演者フレーム保証金緩むトレーナー。,password
48,中島,直子,なかじま,なおこ,sayurinishinosono@hotmail.com,06068248433,西小来川大学,文学部,文学科,21,5,2001-06-14,1,https://thispersondoesnotexist.com/image,12,"デザイナー,事務,マーケティング",3258,フレームキャビン持っていましたコミュニケーション。\n品質持つ戦略的ホイール必要省略ボトル。教会評議会連続助けてトリビュート。\n血まみれのささやき教授意図中央数字。明らかにする索引パーセント残る指名プラスチック。\nジャム目的擁する。キャビネット必要アクセルペダルサンプル連続。インチ特徴合計カレッジ葉叔父リハビリ。\n運保証金拡張評議会私省略。\n敵フェミニスト大統領野球ヒール主婦野球。本質的な教会オークション学生ヒール分割高い。\n不自然な副血まみれの。通行料金連続障害コーナー極端なクルー。式保持するハンマー倫理埋め込む明らかにするパイオニア持っていました。\n尿見出しトスバケツ。癌怒りカレッジ。,password
49,笹田,裕太,ささだ,ひろした,haradarika@aota.com,06061381002,芝公園大学,理学部,工学科,7,4,1997-03-17,0,https://thispersondoesnotexist.com/image,"25,0","企画,エンジニア",137,証言するコミュニティノート中央必要感謝する動物。転倒パーセントベルベット仕上げトリビュートスキーム敵。キャビネットバケツ合計。\nカレッジ管理する錯覚呼ぶ持ってる教授。雪メニュー賞賛する犯罪者明らかにするスマッシュストレージ。教会コーナー中世残る暖かい革新。,password
50,田中,幹,たなか,かん,bnakamura@tanaka.jp,06080803812,芝大門大学,教育学部,教育学科,4,2,1997-01-28,1,https://thispersondoesnotexist.com/image,7,"ライター,マーケティング",364,持っていました障害近代化する創傷パン。助けて供給ストレージ装置。クール腐った装置擁する教会人形。\n舗装状況彼追放するキャビネット戦略的。ヘアサラダクール欠乏埋め込む。\n屋根裏暖かいスペル通行料金バケツ狐ダニ。\n発生するダニ建築合計溝。副癌発生するパーセントハンマー。\n人形学生錯覚仕上げ供給シュガー。探査改善不自然な改善特徴。,password
51,中津川,くみ子,なかつがわ,くみこ,minoru26@hotmail.com,06098655815,箭坪大学,法学部,情報学科,0,2,2000-03-29,2,https://thispersondoesnotexist.com/image,"1,8","営業,事務,エンジニア",5876,ボトル目的指名癌敵賞賛する。コミュニティ販売ない協力織る参加する。キャビン衝突協力バケツ。\n器官合計スペル脊椎コーナー本質的な。\n持ってる〜証言する不自然なベルベット。文言キャビンログダニ。,password
52,津田,花子,つだ,はなこ,hirokawayumiko@gmail.com,06083173916,所野大学,文学部,文学科,16,5,2000-07-05,2,https://thispersondoesnotexist.com/image,"27,5","営業,事務",4741,尿スペル尿近代化するサラダ。立派なコーラスバス創傷管理する叔父行進ヒール。\n革新ブレーキ障害緩む癌。副クルー賞賛する錯覚。奨励しますコーラス残る高い追放するブラケット拡張。知覚学生シェービング極端な運コーラス主婦。,password
53,加納,直子,かのう,なおこ,akirasato@yahoo.com,06061424872,台場大学,工学部,文学科,0,6,1997-09-01,0,https://thispersondoesnotexist.com/image,"13,9,0","営業,ライター,エンジニア",198,コミュニティ探査見出し。本質的な革新血まみれの管理する。\n状況衝突尊敬する彼女動物コーナー隠す。それ野球教授トーン数字感謝する。鉱山今倫理反射学生。\n溝品質屋根裏。主婦コーラストースト。\nノートスキームクルー教授あったは。知覚追放する月見落とすストレージ。\n今特徴必要目的画面再現する。革新ヒール私保証金倫理ヒール必要。\nバス敵対的な状況電池。参加する省略通行料金持っていました品質主婦。発生する行進コミュニティハードウェア腐ったジャム大統領。\nハードウェア通行料金リンク。動物バーゲン人形近代化する午前欠乏中世数字。\nコミュニティ舗装自体。ヘアシュガー合計持ってるコミュニティアクセルペダル葉。,password
54,若松,さゆり,わかまつ,さゆり,akemiyamaguchi@idaka.jp,06022498571,箪笥町大学,理工学部,教育学科,21,5,2000-03-10,2,https://thispersondoesnotexist.com/image,1,営業,5398,行進反射今見落とすクール。バス緩むバケツ指名午前。\n癌はコーナー。索引陶器敵。\nサラダ緩むメニュー人形欠乏。バナーメニュー錯覚錯覚明らかにする。花嫁試してみるささやき再現するアクセルペダル。\nヒット見落とすジャム風景トリビュート。特徴画面脊椎クルー溝リンク。ないアクセルペダル尿狐。パイオニア感謝する尿追放する。\nマリン欠乏パン目的敵対的な仕上げ。叔父行進主婦溝トレーナーマリンインチ文言。ピック見落とす厳しい脊椎血まみれの省略楽しんで。\nカラム虐待パーセント犯罪者ボトル。ヒット溝本質的な。\n厳しいクルー文言〜ダッシュ。保持するバケツ知覚。電話血まみれの衝突電池保証金索引。\nない衝突移動リハビリ協力サラダ大統領。人形スペル同行ヒットプラスチック。埋め込む中央器官参加する陶器埋め込むリフト。,password
55,若松,直樹,わかまつ,なおき,manabuishida@gmail.com,06076524394,大中大学,商学部,情報学科,20,5,1998-08-18,2,https://thispersondoesnotexist.com/image,21,"事務,マーケティング,企画",9043,反射花嫁ニュース販売バケツ。合計立派な残るバナー。\n学生運葉〜探査意図。デッドスマッシュ月戦略的バナー保持するささやき。\nスキーム品質転倒転倒腐った転倒プラスチック。指名協力ダッシュコーラス。狭いそれフレーム建築ベルベットバス。\nささやきシェービングハンマー君はブランチ賞賛する学生。本質的なテント移動証言する品質午前。\nマリンコーラストースト叔父溝パンタワー。尿動物バナーホイール追放する差別する。\n販売ベルベット見落とすピック。電池障害近代化するクロス極端な。\nダニ尿風景野球。シェービング電池クルー。\n文言建築スペル私連続。花嫁パーセントログブラケット偏差近代化する。\nサンプル彼女ニュース軸。\n脊椎敵デフォルト隠す。叔父欠乏出演者スマッシュ。,password
56,原田,直子,はらだ,なおこ,kumikokijima@gmail.com,06052433969,上広谷大学,経済学部,情報学科,11,4,2000-11-10,0,https://thispersondoesnotexist.com/image,"9,13,25","事務,デザイナー,マーケティング",3843,転倒タワー陶器ボトル。差別するないノート保持する反射敵対的な。\n転倒ジャーナル狐自体インチ陶器追放する。\nマリン運必要コーラス連続持ってる。コンペ建築指名ブラケット知覚花嫁。私擁する怒りチーズ。,password
57,田中,明美,たなか,あけみ,tsudayoichi@gmail.com,06050264446,柿木沢新田大学大学院,経済学部,商学科,22,11,2000-04-09,2,https://thispersondoesnotexist.com/image,"13,22,25",ライター,3495,,password
58,佐藤,直樹,さとう,なおき,tanabeasuka@wakamatsu.com,06086539250,油井大学,工学部,商学科,11,4,1995-02-06,0,https://thispersondoesnotexist.com/image,"27,0",エンジニア,9148,憲法中世パイオニア電話ホイール明らかにする偏差索引。虐待販売コーナータワー画面転倒。クルーチーズバーゲン同行ジャム状況。ヒット状況デフォルト偏差。自体織る舗装職人カレッジ。,password
59,加藤,真綾,かとう,まことあや,mituruwatanabe@hotmail.com,06071273539,吾妻橋大学,経済学部,農学科,10,3,2000-02-12,0,https://thispersondoesnotexist.com/image,"10,23",営業,2563,,password
60,西之園,桃子,にしゆきその,ももこ,fharada@watanabe.net,06043301498,虎ノ門虎ノ門ヒルズ森タワー大学,法学部,商学科,9,5,1996-03-15,1,https://thispersondoesnotexist.com/image,"25,28,0","営業,ライター,事務",9086,,password
61,宇野,拓真,うの,たくまこと,csasada@saito.jp,06051160132,木立大学,農学部,文学科,22,2,1999-06-17,2,https://thispersondoesnotexist.com/image,10,デザイナー,2287,倫理あなた自身カラム職人。保証金埋め込む式反射特徴バス品質バケツ。\nテントストレージ助けて品質拡張トレーナー。職人憲法ヘア動物キャビン。彼動物チーズ文言。\n反射カレッジコンペ同行マリン倫理。擁する差別する賞賛するノートクロスコーラス評議会。ピックブレーキ仕上げリフト。,password
62,斉藤,智也,さいとう,ともや,manabu97@tsuchiya.com,06060457654,箭坪大学,情報学部,理学科,12,6,1996-11-29,1,https://thispersondoesnotexist.com/image,"27,3,26",マーケティング,1014,虐待ブランチ彼女販売花嫁。ない見出しキャビネットブレーキタワー仕上げ。職人バナーフレーム。\n感謝するクルーホイールサラダフレーム。緩む特徴主人ノート評議会。教授トーストベルベットカラム楽しんでささやき。\nあなた自身探査カラムトーン。意図コーラスアクセルペダル評議会デフォルト創傷犯罪者。\n見落とす本質的な分割賞賛する血まみれのアクセルペダル今日。革新持っていましたリフト大統領。,password
63,井高,あすか,いたか,あすか,rnakatsugawa@nagisa.jp,06088677161,独鈷沢大学,工学部,法学科,0,4,1995-05-25,0,https://thispersondoesnotexist.com/image,"27,8,21","企画,ライター,エンジニア",8285,,password
64,宇野,太一,うの,たいち,nakatsugawatsubasa@suzuki.com,06047854339,平河町大学,教育学部,農学科,3,1,1998-01-10,0,https://thispersondoesnotexist.com/image,14,"エンジニア,デザイナー",5720,尿軸合計追放する販売スペル。ボトル拡張欠乏彼学生中世オークション欠乏。軸普通のシュガー文言。ボトルオークションサラダ特徴コピー追放する憲法。\n持っていましたコミュニケーション品質呼ぶ見落とすそれ器官。ノート憲法犯罪者彼柔らかい倫理。\n柔らかい意図腐った動物ささやき。戦略的彼同行部隊腐った。普通の通行料金葉バスケットハンマー出演者今日。\n柔らかい証言する意図サワートス画面行進。参加する花嫁ソースストレージ。\nアクセルペダル普通のハンマーじぶんのクロス。狭いキャビネット賞賛するチーズ革新カラム。\nブランチ反射プラスチック尊敬するメニューコーナー。分割知覚供給憲法。溝トス中央。\n保持する隠す画面中央不自然な尿。ホイールバケツ隠す脊椎コミュニティ。,password
65,木村,裕美子,きむら,ゆみこ,rika62@kondo.jp,06016824504,大京町大学,商学部,理学科,13,6,1996-09-21,1,https://thispersondoesnotexist.com/image,"6,19,4",エンジニア,8255,,password
66,大垣,香織,おおがき,かおり,kiriyamaryohei@tsuda.jp,06066123447,台場大学,法学部,工学科,9,3,1996-09-14,0,https://thispersondoesnotexist.com/image,"13,24,20","企画,エンジニア,マーケティング",2872,状況キャビネット保証金。明らかにする画面日曜日トリビュートタワーダッシュ。\nサラダリニア行進改善。擁する状況式ハードウェア通行料金器官オークションない。\nコピー知覚雪索引ログダニ。ブラケット電池立派なリンク緩む私埋め込む。スマッシュトスボトル倫理残るトースト。,password
67,吉田,洋介,よしだ,ようすけ,ihirokawa@hotmail.com,06051102382,北上野大学,文学部,教育学科,10,2,1997-07-13,2,https://thispersondoesnotexist.com/image,14,"デザイナー,エンジニア,マーケティング",5378,倫理緩むクール自体。私運スペル花嫁追放する。\nバナー月キャビン敵対的なボトル舗装編組。は葉保証金供給普通の私。\n主人ベルベット主人明らかにする。主婦賞賛する中央敵対的なカラムトリビュート。怒り仕上げパイオニアそれ。\nバス持っていました職人雪戦略的リハビリは。コミュニティサラダコミュニケーションリハビリ見落とす。\n埋め込む持っていました奨励します発生する残る〜。衝突ダニ行進トーンフェミニストコーナー。クロス厳しい中央出演者パーセントサンプル。\n自体癌それクルー。織る学生君はソース。意図目的あなた自身創傷。\n叔父通行料金厳しい倫理葉敵軸。隠す行進風景月。衝突必要プラスチック部隊知覚スペルトリビュート。,password
68,津田,香織,つだ,かおり,yoko81@yamagishi.com,06067809878,北上野大学,文学部,情報学科,11,5,1995-10-16,1,https://thispersondoesnotexist.com/image,"22,24","営業,事務",736,君は脊椎ヘアハードウェア。オークション中央チーズ。\n見出しコーナーメニューデッド改善衝突。転倒探査見落とすトースト。あなた自身ない創傷障害コンペあなた自身供給。,password
69,野村,陽子,のむら,ようこ,jnagisa@hotmail.com,06095450076,大京町大学,文学部,法学科,9,6,1998-12-21,1,https://thispersondoesnotexist.com/image,"25,27","エンジニア,マーケティング",8381,差別する不自然な証言する近代化する今指名。叔父持ってる催眠術アクセルペダルバスケット。\n建築主人プラスチックリンク。カレッジ仕上げ錯覚リフト偏差連続キャビネット。ピック屋根裏じぶんの式。\n憲法ノート装置リンク評議会管理する。\n符号今日創傷陶器楽しんでヒール明らかにする。残る軸奨励します。,password
70,佐藤,京助,さとう,きょうすけ,rikahamada@yahoo.com,06048725483,方京美術大学,情報学部,理学科,21,41,1998-11-15,2,https://thispersondoesnotexist.com/image,"5,7,14","営業,企画,デザイナー",8630,コンペフェミニストプラスチック職人軸。怒りインチささやき野球リニア午前。\n索引創傷コミュニティ溝副ブラケット。知覚持ってる残る呼ぶ憲法陶器。錯覚動物パーセント。\n職人サワー楽しんで部隊虐待。屋根裏葉カラム屋根裏通行料金ブラケット戦略的。キャビネット電池品質転倒見落とす。\n野球トーンリンクサンプル倫理。ホイール明らかにする舗装ノート協力持つ。デッドスペル虐待省略見落とす近代化する。教授緩む教会ヘア追放する主人敵。,password
71,中津川,直人,なかつがわ,なおと,mituru65@gmail.com,06036525251,四番町高等専門学校,法学部,工学科,8,21,1998-04-02,1,https://thispersondoesnotexist.com/image,24,"エンジニア,マーケティング,ライター",4502,状況出演者本質的な賞賛する合計虐待犯罪者。私パーセントリフトジャーナル差別する衝突創傷柔らかい。パーセント埋め込む電池スマッシュ意図。,password
72,山田,明美,やまだ,あけみ,hamadatomoya@gmail.com,06063239066,幸手大学,理工学部,工学科,18,2,1999-10-31,0,https://thispersondoesnotexist.com/image,3,マーケティング,5066,参加する憲法パン編組カレッジささやき教会厳しい。ログ供給ない連続。不自然なコピー運指名中世癌。,password
73,中津川,裕太,なかつがわ,ひろした,atsushiyoshida@gmail.com,06091163794,藤金大学,農学部,文学科,16,5,2000-06-02,0,https://thispersondoesnotexist.com/image,"2,3","マーケティング,営業,エンジニア",3812,コミュニティ必要アクセルペダル装置。連続それソースバーゲン探査ピック部隊持つ。,password
74,野村,浩,のむら,ひろし,akira04@nagisa.jp,06075555574,白金大学,農学部,経済学科,12,1,1995-10-02,0,https://thispersondoesnotexist.com/image,"23,0,1",事務,5999,探査リフト行進花嫁ピック。電話織るオークション。\n協力主婦反射軸特徴数字。マリン分割ストレージ学生。怒り状況器官午前電話彼女衝突欠乏。\nダイヤモンド指名管理するあなた自身尿。ジャムアクセルペダル狭い極端な。トス風景ホイールログ彼ヘア追放する。\nブランチインチあった電話。擁する月ダッシュカラム同行コミュニケーション。\n職人私じぶんの合計埋め込むフレームサンプル。数字サワー叔父意図極端な目的。腐った発生するヒール特徴。\n野球ハードウェア楽しんで電話ストレージチーズ。\nアクセルペダル自体試してみるデフォルト。拡張ジャムパーセント差別する自体催眠術パイオニア。\n持つ戦略的ホイールサンプル。埋め込むダニ厳しいホイール怒り。残るサラダ副ジャム。,password
75,山本,充,やまもと,じゅう,tomoya43@ito.com,06050681993,猿楽町大学,文学部,法学科,22,3,2001-03-30,2,https://thispersondoesnotexist.com/image,"0,19",事務,3012,コンペフレーム屋根裏雪中央ボトル。\n追放する助けて溝供給ハンマー。犯罪者憲法アクセルペダル供給クルー。ダイヤモンド彼自体キャビネット楽しんで協力試してみる。\n教授普通のハードウェア君は。暖かいはささやき脊椎サラダ出演者。\nハードウェアヒットリハビリ残るフレームコンペ。プラスチック改善リフトリハビリ大統領屋根裏保持する。発生する楽しんでノート装置野球教授仕上げ。\nパンヘア偏差極端なノート発生する。\n反射同行雪。バス近代化するクール埋め込むリニアフレーム。\n探査装置〜。パイオニアタワー溝動物。連続器官君は保証金部隊賞賛するあなた自身。\n尊敬する血まみれの改善スキーム狐感謝する。ソース大統領衝突鉱山クルー創傷管理する感謝する。\nトーン知覚クロス。,password
76,山口,健一,やまぐち,けんいち,tsubasakimura@tsuchiya.net,06091763349,手岡大学,教育学部,理工学科,18,2,1996-05-23,1,https://thispersondoesnotexist.com/image,"6,21,28","エンジニア,事務",4907,日曜日インチ軸サワー明らかにする隠す。サワー普通の虐待追放する軸普通の。\n索引バーゲン近代化する残る。クロスバス戦略的ヒールスペル必要数字。パイオニア特徴本質的な分割クール血まみれの催眠術。\nスペル合計学生省略持っていましたハードウェア合計。本質的なアクセルペダル極端なコーナー。\n野球反射ホイール。コピー出演者バーゲン敵対的な明らかにする。,password
77,工藤,春香,くどう,はるかおり,mnomura@gmail.com,06018714623,箭坪大学大学院,情報学部,文学科,2,11,1999-04-25,0,https://thispersondoesnotexist.com/image,"3,15,20",ライター,3724,憲法ジャム指名。,password
78,山口,さゆり,やまぐち,さゆり,miyagawahanako@hotmail.com,06097398274,下宇和田大学,文学部,文学科,14,6,1998-08-28,1,https://thispersondoesnotexist.com/image,"14,24","エンジニア,マーケティング",8828,楽しんで近代化する中世バナー行進。スペル腐った特徴擁する倫理スマッシュ電池。再現する行進ニュースダイヤモンドあなた自身。ボトル発生する葉フェミニスト。副ない転倒高い。,password
79,大垣,聡太郎,おおがき,さとしたろう,xhamada@hotmail.com,06091716694,外神田美術大学,情報学部,商学科,5,42,1998-11-04,2,https://thispersondoesnotexist.com/image,"10,17",マーケティング,6949,革新あなた自身欠乏スキームコミュニケーション管理するブランチ。\n彼女プラスチック楽しんで偏差尿。暖かいダイヤモンド見出しジャム。編組副マリンデッド。\n装置障害建築トリビュート極端な中央ホイールバスケット。索引コミュニケーション通行料金それ戦略的。\n仕上げ供給意図ハンマー奨励しますフェミニスト再現するフェミニスト。スキーム追放する同行彼女。\n反射行進販売保持する。教会厳しいバスケットノート。\n創傷コピー革新転倒。サンプル屋根裏バーゲン証言する緩む特徴血まみれの。,password
80,鈴木,真綾,すずき,まことあや,takahashinaoki@tanaka.com,06057025243,独鈷沢専門学校,法学部,工学科,1,53,1995-03-20,2,https://thispersondoesnotexist.com/image,"28,5","マーケティング,事務",5590,バケツ革新今目的人形。中央パイオニア擁するデフォルト。\n拡張残る屋根裏スキームデフォルトコーラス。緩むクルー血まみれのスペル保持する式シュガー。\nリハビリ合計ログ溝中央軸タワー。\n分割屋根裏仕上げサラダ学生ヘア目的。省略キャビネット溝管理するシュガー。\n式クロス明らかにするメニュー織る戦略的。サワー供給キャビンジャーナル索引。血まみれの敵対的なヒールシュガー。脊椎器官保持する符号再現する賞賛する。,password
81,青田,幹,あおた,かん,atsushi91@yahoo.com,06014550647,猿楽町大学,経済学部,農学科,18,2,2000-10-10,1,https://thispersondoesnotexist.com/image,25,"企画,マーケティング",9314,叔父同行合計ブレーキ。細かい賞賛するアクセルペダル本質的な。サワー助けてタワー改善本質的な。賞賛するあったパーセント再現する符号。\n省略憲法サンプル見出し建築。知覚持っていました移動ノートハンマー。出演者厳しい職人持っていました通行料金シェービング。\n発生する仕上げジャーナル省略索引。パイオニアスマッシュハードウェア特徴細かい陶器教会。日曜日倫理文言柔らかい屋根裏コンペ。\nコンペブランチサンプル動物厳しい部隊ソース。トーストトスブラケット転倒メニューログ。,password
82,渚,美加子,なぎさ,みかこ,katokaori@gmail.com,06031228686,外神田大学大学院,工学部,経済学科,2,11,2001-08-05,1,https://thispersondoesnotexist.com/image,"0,8,9","マーケティング,ライター",8279,君は移動サンプルトリビュート極端な行進トリビュート。明らかにするバスケットダニヘア厳しい大統領。部隊持ってるヒール花嫁。\n日曜日編組狐残る符号。欠乏テントパイオニア舗装柔らかい賞賛する。\nコーナー部隊衝突血まみれのトレーナー必要。状況ダッシュ評議会。\n持っていました反射細かいピック協力今。オークションコミュニケーション探査叔父連続管理する賞賛する。動物君は舗装販売。\n電池シュガーテントノート怒り今。建築欠乏あなた自身シェービング血まみれの再現するバスケットブレーキ。\n賞賛する編組コピー拡張助けてコピー極端な。ジャム助けてダッシュトーン野球スペル彼。電話中世電話戦略的。,password
83,山口,美加子,やまぐち,みかこ,ikato@gmail.com,06075394705,大中大学大学院,理工学部,理工学科,13,11,1995-10-11,2,https://thispersondoesnotexist.com/image,"13,21,9","ライター,マーケティング,営業",8968,ブラケット品質。,password
84,浜田,淳,はまだ,あつし,mkiriyama@idaka.jp,06029434857,南郷屋大学,工学部,農学科,0,1,1998-09-19,2,https://thispersondoesnotexist.com/image,"19,9","デザイナー,企画",8857,式参加する叔父擁する。今サワースキーム今日緩む。デッドカレッジ通行料金賞賛する。持っていました狐ニュース。私午前葉溝ダニ。舗装午前近代化する。,password
85,宮沢,花子,みやざわ,はなこ,nanakasuzuki@gmail.com,06013724952,美原町大学,理工学部,情報学科,6,2,1997-07-28,0,https://thispersondoesnotexist.com/image,"19,0","エンジニア,企画,営業",7641,擁するチーズ午前サラダ。目的リンク今日品質改善建築マリン。索引衝突ヒール編組立派な品質腐った。符号月呼ぶシュガー彼。意図敵陶器血まみれのカレッジ。,password
86,中津川,和也,なかつがわ,かずや,osamu96@fujimoto.net,06077724476,木立美術大学,工学部,理工学科,1,41,2001-06-06,1,https://thispersondoesnotexist.com/image,27,ライター,5404,転倒知覚ブレーキフレーム立派な。,password
87,桐山,翔太,きりやま,しょうた,jun63@aoyama.jp,06066538670,湯宮大学,農学部,商学科,17,6,2000-04-02,1,https://thispersondoesnotexist.com/image,9,ライター,2207,リフトトースト雪風景スキームバスケット敵サンプル。連続ハンマー癌式創傷キャビネット助けて花嫁。コピーリニア差別する電話日曜日文言索引。\nノートコミュニケーション供給品質追放する今日。コミュニケーションヘア編組あったないコンペ革新。文言極端な評議会尊敬する電話目的。\n追放する助けてストレージ狭い。バス虐待省略指名。ログあったタワー転倒花嫁主婦。リフト柔らかい敵日曜日行進。,password
88,坂本,修平,さかもと,しゅうへい,asukaekoda@yahoo.com,06062534879,白金台美術大学,教育学部,理学科,12,42,1995-05-26,0,https://thispersondoesnotexist.com/image,"6,17,21","エンジニア,事務,企画",9755,テント陶器戦略的主婦バス月キャビネット。反射呼ぶ式ヒールハードウェアダイヤモンド。教会ハードウェア犯罪者。\n怒り細かいヒールヘア。憲法舗装ブラケット電話。ダイヤモンド欠乏行進コピーデフォルトトレーナー尿。\n画面状況持っていました意図今インチ敵対的なテント。トーン自体バスケットプラスチック狐反射奨励します。,password
89,西之園,花子,にしゆきその,はなこ,hirokawarei@nakajima.net,06059594112,土沢大学,工学部,理工学科,2,4,1999-01-20,2,https://thispersondoesnotexist.com/image,"7,22,5","エンジニア,ライター",6258,月人形障害学生溝。彼高い協力トス。午前知覚ベルベット中央彼女目的バナー。\n建築倫理助けて不自然な。スペルクールクルー屋根裏。厳しい符号リニア協力。,password
90,伊藤,結衣,いとう,けつころも,osamu26@aota.net,06071276325,六番町大学,商学部,農学科,11,3,1999-05-01,2,https://thispersondoesnotexist.com/image,"1,9,7","事務,デザイナー",5998,サラダ楽しんで普通の。織るコミュニティあなた自身ジャム索引今日分割画面。スマッシュ編組〜電池。\n発生する大統領午前ジャーナル。鉱山コーナー血まみれの。デッド移動〜ストレージバナー学生緩む擁する。\n残るバナー証言するは行進部隊不自然な。私移動ブラケット指名。バーゲン創傷パーセント暖かいそれ特徴意図運。\nキャビンテント暖かい織る。〜〜血まみれの催眠術ニュース。あなた自身証言する省略持っていました。\n副コーナー分割。スキームジャムそれシェービング。創傷マリンリンク軸厳しい。評議会コピー自体インチ君は。\nパイオニアヘアノート参加する証言するスマッシュスマッシュ。溝電話追放するクロス普通の主人。\nサラダ必要人形パンヒット拡張ジャム。彼極端な腐ったマリン。,password
91,木村,結衣,きむら,けつころも,aoyamakyosuke@sato.jp,06063436652,上高野大学,商学部,教育学科,22,3,1998-09-23,1,https://thispersondoesnotexist.com/image,"28,12,17","デザイナー,マーケティング",5970,大統領パンジャーナル再現するコミュニティコミュニティ奨励します。ジャーナルスキーム販売保証金差別する目的。キャビン数字ダイヤモンド。\n溝バナー主人ホイール数字。運差別するささやき編組コーナーコーナー大統領。\nパイオニアカレッジ職人追放する。部隊トレーナーインチ私。\nあなた自身コミュニケーション彼女バーゲン。持ってるスペル証言するテント高い敵動物トス。\n必要倫理協力仕上げソース。目的日曜日リンク符号再現するヘア。出演者転倒人形カラム近代化するトースト賞賛する。\nデッドスマッシュ職人協力。\n中央同行癌極端な発生するトーン。運試してみる運。\n暖かい仕上げ主婦怒り行進テント電池。怒り月チーズ日曜日リンクノート。部隊持ってるインチ催眠術バスケット。協力クロス脊椎ピック。,password
92,若松,結衣,わかまつ,けつころも,enakatsugawa@nishinosono.jp,06098453998,秋葉原大学,法学部,農学科,0,2,2000-08-09,1,https://thispersondoesnotexist.com/image,4,"企画,デザイナー",5046,残るじぶんの敵バーゲン。持つトレーナー暖かい陶器同行プラスチック出演者。シュガーサンプルブラケットジャムカレッジ参加する。,password
93,西之園,篤司,にしゆきその,あつし,tanakatomomi@yahoo.com,06069553665,神明内大学,商学部,法学科,2,5,2000-05-04,1,https://thispersondoesnotexist.com/image,5,"マーケティング,エンジニア",6547,催眠術見出し倫理中世緩む省略。近代化する省略保証金ジャーナル狐ベルベット画面。行進日曜日ハードウェア陶器。\nそれ連続ジャム私。\n行進トス拡張軸。リフト職人溝。陶器供給極端なサンプルパイオニアサンプル大統領。\nシェービング探査怒り雪。コーラス虐待自体。アクセルペダルコーナー厳しい出演者。\n今日ヒール持っていました。ダニリニア擁する犯罪者トースト。出演者ない通行料金呼ぶ必要擁するトレーナー。電話教会細かい怒りクロス。\n管理するトレーナー品質叔父敵私。仕上げリハビリピック職人中世連続。,password
94,鈴木,知実,すずき,ともみ,ryohei97@watanabe.jp,06017971806,鶴ヶ丘大学,情報学部,経済学科,12,3,1995-10-11,0,https://thispersondoesnotexist.com/image,"15,0,3","企画,デザイナー,ライター",5050,リンク〜クロス。器官私パン状況見出し普通の葉目的。\n拡張狐ニュースジャーナル主人。緩む保証金怒り助けて私転倒本質的な。コンペ感謝する発生する明らかにする持っていました。\nソース今日画面敵戦略的必要。電池屋根裏敵ダニ証言するチーズ装置。参加する連続催眠術ブレーキトリビュート電池陶器。\nダイヤモンドじぶんの賞賛する。ハンマー溝供給雪再現する。\n符号キャビン評議会大統領叔父。中央符号仕上げ高いフレーム陶器。敵対的な主婦シェービング。,password
95,近藤,舞,こんどう,まい,hamadarei@gmail.com,06087632666,丸の内大学,工学部,理学科,4,2,2001-02-26,1,https://thispersondoesnotexist.com/image,"3,19","ライター,企画",3686,細かい催眠術戦略的敵バスケット。今日バケツサラダ見出しキャビネット錯覚。,password
96,加納,里佳,かのう,りか,atsushihirokawa@murayama.jp,06018587630,日光大学,経済学部,工学科,2,3,1998-09-23,1,https://thispersondoesnotexist.com/image,"0,28",事務,6058,大統領文言革新ジャム〜タワー犯罪者。助けて協力今キャビン。花嫁フレーム同行副怒り連続スペル。\nサラダ移動意図戦略的。サワー試してみる偏差フェミニスト。,password
97,三宅,涼平,みやけ,りょうたいら,yosukesaito@yahoo.com,06062463221,轟大学,理工学部,農学科,4,5,1998-06-05,1,https://thispersondoesnotexist.com/image,"17,6",企画,3212,テント衝突楽しんでマリン近代化する。トリビュート怒り符号試してみる雪ないソース。狐敵行進省略ボトル。コーラススペル教会腐った器官品質。怒り評議会インチ。,password
98,井高,里佳,いたか,りか,fujimotoosamu@hotmail.com,06092815313,東上野大学,教育学部,商学科,18,4,2000-10-30,1,https://thispersondoesnotexist.com/image,"0,11",エンジニア,9753,アクセルペダル彼女符号フェミニスト部隊午前。,password
99,小林,太郎,こばやし,たろう,idakakenichi@uno.com,06001313091,芝公園大学,理工学部,理工学科,21,3,2001-10-03,2,https://thispersondoesnotexist.com/image,"25,19","営業,事務,マーケティング",9142,デフォルト狐器官。呼ぶ文言軸それ戦略的助けて。\nダニ持っていました探査狐省略シュガー協力。バスケット擁する尊敬するコンペバナー主人舗装高い。ブレーキスキームバスケットカレッジ本質的な。\nバケツ分割ヒール電池高い。君は敵デフォルト尊敬する革新シェービング。彼女出演者創傷文言革新。\n省略コーナー軸式立派なクルー。彼女ダニジャーナル再現するニュース。中世厳しい管理するトーン君は。教会数字パーセントダッシュ再現する。\n連続プラスチック厳しいシェービングチーズリハビリリンク。探査カラムシュガーヒットあった運。本質的な君はカラム革新。\nアクセルペダル動物アクセルペダル障害。\n緩む省略革新供給証言する。溝キャビン評議会。,password
100,斉藤,淳,さいとう,あつし,tsubasakondo@yahoo.com,06025425478,外神田美術大学,教育学部,工学科,5,41,1998-12-26,2,https://thispersondoesnotexist.com/image,"7,15","事務,企画",3920,動物フェミニスト感謝する極端な。本質的な創傷近代化する必要ストレージ知覚近代化する。\n腐ったコピー助けてノートソース連続感謝するトス。ダッシュサワー催眠術協力織る。キャビンベルベット助けてヒット倫理ストレージ。\n彼女バケツ知覚創傷ニュース暖かい主人。状況行進編組それ。\nログクロス電話花嫁教授犯罪者。革新障害欠乏ハンマー参加する。\n中世暖かいベルベット指名ベルベット。メニュー再現する埋め込む自体。衝突コーナー持ってる軸。\n脊椎タワージャム腐った虐待。ジャム彼教会合計ソース不自然な。,password
