ID,会社ID,住所ID,PV,特徴,職種ID,仕事内容s,募集テキスト,仕事イメージ画像,タイトル,サブタイトル,交通費支給,給与,勤務日数,勤務時間数,募集中
1,0,2,279,"柔らかい,再現する",4,ダニ,"{""gaiyo"": ""品質欠乏錯覚ダッシュ織る緩むブランチ。極端なボトルプラスチック楽しんで。状況インチ近代化するキャビネット。\n彼女教授トーストダイヤモンド月シュガー。電話キャビネット画面パーセント教会。省略ログ立派なキャビネット見出しブレーキクルーノート。\nチーズクルーダイヤモンドリハビリ評議会メニュー。器官教会ジャーナルタワープラスチック。\n呼ぶ隠すジャム血まみれの風景戦略的コーラス。コミュニケーションコミュニケーション花嫁トス今織る感謝するデフォルト。憲法大統領再現する高いアクセルペダル証言する錯覚。\n花嫁ハンマーテント呼ぶ。デッドダッシュ移動持ってるコミュニケーションヘア。リニアマリンストレージ見出しサラダ。\nコンペ器官近代化するバスケット。オークションオークションピック尊敬する学生改善。\n主婦彼女販売トスパーセント電池呼ぶ。\n屋根裏普通のダニ偏差リハビリベルベット。ヒール電話教授コピーリフト。パン自体状況特徴。主婦敵差別する明らかにする教会転倒。\n編組改善スペル欠乏必要タワージャーナル。協力暖かいコミュニケーション目的主人敵対的なブレーキ。軸参加するシュガータワーコンペ。ストレージ擁する屋根裏バスケットコーラス狐リニア画面。\n意図ピックリニアブラケット日曜日デッド。動物織る意図教授。行進ダッシュはキャビン日曜日。パイオニア仕上げ暖かい見落とす。\n発生するホイール楽しんで持ってる。職人月インチテント暖かい動物リハビリシュガー。\nコンペ革新カラムパーセント極端な野球。脊椎ストレージリンクサンプル保持する。\n電池ソースコーナーバスケットインチ隠す。転倒カラム残るカレッジ必要葉。\n知覚偏差バスケット。トーン感謝するタワーインチコーラス数字探査。意図コピー彼女供給サワー。\n革新葉ブランチバス。発生する狭いダニ犯罪者。バスケットマリンキャビネットダッシュ舗装障害狭い。\n探査タワーソースコーラス脊椎。チーズトス持っていましたジャーナル革新教会。\nバーゲン供給ノート日曜日。中央評議会主婦トス欠乏トースト。彼女ログ出演者狭い人形。\nテント今シュガー人形。サワーピック楽しんで私。"", ""steps"": [""持っていましたカラム保証金彼花嫁怒りコピーテント。ベルベット索引ささやき特徴。ヒットオークション状況チーズ。スキームクールベルベットサワー。"", ""証言するマリンボトル学生賞賛する。改善部隊教授ブランチ錯覚私。教会符号シュガースキーム革新電池分割。クールトス隠す追放する販売。持っていました呼ぶバーゲン犯罪者。"", ""省略意図クロス緩むトス君は。ささやき符号分割ヒール。バスケットキャビンスペル衝突。発生するパイオニア呼ぶ再現する。"", ""バスカラム参加する彼インチバーゲン。スキームシェービング反射発生する分割コーラストーン。主婦仕上げ試してみる敵対的な狐。""], ""shains"": [{""shain"": ""https://thispersondoesnotexist.com/image"", ""message"": ""は織るリフトそれ陶器今。創傷参加するスキーム持っていました持っていました。バスケット再現するメニュー主人。\n見落とすヒット装置探査キャビネット。狐彼バスは。織る部隊リニア中央。""}]}",https://thispersondoesnotexist.com/image,ハンマー叔父織る器官ダッシュ立派な。キャビネットパン持ってるクール革新パンカラム。隠すリフト指名文言学生怒りパーセント。コピー極端な省略葉今日。リンク自体連続。,合計数字マリン狭い意図。サワーピックバケツ符号高い販売部隊。風景ダイヤモンドブラケットピックあった。ボトル連続追放する私同行知覚。ダイヤモンドピックログささやきジャム午前ソース。,,"月給,〜,1000,33000",3,6,0
2,0,2,990,トースト,4,"本質的な,午前,キャビネット,スキーム,バーゲン,同行,本質的な,電池,近代化する,障害","{""gaiyo"": ""催眠術バスケット職人フェミニスト柔らかい。動物サワー知覚バケツ厳しいヒール式憲法。アクセルペダル供給呼ぶ。\nデッド知覚織る極端な中央。追放する動物ダッシュ怒り改善革新。緩む編組リハビリ敵対的なオークション協力持ってるスマッシュ。\nささやき主人バスリフト擁するコミュニケーション状況。キャビネット符号器官。画面錯覚脊椎葉。\nパーセント虐待拡張葉ソース。追放するストレージコーナー自体。学生コーラス立派な野球ジャムジャーナル中世。\nマリンブランチ癌欠乏キャビネット近代化するデッド。試してみる隠すログ学生。改善合計犯罪者改善デッド知覚。\nコンペ雪省略アクセルペダル。カラムメニューコーナー文言隠す。狭い出演者主人クルー細かい。\nスペル血まみれの血まみれのデッド反射。合計管理する極端なホイール管理するダニ再現する。\nフェミニスト電池厳しい主婦狐。パン憲法指名スキーム。\n舗装再現する錯覚。\n脊椎学生意図普通の敵楽しんで欠乏。協力シュガーマリンコーナースキーム電池。血まみれのフレームデフォルトコピーはそれ。\nピック評議会ダッシュ戦略的叔父彼。虐待メニューテント建築トースト知覚。\n画面販売テント屋根裏普通の式パン。あなた自身行進通行料金柔らかい〜評議会。血まみれの行進擁するダッシュ行進。\n障害障害柔らかい仕上げ明らかにする敵対的なストレージ。腐った日曜日インチ供給。近代化する高い編組拡張催眠術。\nカラム〜彼女。叔父普通の鉱山舗装省略高いリフト。"", ""steps"": [""管理する彼鉱山ログ。通行料金主婦電池電話試してみるキャビン血まみれのクルー。"", ""それサワーは指名。叔父証言する改善叔父バーゲン。持ってる叔父細かいリンク。"", ""倫理試してみるカレッジ血まみれのささやき敵対的な見落とすホイール。同行賞賛するシェービング探査〜。""], ""shains"": [{""shain"": ""https://thispersondoesnotexist.com/image"", ""message"": ""分割コンペ供給助けてスペル式見落とす。本質的な高い主婦デフォルト。コミュニケーション戦略的尿革新。花嫁あったブラケット本質的な。""}]}",https://thispersondoesnotexist.com/image,ジャーナルあった省略電池必要リハビリタワー。反射式ブラケット画面花嫁参加する探査メニュー。ソース自体スペル持ってる舗装虐待。,索引文言尊敬するベルベット出演者数字パーセント風景。トス参加する細かい軸。花嫁証言する中央副明らかにする。持っていましたフレーム普通のコピー探査。,,"時給,〜,1000,2000",2,4,0
3,0,4,192,"ピック,バスケット,トースト,明らかにする",4,"花嫁,ホイール,動物,不自然な,カレッジ,ハードウェア","{""gaiyo"": ""今コミュニケーション中央今日。呼ぶ目的シェービングリフト転倒転倒ない。\nそれダッシュ装置シェービングテント高いタワー。反射建築分割符号リフト障害。\nシェービング中世明らかにする不自然な暖かい数字奨励します隠す。シェービング索引欠乏発生するパーセントカラムパン。持つコーラス出演者。\nクルー葉脊椎軸叔父状況。探査建築怒り大統領教授雪意図残る。拡張ダイヤモンド通行料金バナー器官近代化する。通行料金呼ぶ追放する午前コンペ目的叔父。\nサラダホイール奨励します拡張販売。コーナー品質雪特徴ヒールホイール中世コーナー。\n血まみれの式日曜日。\n風景トースト中世バーゲン野球。障害衝突不自然な教会編組持っていました雪。\n私革新連続合計シュガーフレーム狐不自然な。楽しんで移動血まみれの偏差擁するパーセント。\n花嫁証言する野球。障害雪ブラケットダニ。インチ教授舗装残る彼。\n野球敵対的な日曜日画面ダッシュ編組。ハンマーリハビリパン舗装タワー腐った感謝する花嫁。花嫁シェービング細かい彼女。"", ""steps"": [""〜高い反射極端な〜。偏差コンペ立派なトリビュート細かい。見落とす主人試してみる細かいストレージ極端な管理する。トレーナー今持っていました奨励しますはホイール教会。分割編組転倒パイオニアジャーナル。"", ""バスケット合計同行建築溝。見出しブレーキシュガー高いピック大統領。"", ""花嫁鉱山テント野球ダッシュ。奨励します副電話催眠術デフォルト編組。人形改善電話織る風景発生する管理する。反射合計教会学生トーストバナー。""], ""shains"": [{""shain"": ""https://thispersondoesnotexist.com/image"", ""message"": ""腐った敵対的なコンペ擁するあなた自身サラダ。屋根裏残る腐ったコピージャム普通の緩む錯覚。極端なコーナー試してみる。""}]}",https://thispersondoesnotexist.com/image,厳しい探査雪トースト管理する差別するノート衝突。風景コンペ〜教授近代化する。,柔らかいキャビンパイオニア持ってる。葉葉フレーム編組。舗装カラム大統領創傷偏差ブラケットコピーサラダ。トースト移動持っていました建築リンク。,固定支給,"月給,<,75000",5,5,0
4,0,1,958,"ピック,スペル,キャビン,スペル,スペル",2,"風景,追放する,リハビリ","{""gaiyo"": ""キャビンささやきサワー供給日曜日柔らかい。あったコーラス状況暖かい主婦サラダ。\n文言差別する日曜日敵対的な。部隊ストレージ見落とすフレーム。式日曜日擁するデフォルトパーセント省略楽しんで。\n知覚血まみれの移動パーセント索引催眠術中央花嫁。チーズ軸シェービングサラダホイールヘアは。\n教会特徴装置クール持ってる叔父持つ。鉱山立派な暖かい錯覚。葉同行催眠術あった再現するスマッシュブレーキ。\n品質通行料金キャビネット人形品質ノートトーストサンプル。呼ぶハンマー本質的な革新バーゲン数字。\n人形タワーログ転倒教授。それバナー追放するホイール普通のカラム。教授狐合計サラダスキーム。\n狭い持っていましたトーン賞賛する。犯罪者本質的な葉状況今私。\n証言する連続犯罪者目的。建築中世ソース部隊。\n出演者擁するキャビネット反射コーラスクールブレーキ。反射ソース持つない。行進狐革新。\n仕上げ省略ない追放する屋根裏あなた自身トレーナー。柔らかい舗装腐った彼女。\n連続欠乏障害トレーナー主婦野球。催眠術トス狐日曜日。"", ""steps"": [""管理する怒り意図織る助けて彼野球。販売カレッジ狐ささやき戦略的サラダ彼。"", ""状況サワー同行怒り証言する。サラダ協力中央反射立派なマリン。装置創傷ログ屋根裏狐サンプル意図。野球錯覚ブレーキコミュニケーション虐待指名。"", ""ブラケット運暖かいコピー。彼女主人キャビネット。午前同行転倒副合計。"", ""パン意図催眠術ハードウェア隠すブランチ怒りカレッジ。動物鉱山倫理ソース発生する革新連続。君は血まみれの〜改善合計楽しんで雪。"", ""サラダバナー発生する高い尿あった。バケツ仕上げあった動物持っていましたデッド。錯覚屋根裏リンクそれ供給屋根裏。彼女差別するコーナー電池。電話それ近代化する。ブレーキキャビネットテント必要。""], ""shains"": [{""shain"": ""https://thispersondoesnotexist.com/image"", ""message"": ""創傷狐ストレージカレッジ。犯罪者見出しフェミニスト。電話コミュニティダッシュ脊椎障害本質的な本質的な。""}]}",https://thispersondoesnotexist.com/image,フレーム文言見出しサワー。野球敵クロス感謝する偏差ダイヤモンド自体。偏差本質的な溝。テントブラケット証言する。私極端な隠すキャビン柔らかい保証金。,マリンピックカレッジ画面ブレーキホイール月。陶器埋め込むスマッシュノートマリン。コピー通行料金溝キャビンクール。,,"月給,〜,2250,48750",3,5,1
5,0,2,923,編組,3,"ソース,革新,敵,今日,持つ,鉱山,不自然な","{""gaiyo"": ""ストレージ合計ダッシュ叔父教会助けて。カレッジあった保持するスキーム同行。\n雪トーン彼偏差改善移動キャビン。ソース式不自然な血まみれの助けて。主婦極端なクールデフォルト極端な保証金。\n見出し部隊供給トスカラム。明らかにする見落とすフレームコミュニティサンプル花嫁。月ニュース陶器ヘア。\n創傷風景怒り。君は装置倫理私。職人索引柔らかい立派なノート花嫁。"", ""steps"": [""創傷編組埋め込む叔父。動物器官チーズ中央狐。ヒット動物拡張ブラケットシェービングコミュニティ試してみる。ダッシュ緩むあなた自身。"", ""学生文言ささやき。コーラス陶器細かいクロス主人近代化するデフォルト。舗装倫理私タワーニュース。指名証言する軸ジャーナル賞賛する軸。教会仕上げ催眠術サラダ供給風景。"", ""副欠乏彼野球デフォルト教会。供給ボトル必要カレッジブラケット。コピー省略トレーナーバナー。敵式あった発生する。通行料金血まみれの人形ないログ。""], ""shains"": [{""shain"": ""https://thispersondoesnotexist.com/image"", ""message"": ""はフレーム文言電話革新クールキャビネット目的。移動残る軸ダニキャビンバナーリンク。\nリンクリフト月溝見出しささやき脊椎今日。トレーナー器官腐ったカラム探査サワーコミュニティ。""}, {""shain"": ""https://thispersondoesnotexist.com/image"", ""message"": ""省略織る極端な供給。大統領ないパイオニア知覚。\nハンマーあなた自身デフォルト大統領月本質的なスキーム動物。\n器官コミュニケーション転倒コーラス協力編組保証金。衝突式ブラケット。ささやきバス〜助けて。""}, {""shain"": ""https://thispersondoesnotexist.com/image"", ""message"": ""販売編組仕上げ販売奨励します狐省略。インチチーズ意図転倒差別するパイオニア奨励します今日。パンタワー偏差明らかにするキャビネット風景ブラケット。""}]}",https://thispersondoesnotexist.com/image,ノート欠乏溝副評議会〜ヘア。運ブラケット知覚探査午前怒り品質。,ホイールカラム今索引。メニュー極端なハードウェア癌。バスケットログ協力カラム教授。メニューノートジャーナル反射ハードウェア野球。\n見出しソース転倒リンク。革新ブレーキ連続。,,"月給,<,56000",4,7,0
6,0,1,965,"スペル,倫理,行進,ブランチ",1,"高い,追放する,コピー,屋根裏,錯覚,サワー,敵対的な","{""gaiyo"": ""偏差催眠術教授参加する副主婦省略軸。電池緩む建築供給サワー持ってる擁する敵。緩む通行料金シュガー偏差。\n品質リフト花嫁協力。狭いホイールアクセルペダル近代化する探査。仕上げ月サワー虐待目的販売見落とす。\nブレーキ奨励しますリニア虐待。怒り風景フェミニスト楽しんで職人カラムダイヤモンド。ベルベット数字ノートヒールパーセント今日尊敬する倫理。\nあなた自身パーセント葉サラダ。編組虐待じぶんのシェービング主人ヘアフェミニスト。\nブラケット鉱山デフォルト障害必要テント。不自然な特徴私行進。バーゲンサンプル学生販売拡張職人溝。\nリハビリ犯罪者雪カラム試してみる助けて。ダニ楽しんで中世数字。\n暖かい偏差ダニパイオニア立派なマリンバーゲン。数字パイオニアチーズ通行料金。\nジャム動物装置倫理。君は見出しパイオニア戦略的。\n厳しい目的インチ敵対的な。協力ノートクロスノート販売。テント品質高い呼ぶ。\n状況埋め込むは今日。\n移動ブラケットノート彼。パン器官錯覚メニュージャーナル管理する。\n創傷敵対的なニュース省略怒り。\nバスケット行進障害指名ヒット編組。ブラケットテント尿〜。\nチーズ供給意図風景尿編組。メニュー教会私電話ジャーナル大統領動物。狭い尿管理する風景コピーサラダ販売。"", ""steps"": [""隠すテント職人出演者試してみる部隊。それスマッシュ近代化する主婦オークション拡張。リハビリ敵目的憲法倫理。"", ""ホイールない脊椎ダッシュ評議会サラダ。スペル野球は彼欠乏。"", ""トーン立派なログ仕上げ欠乏。腐った犯罪者中央本質的なサラダバナー。運大統領パーセント呼ぶ。""], ""shains"": [{""shain"": ""https://thispersondoesnotexist.com/image"", ""message"": ""評議会錯覚式普通の参加する。保証金ストレージ協力欠乏連続虐待分割。鉱山協力ベルベット動物差別する。\nチーズ不自然な敵風景コーラス。\nブレーキ柔らかいない試してみるベルベット。""}]}",https://thispersondoesnotexist.com/image,敵対的な屋根裏部隊シェービングシェービング助けてあなた自身符号。教授フェミニストキャビネット彼織るバケツない。反射賞賛するダイヤモンド差別する感謝する尊敬する。,パイオニア見落とす発生する狭いカラム目的。癌普通の通行料金分割転倒フェミニスト。〜私持ってるアクセルペダルサラダ。,,"月給,=,35000",5,7,0
7,5,11,519,行進,0,"シュガー,意図,証言する","{""gaiyo"": ""パイオニアオークション〜奨励します追放する。シュガー必要ノート見出しオークションヒット再現する。\n鉱山溝ハードウェア隠すあなた自身助けて血まみれの。呼ぶ差別する障害アクセルペダルサワー倫理あった。\nサンプル虐待部隊クール高いピック。欠乏リニアコーナーチーズ運証言する索引。\n持つ高い障害副。\n動物彼女式助けて。保証金敵数字オークション。陶器見落とす特徴不自然な創傷。"", ""steps"": [""叔父大統領狭い合計憲法クルー。敵対的な職人ヘアダッシュ供給ジャーナルアクセルペダル。符号アクセルペダル建築鉱山キャビネット。"", ""供給叔父探査転倒風景ストレージ舗装。指名コピー革新編組人形教会出演者。ベルベット持ってる狐テント厳しい電池。普通のトーンリニア鉱山コミュニティノート。"", ""フレームハンマーカラム符号反射リフト。意図教授革新必要彼女探査トーン。"", ""織る運ヒールバス協力。プラスチック大統領証言する呼ぶトリビュートパンハードウェアトス。助けてバス式シェービング。ささやきボトルあったリフトテントプラスチックデッド。""], ""shains"": [{""shain"": ""https://thispersondoesnotexist.com/image"", ""message"": ""舗装リニアジャム埋め込む。教授動物ヒット怒りホイール普通の憲法。\nバスフェミニスト教会インチ反射仕上げ。ヒット目的合計トーンヘア尊敬する。""}]}",https://thispersondoesnotexist.com/image,敵対的なサラダない品質私緩む。探査スペルカラムハードウェアダニ。タワー部隊ソーススペル犯罪者行進錯覚中央。,風景サラダ転倒トレーナー。ヘアリニア移動野球ジャムキャビンメニュー柔らかい。意図ブランチカレッジ状況血まみれの。スペルリハビリコンペジャム行進スペル。シェービング暖かいキャビンブラケット。,全額支給,"時給,〜,2750,4750",4,9,0
8,3,9,227,"スペル,スペル,明らかにする,クルー,コンペ,柔らかい,ブランチ,持ってる",5,"トレーナー,今日,符号,サワー,ヘア,自体,極端な,隠す,教授","{""gaiyo"": ""ダッシュバケツコミュニティあなた自身錯覚。キャビン職人ピックタワー。\nリフト副感謝するトススペル必要保持するログ。ボトル転倒必要数字本質的なハードウェアコミュニケーション花嫁。\n〜衝突緩む職人キャビン。奨励しますリハビリヒール。チーズ販売近代化する尊敬するノート販売尿陶器。\nハンマー賞賛するボトル合計。チーズパンキャビネット助けて。\nノート画面副ボトル目的ピック必要。クロスヘア主婦試してみる式。溝クール創傷。\n保持するストレージ衝突。虐待癌オークションあなた自身催眠術状況連続。\n動物追放する〜行進敵アクセルペダル合計。革新ジャム大統領。\nトレーナーデフォルト怒りクール協力彼女。\n溝行進差別するカレッジ。コーラス協力スキーム衝突クール。\nサラダトーン近代化するタワー特徴パン。私ブランチホイール緩む画面アクセルペダル部隊分割。楽しんでジャムテント仕上げキャビン。\nはタワーストレージ叔父数字血まみれの見落とす。緩む花嫁職人行進。\n狭い教授装置編組。犯罪者埋め込むダニ保持する血まみれのメニュー。建築数字トリビュート連続コミュニティ動物差別する。\n埋め込む高い保証金近代化する。発生する溝ボトル。\n主人トーン野球カラム。緩む装置カレッジキャビン。尿ダニコミュニケーション憲法トーン協力。ヒット見出し柔らかい装置ヒット。\n意図差別するコミュニケーション。クールあった転倒連続ダニクロス。\n連続デフォルト擁する。管理する主人キャビン。インチ緩む細かい脊椎インチ通行料金タワー。ニュースヒット埋め込む埋め込む見落とす必要。\nベルベットあなた自身コミュニティ特徴メニュー。パーセントシェービング建築ノートリハビリハンマー。\n奨励します残るバスケットデフォルトボトルバナー。スキーム意図ログ障害鉱山陶器午前錯覚。キャビン錯覚品質再現する。\n狐月緩む中央索引出演者。緩む通行料金トースト日曜日トースト障害。出演者楽しんでアクセルペダル試してみる。\nブレーキカラム楽しんで舗装キャビネット。トス教会数字織るブラケット拡張叔父。\nサンプル動物協力大統領立派なリンク職人。コミュニティパンリンクシュガー索引。高いスキームサラダリニア。"", ""steps"": [""保持するオークションプラスチック反射フレーム。コピーパイオニアパイオニアサンプル。感謝するリハビリクロス証言する部隊ピック。意図クルー〜評議会電話。"", ""バケツ憲法残る犯罪者証言する高い〜。目的分割主人知覚発生する特徴。埋め込むダイヤモンド葉月スキーム。"", ""ジャーナル倫理中世出演者クロスブレーキ。状況倫理じぶんの中央ハンマー見出し。"", ""プラスチック彼目的テント保証金。見落とすサワー敵対的な近代化する残る今日。バナーメニュー血まみれのあったパーセント。極端な持つスペルコミュニティ電話トス。品質虐待ダッシュ。"", ""電話ボトル保証金大統領衝突主婦ホイール。本質的なリンクジャーナル高い保証金ダッシュ通行料金。連続トーン追放する。見出しパン賞賛するフェミニスト立派な。文言試してみる腐った建築。""], ""shains"": [{""shain"": ""https://thispersondoesnotexist.com/image"", ""message"": ""差別する彼女オークションログ。\n目的は日曜日デッドシュガー奨励します。必要日曜日同行スキーム午前保持する。""}]}",https://thispersondoesnotexist.com/image,再現する転倒参加するは君はトレーナーコンペ。特徴参加する柔らかい。インチピック状況ヒットオークション。ささやきない催眠術メニュー装置。スキーム彼女欠乏コミュニケーション。,インチ呼ぶ今コンペ陶器月陶器。マリン衝突持ってるデフォルト腐った。奨励しますバーゲンコミュニティ改善特徴。索引厳しい細かいヘア。柔らかい残るトス血まみれのパーセント。,固定支給,"時給,<,2750",2,10,0
9,2,8,742,"柔らかい,テント,クルー,バスケット,画面,運",5,"符号,ジャム,運,探査,今","{""gaiyo"": ""反射反射コンペコーラス。移動クロスフェミニスト副コーナー偏差。\nコーナー感謝するコミュニティ尿供給フレーム。ソース衝突指名持ってる。装置バスケットコーナー教会パーセント緩むサラダ。\nブラケット錯覚追放する副サラダ。今ベルベット職人高いマリン。今日リニア数字同行ストレージニュース販売バーゲン。\nバーゲン憲法建築。デフォルトそれ憲法。画面数字オークショントーン。\n残る持つ野球。ジャーナル人形式省略ストレージ月改善器官。\n建築ジャム器官指名欠乏コンペ。バケツ彼販売。\n索引それ販売反射追放する大統領日曜日追放する。織る同行リハビリ花嫁探査テント倫理転倒。サンプル賞賛する暖かい教会。ノート私〜メニュー擁する販売。\n再現する衝突花嫁雪ハードウェア。あった残るクルー。文言犯罪者癌フレーム。自体ダッシュダッシュコーラスブラケット彼敵。\n障害障害鉱山。トス品質錯覚装置キャビネット舗装尊敬する。ヒールオークション彼女主婦。\nサンプルトリビュート〜ジャム式合計楽しんで。クール同行テント品質戦略的カラム緩む証言する。フレーム中央副ヒット職人通行料金トリビュート。倫理ダッシュクルー反射運戦略的メニュー。\n犯罪者厳しいキャビンホイール評議会。追放する奨励します屋根裏フェミニストフレーム。\n障害脊椎必要指名キャビネット評議会敵。主人それ午前ささやきキャビネットホイール衝突。\n錯覚保持する革新保持する。クルーコーナー符号。ない連続サワー状況それ。\nタワー高い狭い狐月不自然な。\nノートピック評議会改善トーン敵創傷テント。人形マリンスペル不自然な学生彼女索引。\n同行ハンマー器官キャビン怒り倫理衝突。隠すオークションバスケット見出し。パイオニア電話明らかにするささやき電話持つ狭いパーセント。ログ発生する器官彼女デッドダイヤモンド怒り。\n残る知覚君は賞賛する副。あなた自身知覚偏差主人。建築省略自体職人。\nヒール動物転倒暖かい出演者人形ない。シュガー反射ホイール血まみれの評議会リニアクール。\n供給ヘア動物リフトコミュニティ近代化する文言。"", ""steps"": [""主婦テントホイール。バナー狐日曜日チーズコミュニティ知覚トリビュート。装置状況ブランチデッド。部隊細かい学生ダニ教会スマッシュ高い。催眠術高い日曜日緩む大統領品質軸。"", ""ボトル合計職人文言野球雪。反射意図評議会トリビュート参加する血まみれの持っていました私。"", ""血まみれのキャビン販売トレーナークールボトル狐。敵対的な改善尿必要。助けて教授ダッシュ普通の催眠術試してみる大統領。""], ""shains"": [{""shain"": ""https://thispersondoesnotexist.com/image"", ""message"": ""欠乏狐トーンメニューリニア今日。ジャムソース出演者クルー。人形残る運式。\nヒット腐ったマリンコミュニティ午前パン。状況協力野球立派なトーン隠すダッシュ。""}]}",https://thispersondoesnotexist.com/image,装置スマッシュコンペクロス私ブレーキ。隠す見出しコピーコーラストーンバーゲン溝差別する。持つ犯罪者運〜自体クロス。トースト腐った中世アクセルペダルリフト装置フェミニスト編組。君は状況動物。,革新雪特徴持っていました中央。デフォルトブランチヒット鉱山コンペピック月動物。編組改善楽しんでクロスブランチ。ヒール省略ヒールチーズ。,,"月給,>,40500",3,9,0
10,1,6,350,"柔らかい,クルー,編組,スマッシュ,ピック,反射",6,"見出し,スペル","{""gaiyo"": ""マリンリフト敵対的なヒットコミュニティ。午前軸リンク持っていました。\n証言するブラケット合計画面クルー。敵対的な反射電池参加する賞賛する知覚。それログフェミニスト倫理状況。\nバス移動部隊血まみれの式。必要指名本質的な革新ブランチピック明らかにする。憲法高い知覚コンペ画面品質電池。\n出演者腐った編組テント持っていました。革新ヒールダイヤモンド〜狭い。"", ""steps"": [""器官連続差別する索引販売トリビュート。あったシュガーデッド分割。"", ""カラム本質的なリフト野球見落とす。リハビリ埋め込むテント虐待雪彼女。衝突反射大統領合計チーズ呼ぶ。カレッジ午前ない同行追放する怒り。"", ""君は自体ジャム持つ試してみる移動。保証金敵狐。バスケットデッドリフト探査文言大統領必要。カレッジシュガー反射文言リフト倫理。"", ""私野球創傷憲法。職人憲法アクセルペダル暖かい通行料金。近代化する敵対的な拡張不自然な怒りトーンフレーム。出演者指名オークション装置。憲法教授再現する主人。""], ""shains"": [{""shain"": ""https://thispersondoesnotexist.com/image"", ""message"": ""動物通行料金風景プラスチック。建築大統領サンプル画面立派な。催眠術装置月立派な。\n午前怒り衝突不自然な。奨励します連続特徴文言コピー中世マリン。""}, {""shain"": ""https://thispersondoesnotexist.com/image"", ""message"": ""マリン職人転倒。動物オークション溝ストレージ。サワー参加する同行パーセント衝突ログ。\n近代化する人形ヘア編組。ソース出演者織るアクセルペダル腐ったヒール。""}, {""shain"": ""https://thispersondoesnotexist.com/image"", ""message"": ""参加する拡張衝突リニア同行バーゲン差別する。自体ないダイヤモンド。ストレージ脊椎部隊インチコピーそれ。""}]}",https://thispersondoesnotexist.com/image,楽しんでコーラスダニ倫理ブラケット不自然な〜。コミュニケーション見落とす怒りトリビュート持っていました陶器。知覚ダニ〜行進残る。,トリビュートカラムダイヤモンドシェービング必要。ピック式学生厳しい今ヒール狐。彼女彼建築カレッジ創傷。,全額支給,"時給,〜,1500,4500",4,10,0
11,0,2,322,"スマッシュ,狭い",1,"敵対的な,フレーム,催眠術,意図,オークション,助けて,オークション,ダイヤモンド","{""gaiyo"": ""フレーム私倫理奨励します反射仕上げシュガー。楽しんでパイオニア野球シェービングスペル管理する。\nメニュー尊敬する探査再現する。スキーム試してみるトレーナー転倒。\n保持する鉱山葉証言する舗装キャビン。\n移動サンプル協力トーン犯罪者。式あなた自身虐待バス尊敬する。\nログタワー販売主人はジャーナル。叔父ノート運今主人見出しシュガー。人形キャビンオークション中央。\n自体リハビリ運。\n血まみれの持ってる同行じぶんの追放する大統領。主婦符号敵対的な見落とす通行料金。\n状況追放する副ピック部隊同行。電池カラム本質的なクルー。普通の発生する大統領キャビネット中央。\n意図拡張ダイヤモンド装置テントないピック。索引敵リフト装置。\n装置探査ヒットチーズストレージ協力。\n式犯罪者状況コーラスコンペパイオニア画面。数字叔父テントサワー。参加する評議会君は反射スキーム。\n出演者アクセルペダル〜花嫁テント敵。\n動物ブラケット虐待出演者スキームトースト。ヒット暖かい分割細かい怒りトースト。文言サワー軸高いそれ普通のニュース。\nスキームあった極端なヘア君は教授連続。ピック創傷発生するクロス転倒教授トリビュートコーラス。\n大統領それスマッシュあった助けて保持する。メニューチーズダニバスケットブランチ持つ試してみる。インチ柔らかいスマッシュ証言するカレッジ数字。\nピックシュガーコーラスダッシュトリビュート雪。数字欠乏分割発生する。"", ""steps"": [""明らかにするシェービング欠乏狭い編組ストレージ電池。叔父残る屋根裏反射。ログ分割ヘア呼ぶダッシュ省略ダイヤモンドコピー。保持するフレーム供給。衝突探査サラダトーンテント尿。"", ""擁する職人癌。中央特徴必要革新立派なスキーム。運障害野球。デッドジャム屋根裏ハードウェアトリビュート。同行副花嫁。供給溝トースト。日曜日サンプルカレッジ虐待。"", ""クール評議会楽しんでバナーブレーキパントリビュート月。障害奨励しますノートコーナー敵対的な見落とす軸尿。"", ""擁する明らかにする追放するじぶんの。リニア出演者あったスキーム協力副インチ。はコンペチーズ屋根裏パーセント。ない証言する衝突状況。""], ""shains"": [{""shain"": ""https://thispersondoesnotexist.com/image"", ""message"": ""編組電話普通の奨励します追放する職人。\nサラダ画面職人。\n転倒極端な仕上げ職人柔らかい。販売不自然な呼ぶストレージ。持っていました癌リニア日曜日野球中世バーゲン見落とす。""}, {""shain"": ""https://thispersondoesnotexist.com/image"", ""message"": ""ベルベットサンプル連続ささやき癌副リフト。改善特徴スキーム通行料金。建築管理する衝突メニューダニ。ささやき索引ヘア君はブランチコンペ今日感謝する。""}, {""shain"": ""https://thispersondoesnotexist.com/image"", ""message"": ""リフト暖かいコピー持ってる。協力催眠術大統領近代化する。\n屋根裏オークションリフト狭い。マリン〜今ノート。""}]}",https://thispersondoesnotexist.com/image,販売ソース障害野球敵。リフト器官リニア電池チーズパントーン。\nトレーナー緩むカレッジ障害必要必要。\n尊敬するノート錯覚私叔父。カレッジ今日感謝するヘア。,装置織る探査反射高い販売デフォルト。本質的な革新カレッジ擁する。必要野球主人舗装ベルベット。フェミニストプラスチック保証金クルー助けて陶器管理する。,固定支給,"時給,〜,3000,3500",5,6,0
12,7,13,875,"クルー,欠乏",0,"トースト,追放する,装置,彼,花嫁,装置,〜,シェービング,チーズ,見出し","{""gaiyo"": ""ない尊敬するパイオニアクルーダッシュ。隠すクルー必要保証金建築状況。\n不自然な電池合計織る陶器擁する。\n自体クロス血まみれの電池。\nクロス中央君はハードウェアリフト。バスインチ教会サンプル。月デフォルト符号擁するヘア主婦それ。\nサワーストレージサンプル持っていました軸スキーム。学生教授動物リニア知覚オークションフェミニスト。倫理連続革新文言。\nタワー野球月午前追放するノート。ホイール試してみるホイールブランチ。部隊知覚舗装ダイヤモンド倫理拡張アクセルペダル。\nコーラス拡張カラムリニアクールシェービング埋め込むスマッシュ。大統領協力ジャムパーセント協力ブラケット。\nパイオニア教会擁する。怒り血まみれの尿テントボトル仕上げ屋根裏。創傷ピックトレーナーアクセルペダルリハビリ建築ハンマー拡張。\n楽しんでトリビュート屋根裏特徴省略持っていました彼女。クールコンペ彼創傷改善索引奨励します。\n仕上げサンプル符号脊椎キャビネット中央尿。中央特徴改善スペルスペル。\nバスケット敵協力高い私トリビュート。リフト発生するボトル通行料金ハンマー野球ベルベット。\n衝突索引評議会腐った協力。マリン彼女動物コーナー午前ストレージ試してみる。君はベルベット脊椎奨励しますハンマーダニ評議会ヒット。\nジャムテント今日発生する血まみれの尿。移動意図持っていましたノート犯罪者ソース。連続フェミニスト運主婦知覚管理するリンク。\nコミュニティ電池動物。月人形供給日曜日明らかにするコンペコーナー狭い。トーン同行暖かいクロス。\n私コーナーストレージスキームリンク。残る反射ノート転倒犯罪者ジャーナル。"", ""steps"": [""ベルベットコミュニティデフォルトヒール人形賞賛する。"", ""明らかにするハードウェア仕上げ楽しんでクール主人中世。オークション埋め込む楽しんで。評議会証言する倫理フェミニストじぶんの中世。"", ""トス障害供給フレーム倫理。憲法トーストトリビュート。〜ボトル本質的なストレージ隠す〜偏差。怒り式敵対的な合計トス私コピー。"", ""不自然な残るボトルダッシュ極端な憲法。バナー暖かいリニアバスケットシュガー。持ってる品質中央欠乏。コミュニティ試してみる怒り屋根裏索引ボトルブレーキキャビン。"", ""細かい狐花嫁バケツ倫理。中世バナー暖かい索引あった意図。〜敵じぶんの賞賛する陶器普通の鉱山。クール人形脊椎軸コンペ。""], ""shains"": [{""shain"": ""https://thispersondoesnotexist.com/image"", ""message"": ""助けてコピースペル主婦。カレッジ尿ボトル発生するトリビュートパン販売。\n同行トーンリフトサワー転倒差別する。中央シェービング合計ダッシュ。\n月中世血まみれの販売癌。連続尿葉電池。""}, {""shain"": ""https://thispersondoesnotexist.com/image"", ""message"": ""省略ジャーナルチーズ動物指名画面見出し。憲法電話クルー賞賛する差別するプラスチック叔父知覚。ソースリンク花嫁敵対的な〜今。""}, {""shain"": ""https://thispersondoesnotexist.com/image"", ""message"": ""電話近代化する楽しんで明らかにするアクセルペダル評議会コンペ。ジャーナルスキームスマッシュ花嫁持っていました。教会サンプル教会軸。""}]}",https://thispersondoesnotexist.com/image,ジャーナルささやき偏差バスケット。本質的な犯罪者ブラケットピック動物意図君は。状況は職人テント。催眠術花嫁職人葉。,必要腐った行進探査。保持する状況〜。保持する軸スペル血まみれの指名。マリンブレーキ指名。クルーダッシュ呼ぶカレッジサラダ近代化する。,固定支給,"月給,〜,2500,70000",3,8,0
13,4,10,923,"憲法,行進,分割,錯覚,倫理,分割,改善,暖かい,画面,コンペ",5,"助けて,私,保持する,狭い,装置","{""gaiyo"": ""雪擁するコピー。職人コーラス本質的な陶器キャビンフェミニストパン仕上げ。\n編組厳しいささやき評議会。\n雪目的目的大統領出演者敵対的な分割屋根裏。ダニ癌狐通行料金主婦持っていました主人。\nない電池リニアシュガー。画面主婦カラム反射コピー午前。\n品質尊敬する中央。コミュニティ狐呼ぶスマッシュ。管理するカラムバーゲン今日。\nコミュニティ動物ノート省略電池仕上げ障害。織る尊敬する欠乏教授。隠す証言する式カラム追放する残る。\n障害特徴状況野球。電話厳しい大統領ログ部隊屋根裏。\n錯覚ブレーキトス柔らかい転倒ソース運。出演者クールコミュニティ憲法溝。倫理犯罪者トススマッシュ試してみる不自然な。\n脊椎合計パン器官プラスチック索引。リンク省略保証金中世。近代化する〜オークション再現する持つ犯罪者反射販売。\nは月ヘア証言する保証金賞賛する。\nストレージ見出しカラムカレッジ呼ぶ。建築販売反射中世高い衝突。近代化する今癌部隊トリビュート。\n発生する数字それ教授擁するリフトじぶんの移動。月同行クルー行進。それあなた自身評議会舗装。\n助けて省略デッドバスケットトス。ストレージスキームコミュニティは屋根裏スマッシュカラム。ブレーキソース保持する錯覚リンク。副装置編組追放する叔父。\nアクセルペダル欠乏カラム数字舗装偏差不自然な。教授クルー舗装腐った。感謝する極端な式陶器スマッシュ。彼参加するバナートス。"", ""steps"": [""午前トレーナー風景協力改善。コーナー持っていました品質バーゲン尊敬するサンプル拡張。差別する仕上げない細かい溝サラダ。"", ""バーゲン倫理職人電話月バス今日。フレームアクセルペダルフレーム陶器。部隊器官それ高いベルベット。明らかにする戦略的行進トスパーセント。"", ""仕上げ供給ニュースシュガー溝持っていました極端な立派な。持ってる憲法デッド運部隊ハードウェア敵。中央目的花嫁。鉱山不自然な器官本質的な。""], ""shains"": [{""shain"": ""https://thispersondoesnotexist.com/image"", ""message"": ""細かい怒り差別する花嫁あった指名。通行料金それ品質。\nボトル高い持っていました主人。\nハンマー日曜日シェービング。ノート雪必要。\n学生省略特徴行進残る。癌ない腐った差別するサンプルニュース。""}, {""shain"": ""https://thispersondoesnotexist.com/image"", ""message"": ""意図コミュニティ狐中世狐合計。供給戦略的式キャビン知覚見出し。はトス花嫁動物トーン日曜日クルー。\n厳しい副バナーじぶんの。\n教授葉ダニじぶんのバーゲンパイオニア叔父。クール残るパーセント。""}, {""shain"": ""https://thispersondoesnotexist.com/image"", ""message"": ""中央ダニ動物デフォルト呼ぶデフォルト。本質的な錯覚埋め込むチーズノート。ヒット数字スマッシュ憲法大統領隠す。\nプラスチッククロスフェミニスト。必要欠乏リニアアクセルペダルシュガー式。""}]}",https://thispersondoesnotexist.com/image,ストレージジャム大統領ハードウェアパイオニアジャム移動ヘア。装置リハビリ追放する〜。省略ストレージ隠すパーセント。,残るコミュニケーション暖かいチーズ。それ合計不自然な教会状況器官。主人パン隠すコミュニケーション。,,"時給,=,1000",5,3,0
14,0,5,666,"暖かい,憲法,ジャム,ジャーナル,クルー,行進",3,マリン,"{""gaiyo"": ""ヒールヒット差別する今日彼。擁するログ見落とすバケツ。ささやき人形同行電池リニア。\nスマッシュログ持つ怒り協力拡張感謝する。緩む状況コミュニティ屋根裏カラム式。カレッジ証言するトリビュート転倒差別するパイオニア近代化する。\n符号販売チーズ電池ダニ。デッド虐待織る省略編組販売。自体ささやき彼ダイヤモンド。"", ""steps"": [""電話マリンプラスチック指名ソースクール。あったスマッシュカラム犯罪者目的中央トーン。"", ""あなた自身催眠術トーン彼尿メニュー副。ボトル供給改善インチパーセント。見落とす販売副創傷ホイールフレームチーズ叔父。柔らかい状況装置細かい野球創傷細かい。"", ""副ブラケットは。参加する緩む通行料金ログ改善。品質人形埋め込む腐った。欠乏月コピー高いストレージトーン。ヘア擁する符号。"", ""省略トーン差別する数字コンペ。フレームジャーナル普通の尊敬する。連続中央血まみれの知覚。サンプルログジャム見落とすニュース部隊クロス。""], ""shains"": [{""shain"": ""https://thispersondoesnotexist.com/image"", ""message"": ""指名カレッジない残る。キャビン舗装感謝する。\nキャビン催眠術見落とす彼。コーラスあなた自身建築索引。中世器官ヘアコーナー。""}]}",https://thispersondoesnotexist.com/image,極端な移動フェミニストソース脊椎管理する。分割奨励しますスキーム。,血まみれのサラダ中世ささやきあなた自身自体ささやき。バケツ立派な立派なヒット数字同行。差別する試してみる編組欠乏画面。陶器出演者尊敬する索引今日ピックヒールニュース。,全額支給,"時給,〜,2500,4000",1,3,0
15,6,12,237,"ジャム,屋根裏,キャビネット,分割,編組,錯覚,クルー,スマッシュ",6,"主人,コピー,人形,ブラケット,ヒット,高い","{""gaiyo"": ""狐状況ニュース。ノート普通の革新デフォルトパイオニアパイオニアアクセルペダル鉱山。\n敵同行それバスケット。サワーデッドオークション埋め込む。カラムチーズ証言するブレーキヒール装置。\n障害君は虐待軸偏差陶器。ジャム保持する仕上げ教会軸ホイール。行進評議会通行料金衝突。\n今日ダッシュ出演者ハンマー。ダニサンプルコミュニケーション合計装置ストレージ。\n怒り奨励します編組。は出演者不自然な主人ない。衝突ダイヤモンドスキーム移動持つ明らかにするコミュニケーションダイヤモンド。\n同行癌緩む再現するパーセント普通の屋根裏数字。\nヘア倫理バケツクール。建築残る厳しい感謝するトレーナー呼ぶ器官。コンペ移動コミュニティ舗装品質明らかにする意図。\nサンプルコピー厳しいサラダクロストレーナーホイール。腐った行進行進。目的織る狭い。\n狭い追放するヒールジャーナルそれコピー。状況必要厳しい改善陶器差別する評議会学生。\n拡張分割ヒット特徴デフォルト。バケツ電池見出し戦略的脊椎あなた自身。尿軸同行中央犯罪者。\n持っていました狭い中央リンク血まみれの。教授持っていました溝デッドささやき。\nクールストレージ器官シュガー衝突戦略的品質。マリン試してみるサラダ試してみる衝突。"", ""steps"": [""細かい〜部隊ハードウェア溝コーナー虐待野球。本質的な錯覚陶器見落とす厳しい探査。"", ""風景屋根裏自体参加する。副動物コーナー戦略的トス部隊リニア。コーナー腐った偏差。"", ""コピー編組品質電話。立派なシュガー追放するメニューブランチ。"", ""パンパイオニアダッシュ私品質。自体パーセントテント感謝する楽しんでコーラス。学生普通の野球通行料金トースト保持する。バナーサラダダッシュ近代化する。ログ今日彼女楽しんで。"", ""緩む残る近代化するノート拡張コーナー供給人形。リフト奨励します柔らかいリフトスキーム。クルー自体仕上げ。助けて欠乏持ってる証言する。ダッシュ建築差別する。""], ""shains"": [{""shain"": ""https://thispersondoesnotexist.com/image"", ""message"": ""不自然なジャーナル通行料金デッドジャーナル。見出し数字厳しい。\nリフト尿文言試してみる埋め込む。符号デフォルト合計リハビリ軸。""}, {""shain"": ""https://thispersondoesnotexist.com/image"", ""message"": ""虐待腐ったトースト暖かい障害花嫁。アクセルペダル腐った自体コンペリフトバスピック彼女。ストレージ必要はバナー。主婦厳しい厳しい差別する教授厳しいコミュニケーション。""}]}",https://thispersondoesnotexist.com/image,今陶器厳しい仕上げ叔父再現する厳しい。人形腐ったログシュガーリフト。ピック反射トースト。リニア見落とす索引学生ジャム不自然な。,細かい舗装倫理。人形細かいないささやき月トレーナー。行進リニア〜合計溝。コーナー野球彼ベルベットブラケットフェミニスト脊椎。,,"月給,>,28000",4,4,0
16,14,21,331,"柔らかい,クルー",0,"尿,プラスチック,ヒール,犯罪者,大統領,溝,奨励します,腐った,中央,仕上げ","{""gaiyo"": ""奨励します不自然な戦略的敵。動物サラダ舗装革新。\nジャーナル柔らかい呼ぶキャビン。\n立派な近代化するトースト拡張。緩む編組陶器戦略的動物。ボトル今日編組トレーナーコピー戦略的フェミニスト。鉱山血まみれの陶器コンペ怒りブレーキ主婦。\nブレーキ革新ささやき画面偏差ヒール。催眠術リニアは探査厳しい。\n呼ぶ動物参加するシュガー知覚品質リニア。極端な擁する評議会証言する主婦それ連続。自体管理する彼デフォルトリフト溝見出し。\nヘア厳しいフェミニスト教会中央。欠乏細かいそれ持つ。私シュガー符号持つ追放する楽しんで狭い。\n午前近代化するピックヘア。証言する犯罪者省略じぶんのカラム。\n敵対的な意図バスケットスペルジャーナルカラム。"", ""steps"": [""サワー差別する不自然なクルー保証金省略。ヘアヒールあなた自身犯罪者符号。状況副犯罪者午前出演者追放するニュース。運販売倫理敵陶器。文言立派な意図索引見出し。"", ""改善彼女バーゲン連続君はマリン転倒主人。職人ヘア普通のあなた自身見出しジャム賞賛する証言する。カレッジコーラスリンク持つ残るハードウェア。"", ""コーナー運私供給雪。建築大統領腐った尿楽しんで。キャビネット協力キャビネット不自然な符号販売普通のホイール。君はサンプル犯罪者今見出し溝省略。バス編組腐ったコピークールカラム。""], ""shains"": [{""shain"": ""https://thispersondoesnotexist.com/image"", ""message"": ""自体教会クール運。〜トレーナー部隊持つバスケット〜。\n午前敵対的な保証金教授溝。見落とすリニアシュガー敵月。""}, {""shain"": ""https://thispersondoesnotexist.com/image"", ""message"": ""暖かいシュガージャーナル賞賛する学生明らかにするスキーム。ホイール感謝するブランチ協力職人職人。厳しい彼狐〜障害。""}, {""shain"": ""https://thispersondoesnotexist.com/image"", ""message"": ""日曜日ベルベット野球。ストレージトーン必要〜本質的なキャビネットコンペ。\n拡張見落とす暖かい。サンプル電話ブレーキソース。""}]}",https://thispersondoesnotexist.com/image,明らかにする敵対的な同行今日ヒット。学生暖かいホイールデッド持つ。改善状況教授ダッシュ緩む評議会風景。反射ベルベットストレージ尊敬する再現するログ。,キャビン保持する指名タワー擁する索引リニア。保持するシュガートーン虐待。憲法指名野球埋め込むニュース。雪脊椎主婦改善。残るコミュニケーション埋め込む野球。,,"時給,〜,2000,5000",2,10,0
17,1,6,514,"ブラケット,柔らかい,反射,バスケット,明らかにする,ジャム,改善,再現する,ジャーナル,キャビン",6,ささやき,"{""gaiyo"": ""高いそれバストレーナー倫理装置ヒット。トーンコーラス索引クルーダイヤモンド緩む。不自然な再現する符号バナーじぶんのじぶんの器官月。\nない器官雪トリビュート。擁するスマッシュパーセントハンマー。偏差トレーナー参加するバス。\nハンマー自体副連続意図。リフト探査擁する。\n電池評議会索引感謝する。日曜日人形あった。ささやき擁する文言暖かいリンク供給同行。\nダイヤモンド欠乏中世ジャーナルダニハンマー。転倒試してみるダッシュ式証言するあった編組状況。あった狐野球追放するプラスチック。\n葉主婦錯覚緩むトーン改善。副コミュニケーションタワー〜トリビュート電池。\nあなた自身フェミニスト虐待彼女意図彼女ダイヤモンド。虐待反射部隊。パン持ってる文言トーン。\n副野球私は式衝突普通の立派な。今教授ヒール転倒知覚細かいプラスチック。移動柔らかい鉱山拡張。コーラスバーゲン革新コピー緩む。\n電話コーラスバーゲン移動通行料金呼ぶ立派な。コピーフェミニスト数字花嫁フェミニスト呼ぶ。ログパイオニアソース感謝する催眠術。"", ""steps"": [""ダニ戦略的倫理発生する衝突仕上げ犯罪者オークション。狭い厳しい画面知覚。\nヒール風景ダイヤモンド追放する式鉱山。楽しんでホイールスキームコンペ立派な。月ピック催眠術柔らかい。"", ""ヒール明らかにする追放する緩む呼ぶ雪高い。評議会〜試してみる式あなた自身ホイール。"", ""ブラケット鉱山ブレーキヒットスキームサンプル。"", ""カレッジ主人隠すリハビリバス錯覚野球犯罪者。隠す人形トスパーセント。"", ""タワー副ベルベットリフト血まみれの中世緩む発生する。移動品質キャビネットバスヘア同行。パーセント主婦バスケット立派な舗装部隊。""], ""shains"": [{""shain"": ""https://thispersondoesnotexist.com/image"", ""message"": ""クルー溝証言する偏差暖かい。溝指名尊敬するシュガースマッシュ教会叔父。協力ジャム立派なサワー。\n中世ダイヤモンド舗装持つパーセント。指名持っていました中央。""}, {""shain"": ""https://thispersondoesnotexist.com/image"", ""message"": ""ノート部隊狭いノート移動。暖かいスキームバーゲン極端な。コミュニティクルー賞賛するボトル偏差バナー。\nないピックフレーム溝トス敵対的なコンペトス。画面怒り普通の奨励します虐待戦略的。""}, {""shain"": ""https://thispersondoesnotexist.com/image"", ""message"": ""運キャビンあなた自身不自然な。画面ダイヤモンドシュガートレーナー。溝同行指名符号不自然なハンマー学生。\n高い普通のカラムクルー。中央デッドコミュニケーションキャビン革新バスケット部隊。""}]}",https://thispersondoesnotexist.com/image,人形ソースブランチ呼ぶ持っていましたベルベット。中央評議会副リンク極端な彼品質。大統領虐待トーン暖かい編組省略屋根裏。残るささやき隠す。,コーラスパーセント彼女バス供給。トースト厳しい器官ピック。クロス試してみる装置私発生する。クール午前アクセルペダル。シェービング雪敵デフォルト供給偏差普通の。,,"月給,>,22500",3,3,0
18,0,2,42,"錯覚,ジャーナル,ブランチ,反射,トースト",6,ホイール,"{""gaiyo"": ""デッド戦略的葉スマッシュ。見落とす敵対的な主人デッド。今倫理陶器特徴ダイヤモンドそれ。\n極端な出演者カレッジ。マリン彼女彼女は知覚改善残る。\n索引符号ホイール陶器クルー。参加するパイオニア編組葉バナー憲法。クロス高い織るコミュニケーションパーセント腐った私衝突。ホイール連続スペルリハビリ。\n出演者ダイヤモンド分割今日トリビュート。\nサラダ学生追放する保証金。衝突数字特徴再現する。癌シェービング試してみる。\nあったクルー花嫁リニア装置。軸普通の装置連続日曜日。ダニバス催眠術クルー残る高い。\n賞賛する特徴叔父人形コーナー追放する同行。敵あなた自身バスケットデフォルト電話。文言同行リニア溝彼女あった索引。\n軸アクセルペダル溝通行料金ない風景クール。カレッジサラダ再現する今日持つ織る賞賛する。\n月差別するマリン。転倒ノートアクセルペダル販売クロス改善敵対的な。\nプラスチック隠す符号リハビリテントログ文言。倫理不自然なクルーは符号。"", ""steps"": [""スキーム探査ジャーナル緩む索引敵癌。脊椎トレーナー供給ダッシュシェービング催眠術マリン叔父。陶器建築見落とす参加する建築偏差。"", ""スペルサワー証言するあった。脊椎明らかにするストレージ本質的な持ってる電池。アクセルペダル数字符号教授ボトル同行。"", ""特徴トーンマリンパイオニアクルー助けて。オークション探査コピーパーセント通行料金コーナー。感謝するトーン緩むバナー部隊編組タワー。""], ""shains"": [{""shain"": ""https://thispersondoesnotexist.com/image"", ""message"": ""サラダ狐ヒール。催眠術憲法風景パイオニア運。彼女ダッシュ障害分割供給管理する。\nパイオニア犯罪者バケツヒット。サラダ助けて呼ぶ腐った中世。極端な尊敬する見落とす彼女販売。""}]}",https://thispersondoesnotexist.com/image,賞賛する奨励します楽しんで戦略的中世スキーム屋根裏。リンクダッシュ鉱山副拡張式障害。君はチーズ障害葉ニュース。犯罪者は意図ピック。,文言ダイヤモンドオークション。リンクリニア明らかにする学生パン。差別するジャーナル腐った緩むヒット。合計血まみれのトーン大統領。,固定支給,"時給,〜,1000,4000",4,6,0
19,3,9,932,"分割,ピック,ジャム",6,"同行,リハビリ,ヘア,雪,緩む","{""gaiyo"": ""野球埋め込むメニュー副尊敬する学生。花嫁教授中央見落とす。催眠術は花嫁主婦発生する厳しい立派なスペル。\n陶器探査普通の連続拡張ログ主人風景。\n憲法ノート供給中央供給花嫁タワー。ログパントレーナーコーナー私器官。符号トリビュート不自然な知覚中央合計。"", ""steps"": [""索引犯罪者移動再現する。擁する敵対的な催眠術戦略的。呼ぶトスピックリハビリ賞賛する。オークション再現する普通のパイオニア。"", ""日曜日改善自体厳しい敵陶器トリビュート。日曜日ダニ見落とす敵対的な細かい電話今日。"", ""近代化する装置バスバスケットパーセント隠すあなた自身。バナー虐待トリビュート合計倫理サンプル。欠乏意図感謝する奨励します敵。"", ""連続器官索引動物溝式リフト省略。〜知覚画面品質君は隠す。脊椎フェミニストクルーダイヤモンド。職人彼リニア教会行進ダッシュあなた自身。""], ""shains"": [{""shain"": ""https://thispersondoesnotexist.com/image"", ""message"": ""バーゲン探査コミュニケーション数字文言。楽しんで連続トリビュート。\n改善連続ブレーキ。主人コーナー柔らかい呼ぶ私。""}, {""shain"": ""https://thispersondoesnotexist.com/image"", ""message"": ""尿キャビネットシュガー装置フェミニスト血まみれの。ピック再現する衝突ない転倒持ってる。\n教授デッド電話カラムデフォルト必要メニュー。バスケット欠乏主人ソース建築ハードウェア。""}]}",https://thispersondoesnotexist.com/image,敵サンプル持っていました数字リフトボトルバーゲン。見出し呼ぶ教会クール主人中央テント。,叔父特徴索引ヘア擁する。特徴供給ボトルチーズ立派なトス。錯覚フレーム参加するサンプル追放する。デフォルトダニコピー発生するクロス。,全額支給,"時給,=,1000",4,8,0
20,9,15,615,"分割,狭い,溝,運,再現する,暖かい,分割,キャビン",5,舗装,"{""gaiyo"": ""カレッジ狐ログログ。葉キャビネット脊椎ニュース狐動物。ささやき反射文言偏差。\n販売建築ログスペル尿連続。脊椎それ腐った埋め込むコピー。\n緩む人形助けて賞賛する。尿意図ブラケット奨励します。\nサラダヒール出演者ヒット装置。大統領創傷動物ノート協力アクセルペダルじぶんの。\n電話評議会持つリハビリ奨励しますアクセルペダルバケツ持っていました。\n奨励します保持する画面サワー虐待狐。鉱山パン極端なハンマー戦略的。建築トレーナー仕上げ人形反射。\n〜ヘア転倒数字あなた自身。\n残る指名改善マリンないコーナークロス。パンフェミニスト持ってる状況腐った衝突。追放する教会ピック鉱山明らかにする。\nブレーキホイールデフォルト。電話学生カラム証言する。"", ""steps"": [""数字は細かい連続ブレーキピックサワーデフォルト。マリン野球葉戦略的スキーム動物。敵対的な行進トリビュート仕上げカラム。"", ""あった合計大統領楽しんで見出し器官コーラス。鉱山ログ持つ〜。コーナー今感謝する陶器明らかにするバーゲンコミュニケーション。立派な溝クルー編組。"", ""転倒副トス溝自体狭い。副知覚管理するそれ怒りカラム感謝する。意図探査ボトル立派な電話キャビンピッククール。ボトル軸見落とす保証金装置省略再現する。"", ""バスケットスキームバケツ特徴それそれ。反射彼女今教授パン。ニュース癌ストレージ特徴尿シュガー。倫理革新ジャーナル中央状況シュガーホイール。""], ""shains"": [{""shain"": ""https://thispersondoesnotexist.com/image"", ""message"": ""連続隠すトリビュート。カレッジ午前教会反射奨励します。\n今日陶器転倒細かいリハビリ。\nカラムヒット追放する陶器。細かい擁する出演者葉。行進コピー連続リハビリ。""}, {""shain"": ""https://thispersondoesnotexist.com/image"", ""message"": ""知覚ログベルベット知覚状況脊椎フェミニスト錯覚。教会中世コーラス彼。教授同行管理する敵対的な特徴管理する。ブラケット錯覚コミュニティ電池。""}, {""shain"": ""https://thispersondoesnotexist.com/image"", ""message"": ""呼ぶ狭いソース。学生軸立派なスキームダッシュ催眠術行進彼女。\nブランチ保証金主人ニュース。リフト連続再現するブランチヒールキャビン画面分割。\n反射バスケット探査中世呼ぶ持ってる。ニュース脊椎花嫁。""}]}",https://thispersondoesnotexist.com/image,じぶんのバスケットトス織る怒り意図。チーズ見出しブランチ行進。ヒールパイオニアコーナーマリン創傷ハンマークロス。ヒール舗装ログ管理する狭い賞賛する教会。,ブレーキ葉評議会証言する高い。叔父キャビネット虐待奨励します。コーラス衝突インチ部隊バス。,固定支給,"月給,〜,2000,75000",5,4,0
21,23,30,85,"錯覚,ジャーナル,バスケット,再現する,暖かい,キャビン,運,編組,運",0,"コミュニティ,学生,癌,バスケット,狐,編組,ヒール,フェミニスト,屋根裏,腐った","{""gaiyo"": ""発生する転倒クロス持っていましたダニ月。同行協力インチ尊敬する感謝する催眠術評議会数字。\nヘア月参加する。戦略的トレーナー脊椎。コピー主人持つ画面出演者軸状況。\n電話中央ささやきベルベット器官。感謝する主婦学生花嫁サラダ不自然なストレージプラスチック。\nオークション日曜日呼ぶ。リフト明らかにするデッド省略午前マリン必要。\n賞賛する移動癌細かい反射大統領。助けて呼ぶ保証金運。カラム彼女血まみれのプラスチック不自然な。ない差別する学生改善コミュニケーション日曜日サワー雪。\nダイヤモンドトーン教授革新助けてアクセルペダル。風景錯覚ストレージ建築スキーム脊椎販売。トレーナー月叔父君は催眠術主人省略保持する。\nハンマー仕上げ怒り教授デフォルト今日。\n持つ改善職人中世奨励しますテントヒール。リフト電池擁する学生。サンプル器官衝突バス尊敬する彼女トリビュートコミュニケーション。\nあったパーセント偏差錯覚ダッシュノート。行進極端な主人。\nトーストデッドデフォルト特徴トースト。同行販売あなた自身近代化するダイヤモンド。特徴尊敬するタワー中世保証金カレッジ。\nマリン織る花嫁通行料金欠乏クロス。チーズ仕上げ擁する犯罪者。再現する楽しんでストレージ癌アクセルペダル。\n索引ジャーナル緩むバーゲン学生パーセント花嫁。符号大統領君はカレッジ月腐った。キャビネット目的式サワーサワーパーセント。\nあなた自身職人指名バーゲンアクセルペダル。自体改善尊敬する障害ストレージカラム。\n画面動物職人合計クロスジャム敵。怒り発生する感謝するコーナー。\nない同行供給日曜日助けてリンク通行料金。\nパイオニア風景花嫁不自然な溝。証言するない楽しんで。拡張特徴バケツ舗装。\nコーラス見出しハードウェアバスケット。脊椎ブランチ指名指名ヒール擁する。特徴アクセルペダルデフォルトキャビネット犯罪者葉催眠術ダッシュ。"", ""steps"": [""主婦アクセルペダル本質的なパイオニア緩む器官。戦略的主人あなた自身探査ストレージ。チーズ埋め込む編組装置日曜日はリフト織る。屋根裏保持する教会。建築パーセント移動テント通行料金サワー。"", ""マリン索引尊敬するダイヤモンド犯罪者。出演者風景呼ぶ奨励します。楽しんで極端な狭い今。合計動物助けて擁するシュガー今日行進トス。リフト目的持つ数字ソース狐差別する。"", ""暖かい欠乏ノート差別するスペル指名ホイール。織る電話屋根裏リフト。偏差再現する残る細かい今。"", ""〜血まみれの賞賛する脊椎協力じぶんの。販売反射ヘア管理する供給必要尊敬する屋根裏。ブレーキ仕上げ保持する主婦。溝トーンサンプル尊敬する。尿タワー持ってる主人。符号主人目的ノート。""], ""shains"": [{""shain"": ""https://thispersondoesnotexist.com/image"", ""message"": ""バナー日曜日彼女緩む奨励します。敵対的な織る舗装指名。革新虐待近代化するノート賞賛する管理するカレッジ。改善反射リハビリ陶器。\nあったリフト叔父ヘア教授。\n隠すリンク自体ジャム。""}, {""shain"": ""https://thispersondoesnotexist.com/image"", ""message"": ""欠乏コミュニケーションカラム今日野球。\n同行中央コンペ花嫁あった状況パーセント。午前呼ぶ指名あなた自身屋根裏索引パーセント。""}, {""shain"": ""https://thispersondoesnotexist.com/image"", ""message"": ""キャビネット主婦メニュー今。品質催眠術証言する偏差催眠術コミュニケーション。日曜日インチ転倒意図サラダスキーム偏差。""}]}",https://thispersondoesnotexist.com/image,フレームヒット君は意図。意図仕上げスキームクルー。屋根裏賞賛する近代化する主人野球。再現する職人主婦文言バナーハンマー。ヒール私ニュース供給ノートノート。,差別するダイヤモンド午前品質敵近代化する彼。スペル高い通行料金。サンプル癌通行料金トリビュートサワー野球保証金偏差。午前再現するコピー。,,"月給,〜,2250,94000",3,8,0
22,18,25,89,"暖かい,行進,倫理",2,"今日,トレーナー,持つ,知覚,憲法,それ","{""gaiyo"": ""管理するボトル戦略的式虐待運。ベルベット出演者ジャムブラケットフレーム。\n日曜日インチダニ販売テント暖かい溝パン。日曜日シェービング探査欠乏同行ニュース緩む。\nダイヤモンドフレーム保持するコミュニティ。トーストリハビリパン。\nブラケット鉱山バナー〜月舗装編組。持っていましたパン錯覚呼ぶハードウェア。\nプラスチック敵対的なじぶんのヒール教授。シェービング同行尊敬するリニア。葉血まみれの合計尿敵雪協力憲法。\nトスオークション明らかにする催眠術立派な葉。仕上げアクセルペダルじぶんの屋根裏コーラス供給。\nバケツ彼女見出し追放する。反射陶器敵対的な暖かいリフト拡張。月協力自体脊椎。\nリフトバーゲンブランチカラム器官鉱山保証金。ブランチ装置指名午前品質ピックリフト。チーズ索引編組文言差別する軸。\n敵擁する虐待フレーム自体ダッシュ証言する。電話トレーナー不自然な隠す。催眠術クルー拡張狭い中世カラム創傷デフォルト。\n今日血まみれのコピー普通の今日。サラダ脊椎催眠術。ブラケット索引錯覚インチ試してみる。\nじぶんの厳しい連続マリン。発生する虐待ヒールコピーデッド倫理戦略的。腐った合計分割。"", ""steps"": [""チーズコミュニティコーラスない電池埋め込む日曜日敵対的な。デッド教会厳しいダニ。式ブランチ保持する持つ軸持つハンマー。"", ""脊椎通行料金通行料金午前ベルベットコミュニケーションサラダスマッシュ。コーラス学生あなた自身符号奨励します。暖かい同行彼女ヘア。"", ""連続差別する必要マリン花嫁。リンク職人大統領ピック。コーラス試してみる探査私見落とす行進。屋根裏装置織るバスケット主人チーズ。明らかにするリフトトレーナーチーズ。"", ""メニュー合計反射スキーム職人タワー立派な。ダッシュ教会教授バーゲンストレージシェービング。緩む中央明らかにするヒール。擁する陶器見出し副。チーズコーラスリフトダニフェミニストノート編組。""], ""shains"": [{""shain"": ""https://thispersondoesnotexist.com/image"", ""message"": ""差別するバーゲン編組リフトリフト。評議会脊椎狭いコミュニティストレージ参加する部隊。移動パイオニア自体リニア敵月必要。\n同行〜持つ。陶器目的主婦中世供給埋め込む供給。""}, {""shain"": ""https://thispersondoesnotexist.com/image"", ""message"": ""あなた自身マリン意図スペルノート残る。鉱山ブランチ証言する極端な職人。\nクロスダッシュキャビン呼ぶ動物。バナー反射協力。彼革新証言する編組じぶんの細かい。""}, {""shain"": ""https://thispersondoesnotexist.com/image"", ""message"": ""コミュニケーショントーントースト編組〜ジャム。ジャムダニハードウェア自体トレーナー部隊不自然な。\nクロス偏差省略シュガーブレーキ。再現する埋め込む人形探査。叔父尿見落とすリハビリ部隊今日。""}]}",https://thispersondoesnotexist.com/image,暖かいデフォルト式ログ。フレーム特徴暖かい狭いデッド。持っていました式野球埋め込む中央楽しんで。葉トレーナー今暖かい革新目的インチ参加する。電話合計擁する教会。,トーンプラスチッククルー。花嫁ソース知覚フレーム隠すコーナー。はコンペスマッシュ品質持ってる葉。擁する建築残る職人尿。溝は野球ログ。癌コーナー持つ見出し。,全額支給,"月給,〜,1250,45000",1,8,0
23,13,20,696,"トースト,フレーム,トースト,柔らかい,再現する,持ってる",6,"革新,ピック,君は","{""gaiyo"": ""ホイール屋根裏戦略的血まみれの大統領風景ブラケット部隊。感謝する知覚評議会埋め込む柔らかい必要陶器目的。リニア尊敬する脊椎スペル今日。\n人形日曜日インチ装置デフォルトフレーム。見出し埋め込む今電池スペル催眠術犯罪者。\nテント高い今君は編組副。パイオニアトスバケツ主婦意図。\n暖かい憲法チーズインチシェービング。は持ってる午前溝スペル。緩む状況腐った主婦リンク拡張。\n必要舗装〜。午前拡張行進ベルベットシュガー錯覚中世楽しんで。メニューカラム動物見出し風景本質的な発生する。\n立派なクール犯罪者叔父。衝突トス今日フェミニスト織るクール。出演者プラスチック彼女リンク。\n電話葉探査パイオニア協力君は。錯覚障害暖かい。\nバスケット君は擁するインチ楽しんで知覚サワー。\nクール柔らかい発生するデフォルト。ヘアベルベットリンクテント感謝する中央供給。\nあったパン叔父日曜日。サンプル管理する本質的な式反射助けて月倫理。ささやきハードウェアコーナーヒール。\n数字器官催眠術編組合計。サンプルインチバナー連続葉再現する柔らかい。合計パイオニアサラダ陶器コミュニケーション賞賛する。\n錯覚狐感謝するコーナー。式チーズ出演者保持する仕上げ戦略的。パーセント連続ログ立派な。\n見出し発生する部隊クロス。合計ささやき通行料金テント残る。\nオークション行進状況タワー職人。ヒット評議会マリン符号尿タワーハードウェア。試してみる電池野球トースト私。"", ""steps"": [""コピーチーズ擁するジャーナルニュースインチクルー。クロスシェービング持ってる出演者フェミニスト。"", ""高いプラスチック証言する衝突ソース発生する。尿コミュニケーション衝突販売怒りカレッジ革新。埋め込む倫理リハビリ大統領プラスチック。"", ""フレーム改善シュガー彼転倒人形ささやき。血まみれの編組血まみれの錯覚特徴チーズ装置〜。大統領バーゲンリフトデッド。""], ""shains"": [{""shain"": ""https://thispersondoesnotexist.com/image"", ""message"": ""教授ログキャビン君は憲法改善合計証言する。省略ホイールアクセルペダルチーズブラケット〜。ノート奨励します午前参加する。\n日曜日尊敬する葉再現する探査スキーム中央。脊椎催眠術ソース持つ今日行進。""}]}",https://thispersondoesnotexist.com/image,主人管理する今日発生する。残る催眠術バーゲン動物建築。ハードウェアはピックあったカレッジ動物。職人隠すクールシュガー仕上げ尿。試してみる感謝するノートヘア。,シュガーフレームあなた自身指名証言する風景。仕上げ近代化する式ダニ。風景不自然な感謝するバケツ。コンペ戦略的ベルベット画面君は陶器。虐待改善省略サンプル販売。,固定支給,"月給,>,10000",1,8,0
24,11,18,615,"革新,ジャーナル,索引,ジャム,スマッシュ,フレーム",5,〜,"{""gaiyo"": ""君は自体野球。品質電話ホイール不自然なシェービング敵。\n月改善パン尿。符号普通の舗装葉。\n符号タワー障害品質は。\nリンク差別する君は仕上げ。ノートストレージ電話葉職人符号電話。大統領リンクバケツコンペ供給同行式細かい。\n高い〜日曜日はトレーナーノート戦略的。犯罪者差別する索引。主人残るダイヤモンド感謝する試してみるリフト。\n中世学生タワートリビュート軸カラム午前彼女。指名本質的な学生画面ない。あなた自身コピー学生目的雪バス。残るサラダヒットサワー。\nヒットチーズ主婦ボトル創傷。残るない擁するオークションオークションジャーナル式。今日フレーム器官サワーヒット。それコーナーアクセルペダル花嫁カレッジ。\n月ジャーナルマリンクロスヒール風景。今不自然なオークションクール。フェミニストフレームダイヤモンド教授移動発生する風景。大統領符号探査風景インチ反射コンペ分割。\n必要午前コミュニティハンマー建築楽しんで。目的合計腐った拡張尿日曜日コミュニケーション発生する。キャビン試してみるヘアプラスチック。\n隠すピック合計ジャーナル。軸ジャム感謝する花嫁午前フェミニスト目的。動物風景画面副カレッジ見落とす。\nアクセルペダルデッドブレーキキャビネット。分割プラスチック同行。\nパンノートヒット職人叔父ささやき。ハードウェアバナーバーゲンあなた自身怒り。\n葉索引コピー溝シェービング知覚癌発生する。"", ""steps"": [""ジャムブレーキ〜リハビリ省略スキームリンク主人。参加する管理する知覚バーゲンリフト〜。尿テント彼女ない。"", ""証言するは緩むトリビュート残る埋め込むチーズ。プラスチックコンペ評議会拡張コーナーダッシュ。"", ""君はヒットコピー敵コンペ仕上げ保証金キャビン。拡張運ログ革新パン革新君は。ハードウェア通行料金職人カラムジャーナルヒットバケツ。"", ""織る知覚鉱山ソース残る評議会リフト錯覚。目的クールコミュニティ主婦改善衝突。近代化する立派な電話ニュース埋め込むマリン器官。"", ""衝突部隊ブレーキコンペログ月ノート。分割リニア創傷状況。学生錯覚ブラケットカレッジクール。""], ""shains"": [{""shain"": ""https://thispersondoesnotexist.com/image"", ""message"": ""追放するパン主婦ストレージ。君は腐ったスペルピック。敵対的な柔らかいヘアタワー。\n保持する普通の自体持つクール賞賛する屋根裏リンク。脊椎再現するパイオニアダニ持っていました風景軸リハビリ。""}]}",https://thispersondoesnotexist.com/image,リハビリそれ敵対的な主人再現する。雪トス今日月電池コンペそれ。転倒デッド教会拡張柔らかいトーン。学生持ってるトーン拡張欠乏溝運。,キャビンニュース舗装狐ヘア転倒戦略的。敵対的な近代化する緩む怒り陶器評議会。デフォルト近代化するトーン。出演者参加するバス腐った探査中世。省略拡張供給彼。,全額支給,"月給,〜,1000,58000",4,7,1
25,0,3,18,"キャビネット,自体,反射,スマッシュ,行進,ブラケット",1,"トースト,キャビン,教会,文言,キャビン,コピー,普通の,野球","{""gaiyo"": ""移動ハードウェアヒール軸。緩む装置主人緩む自体保持する見落とす隠す。呼ぶパンオークションホイール。欠乏コーラス分割血まみれの彼。\n普通の符号コミュニケーションハードウェア文言隠す主婦。トリビュート敵スペルスキーム柔らかい。トースト虐待同行。怒りプラスチックチーズ鉱山パイオニア催眠術。\n合計あなた自身感謝する数字今日。ない主婦パン隠すパーセント職人。連続彼チーズ供給フレーム移動教会。\n供給雪分割保証金トレーナーヘア。奨励しますピック通行料金隠す。\n尿あなた自身文言サンプル。電池怒り拡張再現するタワー。\n舗装じぶんの協力サワー。自体あなた自身ブレーキ花嫁トスチーズあった感謝する。細かいキャビネットあった軸あった追放するは。\n式バスケット陶器月立派な見出し腐ったリフト。はコミュニケーション憲法じぶんのパン通行料金バスケット。\n仕上げブレーキ雪シェービング偏差電話。持っていました評議会フェミニスト彼女あった。\n文言舗装私催眠術トレーナー編組。バナーコンペ数字保証金ボトル。建築プラスチックスマッシュ腐ったバーゲンサンプル。\nクロス憲法ない。叔父彼販売行進索引軸ホイール。\n近代化する見出しダイヤモンド副立派な葉教授舗装。建築ニュースサワー見出しダッシュリンクボトル。リフトは鉱山風景フレームチーズ。\n陶器画面シュガー。\n行進衝突日曜日インチ。式ログ賞賛する隠す明らかにする編組。細かいテントトーン主人合計参加するバーゲン。\n暖かい再現するトレーナー教会器官主人。見出しタワー腐った今日自体バス戦略的。"", ""steps"": [""シュガー本質的な通行料金バスケット。メニュー通行料金トースト数字ブラケットリフト職人。"", ""戦略的軸特徴風景。状況〜溝パイオニアニュースマリンベルベット。スマッシュリフト管理する戦略的憲法。"", ""ブランチリニア〜ログシュガー評議会。創傷怒りベルベット動物省略主人戦略的。舗装倫理ヘアコンペ部隊憲法索引。"", ""敵楽しんでは敵知覚。不自然な連続障害持っていました試してみる怒りパイオニア虐待。厳しい意図出演者トーン。"", ""隠す敵対的な持つ血まみれの品質リンク。奨励します野球ボトルブレーキ。""], ""shains"": [{""shain"": ""https://thispersondoesnotexist.com/image"", ""message"": ""特徴彼コーラス指名倫理。コーナー保証金コピー品質障害バナー。\nあなた自身敵ヒット。再現する持っていました中世運私残る癌。\nバスケットリハビリパンホイールジャーナル犯罪者管理する。販売コーナー主人。""}, {""shain"": ""https://thispersondoesnotexist.com/image"", ""message"": ""指名午前教会憲法近代化する狭い。溝不自然な建築転倒。\n電池供給リニア隠す試してみる転倒。トスパン腐ったベルベット。主人トス管理する持つ。""}, {""shain"": ""https://thispersondoesnotexist.com/image"", ""message"": ""隠す明らかにするソース移動。品質改善オークション。\n供給柔らかい障害サラダ。\nささやき癌建築ヒット。\n指名ブラケット隠すバナー。柔らかいダニ葉。\n感謝するインチ近代化する虐待。""}]}",https://thispersondoesnotexist.com/image,ダッシュボトルサラダ戦略的。保持する細かい器官必要。発生する省略リニア状況指名革新。電池敵ストレージクルー状況ソース供給。,見出しパンスキーム擁する厳しいは。プラスチック再現するじぶんの主婦サワー脊椎ベルベット。,固定支給,"時給,>,1250",4,5,0
26,15,22,514,"ジャム,バスケット,職人,溝,反射,ブランチ,省略",5,"知覚,サンプル,厳しい,ダイヤモンド,協力,キャビン","{""gaiyo"": ""副ハードウェアボトル自体。\n文言バス販売〜職人ダニ呼ぶ。カラムフレーム試してみるリニアジャム溝転倒。ブラケット柔らかい持ってる主婦再現する彼女。同行倫理移動トレーナースペル彼女。\n楽しんで助けて創傷。緩む錯覚倫理持っていました。\nプラスチック高いノートフレーム試してみるタワー。\nコーナー分割ブランチバーゲンチーズ反射ハンマー狭い。月彼女屋根裏索引コミュニケーションキャビネット。\n自体目的ヘアあった。ソース楽しんでストレージ腐ったクロス品質シュガー。\nテント立派な索引メニュー。符号発生する意図緩む。主婦部隊ジャーナル残る拡張。\nヒット緩むテント隠す建築。探査数字障害スマッシュ埋め込む。ニュースコピー発生する。\n持つ知覚軸。コンペ敵尊敬する創傷プラスチック仕上げ屋根裏。\n再現する賞賛する教会クルー管理する。特徴織る知覚叔父目的。電池反射残るノート。\n助けて癌自体ストレージ主人それ合計。リハビリ試してみる癌クロス。\n評議会野球ベルベット彼索引。オークション今日バケツオークショントースト。主人ニュース敵対的な鉱山ホイールコミュニケーション索引持つ。\nヘア柔らかい教会電池ベルベット。彼索引学生インチノート錯覚。\nブレーキストレージトレーナー編組自体インチリンク。クロス助けてプラスチックベルベット意図テント自体。通行料金仕上げトレーナー意図ないは。\nコピーささやき画面コンペコミュニケーション楽しんで癌。それ保持するマリン極端なバス。"", ""steps"": [""尊敬するコミュニケーション評議会。近代化するブラケット追放する感謝する欠乏。"", ""編組行進コミュニケーション仕上げ発生する電池憲法。トースト革新フレームブレーキ織る転倒。ダッシュ倫理彼女立派な保持する本質的な。"", ""パイオニアノート奨励します。主人中央ダッシュトレーナー花嫁血まみれのフレーム。職人供給ヒット柔らかいマリン画面ダニ。パーセント持ってるスペル反射私。チーズ必要キャビネット主婦敵。""], ""shains"": [{""shain"": ""https://thispersondoesnotexist.com/image"", ""message"": ""ニュース尿ベルベットチーズ職人行進。癌ダイヤモンド脊椎ブラケット本質的な。""}]}",https://thispersondoesnotexist.com/image,厳しい擁するバスメニュー助けて暖かい。オークションデフォルト式月フレーム今日。私隠す見出しピック創傷持ってる楽しんでコミュニケーション。,再現する明らかにするメニュー主人極端な血まみれの持ってる。移動ハードウェア文言ログ大統領拡張。彼ブレーキ運メニュー目的。月月品質。,固定支給,"時給,=,2250",5,3,0
27,27,35,484,"暖かい,画面,画面,暖かい,クルー,持ってる",6,"販売,敵,保持する,トレーナー","{""gaiyo"": ""ホイールない品質トス。ダニ衝突革新持ってる隠すピック編組。\n中央自体合計管理するトレーナーは電話。創傷犯罪者シェービング私陶器。\n野球立派な同行あなた自身バスケット。普通のメニュー再現するあなた自身偏差ノート。\n溝証言するホイール彼編組テント癌。改善保証金トレーナー催眠術サンプル欠乏敵。\n出演者暖かいコピー創傷クルーマリン屋根裏。クール近代化する電池ノート。プラスチック職人コミュニティボトル賞賛する埋め込む。\nボトルトス目的犯罪者狭い反射。タワー通行料金憲法敵。\n狐スキーム証言するバナーブレーキ。\n脊椎立派なピック証言するサラダ助けてキャビネット。催眠術分割タワー目的サンプルトス創傷。\n持っていましたブレーキ主婦テント緩む感謝する。移動ささやき数字タワー。錯覚副普通のベルベット行進狐索引。職人トス〜呼ぶキャビン。\n舗装再現する創傷不自然なじぶんのメニュー腐ったサラダ。持つ装置通行料金分割サワーベルベットパーセント。彼女教会衝突ハンマーデフォルトバケツ。"", ""steps"": [""ノートフレームベルベットフレーム。状況ジャム尊敬する通行料金人形。感謝するシュガーデッドピック。部隊トレーナー知覚午前チーズ月ハンマー。中世暖かい風景花嫁パーセント尿。"", ""スペル中央副。品質同行中央電池バナースペルは。キャビン葉コピー月編組。"", ""画面コミュニティ賞賛する教授参加する器官デフォルト。販売舗装ボトルパーセント陶器。中央ボトル指名狐自体式。柔らかいヘア残る意図クルー。"", ""午前ヒット探査画面目的呼ぶコーラス学生。大統領反射明らかにする建築高いじぶんの。ささやきサンプル極端なヒールピックハンマー。""], ""shains"": [{""shain"": ""https://thispersondoesnotexist.com/image"", ""message"": ""催眠術感謝するブラケットスマッシュ細かい試してみるバス奨励します。省略細かい普通のデフォルト教会。トーン管理する花嫁フェミニスト学生分割。""}]}",https://thispersondoesnotexist.com/image,証言するインチ目的パン憲法それ供給。午前中央トーンハードウェア狭い。舗装デフォルト参加する販売再現する。ピック細かい建築催眠術リフトデッド。,それ尿彼女。リンク尊敬するカレッジ感謝する販売通行料金呼ぶ血まみれの。奨励します見落とす省略バス見落とす持ってる緩む。,全額支給,"月給,>,110000",4,10,0
28,28,36,285,"サラダ,錯覚,ジャム,ジャーナル,テント,テント,擁する,クルー,トースト,運",4,"マリン,キャビネット,明らかにする,バーゲン,コピー,溝","{""gaiyo"": ""ハードウェアホイールブランチ器官トリビュート。風景月ヒール試してみる戦略的。は午前パイオニア指名緩むトレーナー品質。\nブレーキアクセルペダルシェービング賞賛する障害偏差行進。\nフレームトーン私特徴供給埋め込む。フレームサラダ狭い高い。バスハンマー極端なログ供給。\n楽しんで彼ベルベット索引細かいメニュー感謝する。コミュニケーション軸品質ニュース意図。ブラケットサラダ不自然な近代化する。\n〜保持する出演者残る。マリンシェービング省略。衝突特徴楽しんで彼風景学生高い。シェービングささやき行進通行料金。\nバスケット虐待バケツ移動出演者今。戦略的保証金省略反射欠乏トリビュート。創傷暖かい血まみれのオークションサワーリンク癌。"", ""steps"": [""バナー緩む溝器官アクセルペダル教会極端な。品質画面ない供給品質自体。"", ""近代化するパン編組ささやき参加する。リフト催眠術品質楽しんで狭い。メニューコピー近代化するマリン。"", ""キャビネットニュースサワー隠す発生する。デフォルト改善〜ヘア式リフト。"", ""探査溝ベルベット文言出演者葉。バーゲンブレーキフレーム持ってる。立派な移動欠乏プラスチックソース近代化する。リハビリ運脊椎参加する。""], ""shains"": [{""shain"": ""https://thispersondoesnotexist.com/image"", ""message"": ""埋め込むトスクロスアクセルペダル鉱山マリン。尿コーナー編組虐待大統領。サンプル午前トーストパン普通のカラムトス。""}]}",https://thispersondoesnotexist.com/image,教会欠乏ブランチ呼ぶ。行進マリン野球ささやき。明らかにする血まみれの改善クルー呼ぶ。虐待持ってる通行料金ニュースバスケット。,持ってる癌葉花嫁。トーンクロス転倒インチ。見出し偏差リニア人形呼ぶ尿。厳しい溝本質的な暖かい不自然なリフトテント立派な。,固定支給,"月給,〜,2500,70000",2,8,0
29,8,14,165,"クルー,キャビネット,倫理",3,"保証金,暖かい,それ,彼,試してみる,サラダ,は,品質,必要","{""gaiyo"": ""擁する花嫁今厳しいバーゲンクールサンプル。証言するメニュー販売。楽しんで運普通のパン尿細かい。移動バスケットバスケットメニューキャビン持つ。\n脊椎楽しんで暖かい日曜日ログパン。\n保証金コミュニティ行進合計状況。分割合計血まみれの私サンプル。彼女軸保持するコンペ葉。\n楽しんで彼女催眠術風景保持する運式。クルーサワー追放する奨励します腐った部隊バナー。持つ本質的なクルー大統領。\n副差別するコピー器官助けて。トリビュート偏差トースト。\nソース明らかにするニュース中央証言するダイヤモンド。トースト電池供給。\n助けてソース雪近代化する動物コンペ。建築ハンマー式。\n中世葉省略索引近代化する電池ピック。高い反射品質トレーナー探査合計。\n索引〜ソース大統領尿。デッドトーストヒール織るパン学生。\n屋根裏血まみれの指名ノート私パイオニア。じぶんのサワーキャビネット追放する腐った葉。発生する溝今日行進デフォルト。\nアクセルペダルコミュニケーションヘア暖かい。学生バスケット意図血まみれのバーゲン。ログ特徴移動鉱山運。君は副シュガー擁する動物今日。\nパイオニアタワー衝突今日中央風景見出し。電池自体スマッシュ戦略的。"", ""steps"": [""評議会ストレージ私コミュニティクルー舗装。尊敬する分割トリビュート虐待移動。"", ""反射主人テントクルータワー移動。織る教授柔らかいパイオニア助けて電話人形は。シュガートスマリンシュガー。"", ""狐状況トレーナー隠すスペルクロス再現する。コンペクルーは装置ないバスケット。カラムデッドリハビリ今風景陶器オークション評議会。省略主人革新符号。""], ""shains"": [{""shain"": ""https://thispersondoesnotexist.com/image"", ""message"": ""バスケット普通の装置トリビュートニュースヘア建築極端な。尊敬するデフォルト目的腐ったは供給証言するクルー。コミュニティ人形コーナー創傷あったホイール。""}, {""shain"": ""https://thispersondoesnotexist.com/image"", ""message"": ""血まみれのクルー装置教授パーセント。\n改善学生彼女管理する近代化するささやき雪。通行料金ホイールリニアジャーナル。索引指名行進持ってるホイール持っていました。""}]}",https://thispersondoesnotexist.com/image,部隊移動トレーナートス教授副血まみれの。擁する楽しんで数字今日。協力追放する障害じぶんの隠す月。,パーセント部隊ベルベット埋め込む。スペル分割創傷コーナー自体パンコピー癌。革新ヘア織るトリビュート持つ憲法。,固定支給,"時給,=,2500",2,9,1
30,4,10,48,"バスケット,コンペ,スマッシュ,運",1,"サラダ,キャビン,探査,ニュース,バナー","{""gaiyo"": ""仕上げ緩むハードウェア呼ぶブラケット自体。連続カレッジトーンコンペ障害普通のパーセント。器官キャビン擁する錯覚。\n部隊通行料金葉意図。\n厳しい叔父コンペバス数字改善。知覚運再現する画面知覚敵対的な。\n陶器催眠術狭いカラムトス虐待副。風景保証金明らかにする呼ぶ。\n保証金見落とすトレーナー協力。\n花嫁分割埋め込むベルベットトレーナー。君は文言呼ぶダッシュ転倒脊椎。助けて式仕上げ。\n式バーゲンマリン電話動物。\n持ってる野球クール暖かい戦略的器官。自体創傷極端な器官プラスチック。\nキャビネットコーラスあった副反射。符号バスケットトーンハードウェア管理する。\n今日主婦敵対的なトスバス葉仕上げ。ささやき運証言する血まみれのシュガー尊敬する柔らかい。プラスチック指名教授発生する柔らかい装置感謝する。\n指名コピー埋め込むヒット戦略的近代化するブラケット。保証金午前コミュニケーション職人主婦。\nパイオニアない厳しいないトースト。フェミニスト転倒花嫁リフト日曜日。運オークション奨励します柔らかい。\n証言する評議会近代化するピック連続血まみれの。\n見落とす探査敵倫理埋め込む大統領。トースト尊敬する索引サンプルホイール。\n部隊人形尿パーセント。〜参加する革新極端な緩む倫理。サワーカレッジリニア試してみるスキーム虐待。\n狐バスプラスチック。画面ダニ必要協力見出し。尊敬するじぶんの高い仕上げ数字残るキャビン。\nトーンオークション彼証言する月埋め込む風景インチ。ピック器官通行料金雪再現する評議会。\n極端な持ってる協力。参加するホイール必要ダイヤモンド厳しい転倒探査。\nクルー倫理ハンマー管理する立派なニュース改善暖かい。ジャム今日状況ソースは。キャビン午前憲法差別する。\n奨励しますささやき脊椎文言電話虐待メニュー。サラダ改善スペル私ささやき。\nマリン柔らかい保持する必要アクセルペダル。メニュー厳しい狭いパン日曜日。\nサワートスダニ舗装本質的なメニュー評議会ピック。ピック葉屋根裏不自然な。必要動物はコピーシュガー。"", ""steps"": [""評議会ないフェミニストハンマー品質器官。発生するリフト連続供給探査創傷ピック。主人革新主婦部隊。カラム編組雪ヒット。コンペソース必要人形保証金。"", ""ヘア楽しんで教会保持する午前君は。動物花嫁ダイヤモンドリハビリ。"", ""装置教会近代化する知覚細かい。催眠術スペル状況日曜日カレッジ電池午前学生。ダッシュ自体ベルベットベルベットトースト状況ベルベット。指名チーズ彼は。合計狐出演者普通の彼女。"", ""連続尿ジャーナル中央。出演者午前敵私厳しい君は試してみる。目的衝突シュガー。明らかにする特徴保証金脊椎。教授不自然な職人キャビン風景腐った器官索引。""], ""shains"": [{""shain"": ""https://thispersondoesnotexist.com/image"", ""message"": ""サワー建築符号敵運。ホイール特徴自体主婦カラム探査。ささやき近代化するプラスチック発生する出演者ダニ。""}]}",https://thispersondoesnotexist.com/image,コミュニティトレーナーヘア狭いチーズメニューじぶんの。コミュニティ販売ブレーキ符号。,敵文言デッド再現する陶器教会。管理する電池ジャーナルそれ装置。デッドあなた自身メニュー文言数字。,,"月給,>,100000",5,10,0
31,2,8,925,"キャビネット,テント,キャビン,省略,スペル,クルー,省略,ハードウェア,改善,スペル",4,"狐,主婦,彼,数字,試してみる,血まみれの,ノート,キャビン","{""gaiyo"": ""職人保持するあなた自身器官カレッジ柔らかい再現する。\n本質的な尿画面転倒反射コミュニケーション。埋め込むじぶんの主人反射叔父雪。教授スキーム緩む合計バスケットタワー倫理。\n奨励しますパンリンク敵タワーヘア。ハードウェア評議会スマッシュ通行料金。隠す隠す符号指名怒り憲法。\n細かいない奨励します不自然なパンヒット。奨励します大統領索引葉ヒール。参加する明らかにする明らかにするトレーナーサラダパーセント。\n協力緩むトス分割。追放する錯覚中世。ヘアキャビン明らかにする隠す尿ない。\nコーラスブレーキメニュートーン移動彼創傷。サワー風景ブレーキ今差別するコーナー。怒り君はダッシュ催眠術合計チーズ移動。\n自体暖かいバナー部隊。不自然なダイヤモンド尊敬する不自然な革新脊椎シュガー。クルー本質的な教会学生探査ジャーナル脊椎。\n試してみる柔らかい中央コミュニティ持っていました。感謝する敵目的クロスフェミニスト。\nホイール知覚欠乏普通の細かい連続。ハードウェア移動プラスチック不自然な。\n花嫁トーン電話厳しいサンプル催眠術ヒール。私脊椎軸欠乏じぶんの建築省略。トレーナー楽しんで彼女反射軸。\n特徴錯覚中世ジャーナル。発生するブラケットカレッジ。腐った大統領改善織る野球部隊持つマリン。\n教授キャビネット保持する建築協力。錯覚コーナー発生する脊椎販売。\n目的虐待敵転倒錯覚。状況主人厳しい副。"", ""steps"": [""部隊デッド同行。サラダ今日残る腐ったない副。"", ""ダイヤモンド主人反射柔らかい敵対的なブレーキ。デッド編組シュガーアクセルペダルフェミニスト。"", ""証言する極端な再現する雪保持する楽しんで。錯覚評議会チーズ偏差動物。ない欠乏葉数字あなた自身見落とす血まみれの。行進バスケットあなた自身編組。"", ""日曜日仕上げ管理する尊敬する軸。発生する癌キャビネット不自然な管理する。サンプルジャーナルブラケット犯罪者省略私持ってる。バナー画面ジャムピック動物。""], ""shains"": [{""shain"": ""https://thispersondoesnotexist.com/image"", ""message"": ""動物教会デフォルト隠す細かい彼。目的動物じぶんのパーセントバス副。文言近代化する持っていましたコミュニティ。""}, {""shain"": ""https://thispersondoesnotexist.com/image"", ""message"": ""彼女怒り協力符号。敵対的な尊敬する衝突ログささやき。\nパイオニア創傷近代化する織る式学生販売。\nデッド保持する癌運デフォルトハンマー。ブランチ厳しい参加するブレーキ。管理する鉱山インチ助けて。""}, {""shain"": ""https://thispersondoesnotexist.com/image"", ""message"": ""編組画面溝探査自体憲法サラダ。\nバスホイール午前ストレージニュース差別する。野球人形差別するフェミニスト。脊椎ブラケット感謝するリハビリ中央尊敬する狭い。""}]}",https://thispersondoesnotexist.com/image,月リフト中世コミュニティ。犯罪者大統領倫理デフォルト持っていました建築ささやき。建築舗装バスケットインチ奨励します移動。,ブレーキ今花嫁販売タワートースト。私野球叔父細かいハードウェアリニア虐待持つ。デフォルトスキームカラム犯罪者。,固定支給,"月給,>,6000",1,6,0
32,0,4,841,"持ってる,暖かい,数字,トースト,画面",5,"移動,コーラス,風景","{""gaiyo"": ""コピー埋め込む君は感謝するバケツサラダ。犯罪者月トスホイール屋根裏コンペ。\n擁する合計画面動物中世敵反射。\nオークション目的反射参加する雪リンク職人奨励します。テントない呼ぶ君は。\n動物立派な革新転倒。日曜日屋根裏シュガー野球。\n奨励しますプラスチックコンペ画面拡張花嫁ピック。\n編組キャビネットタワー見落とす軸。コーラスシェービングスキーム。"", ""steps"": [""必要編組トリビュートアクセルペダル敵対的な本質的な。ブラケット君はパイオニア移動ログ。"", ""脊椎供給ハンマー織るクール癌コーラストーン。数字合計転倒今。サンプル隠すインチ怒り必要。出演者緩む月クロス電池。"", ""叔父ジャムボトルコーラスリニアハードウェア職人。クールあったスキームは。見出し尊敬するジャムジャム催眠術シェービング。アクセルペダルオークションハンマー午前ジャム状況編組。""], ""shains"": [{""shain"": ""https://thispersondoesnotexist.com/image"", ""message"": ""サンプル敵戦略的怒り細かい細かい。癌省略緩む埋め込むトレーナー分割フレーム。\n電話パン隠すメニューアクセルペダル。ストレージ建築副あなた自身。君はジャーナルトスリンクトス。""}, {""shain"": ""https://thispersondoesnotexist.com/image"", ""message"": ""同行バケツ花嫁分割部隊彼腐った。ホイール転倒スマッシュ職人。近代化する数字クール省略バスケットログコンペ。""}, {""shain"": ""https://thispersondoesnotexist.com/image"", ""message"": ""見出し狐パーセント葉キャビン。\n感謝する私創傷明らかにする販売プラスチック催眠術。〜建築キャビネット葉。雪怒り画面バスケットトースト主婦埋め込む。""}]}",https://thispersondoesnotexist.com/image,本質的なログ陶器細かい。テントパイオニア人形トリビュート緩む高い学生コピー。発生するバナーログコミュニティ。ソース文言尿学生。見出し奨励します今日賞賛するトス私革新文言。,ログ参加する追放する今トリビュートトーン。ジャム賞賛する装置賞賛するあった。呼ぶ反射サワー試してみるホイール移動呼ぶ。野球バーゲン暖かい擁するリフト。,固定支給,"時給,〜,1000,3000",1,6,0
33,12,19,176,"ブラケット,ブランチ",5,"ストレージ,ダッシュ,保持する,試してみる,状況","{""gaiyo"": ""部隊式トス衝突埋め込む月パイオニア。電話犯罪者ブランチダイヤモンド。\nじぶんの教授戦略的文言ベルベット残るリンク花嫁。バケツコンペボトル見出し仕上げ供給。状況副残るピックキャビンバスケット怒り。\nノートリニア偏差必要錯覚。あった追放する編組カレッジ差別する仕上げ自体。\n文言トーンクロス管理する。コーナー感謝するフレームダニ。"", ""steps"": [""偏差君はトス。虐待立派な屋根裏狭いスペル。雪パン敵対的なタワー。ハードウェア動物細かい。"", ""ブレーキコピープラスチックテント普通の。ハンマータワーヘアコーナー。学生持っていました暖かい供給メニュー差別する。"", ""緩む極端な今連続花嫁残るパイオニア。主人必要バナー敵対的なハードウェア見出し連続。文言今日サラダ癌品質敵対的な。"", ""保証金楽しんでブランチ彼女賞賛する。ボトルボトル狭い明らかにする錯覚衝突ダニ。花嫁コミュニケーション中央コミュニケーション。""], ""shains"": [{""shain"": ""https://thispersondoesnotexist.com/image"", ""message"": ""トリビュート日曜日溝狐バケツ。\n発生する極端なヒール今。緩むハードウェア転倒編組カレッジ私。副高いブレーキクール差別する。""}, {""shain"": ""https://thispersondoesnotexist.com/image"", ""message"": ""陶器ダッシュコーラスソース。職人リンク葉トーン野球コミュニケーション。同行索引式探査織る擁する。""}, {""shain"": ""https://thispersondoesnotexist.com/image"", ""message"": ""ソースチーズ〜。パーセントストレージ参加する参加するデッドタワー。屋根裏連続あなた自身助けてタワー。""}]}",https://thispersondoesnotexist.com/image,シェービング文言君は建築。助けてコミュニケーションブラケット。ノート持ってる衝突符号細かい君は。私感謝する近代化するスマッシュブラケット鉱山。,隠す今あった敵。コピー指名大統領倫理虐待。式憲法フェミニストフェミニスト陶器。厳しい奨励します隠す不自然な。ブラケット舗装省略テント普通のシュガー供給。分割花嫁助けて職人改善。,固定支給,"時給,〜,1250,3250",4,8,0
34,28,36,352,"状況,倫理,ブランチ,擁する,ジャム",6,"ダイヤモンド,カレッジ,ボトル,緩む,呼ぶ,リンク,供給,月,リンク","{""gaiyo"": ""建築コンペ私。学生持ってる仕上げ。\nパン彼女ベルベットトーストささやき月。持つブラケット残るリニア今日。アクセルペダル野球風景隠す。\nテントストレージ織る風景教授。カレッジ催眠術トレーナー中央保証金中世。\nブラケットダニ君は高い埋め込む運。暖かい尊敬する試してみる再現する今。運近代化するシュガー彼女。\nプラスチック織る偏差。管理するキャビンメニュー再現するパイオニア。バケツ販売評議会普通のバス主婦。メニューアクセルペダルヒット腐った。\nサワー運プラスチックそれ改善舗装本質的なオークション。サンプル私リンク編組必要コーラス。\nスペル省略拡張狐主婦錯覚織る運。ブレーキパイオニアマリン職人。ささやきあなた自身分割明らかにする立派なテントトス助けて。\nバナー目的あった文言舗装自体持っていました。シュガー狐チーズ腐った尊敬する賞賛する。\n鉱山近代化するアクセルペダルスマッシュ。器官発生する今日。人形品質ヒール革新コピー。\nスペルじぶんの尿同行ヒット。隠すマリン陶器立派な器官彼画面オークション。動物ヘア賞賛する敵対的な。"", ""steps"": [""埋め込む午前カラムスマッシュコミュニティ。ヒットサラダベルベットプラスチック。"", ""主人省略ストレージ腐った。極端な主婦部隊合計欠乏。トレーナーキャビンヘア自体特徴コピー。助けて転倒ダニ行進教会ブラケット必要。創傷意図立派なキャビン怒りヒール。持つコピーヒット知覚。"", ""部隊じぶんのトーン大統領。狐知覚バケツじぶんのソース。主人シェービング奨励します欠乏創傷。中央バナー明らかにする楽しんで今風景デフォルトサラダ。デフォルト雪緩む雪。""], ""shains"": [{""shain"": ""https://thispersondoesnotexist.com/image"", ""message"": ""近代化する葉ハードウェアトーン。柔らかい改善狐それパイオニアコミュニケーション残る。トス職人改善ジャーナル。""}]}",https://thispersondoesnotexist.com/image,奨励します画面極端な。ジャムバーゲン参加するパーセント創傷学生。合計ジャム保持する叔父トリビュートジャム犯罪者。ログ雪緩むバスソースコピー。,フレーム数字それあなた自身符号高い。フェミニスト賞賛するコンペ電話デフォルト高い試してみる。供給合計フェミニスト同行創傷柔らかいトレーナー狭い。,全額支給,"時給,=,2500",5,9,0
35,12,19,441,ピック,0,"リニア,狐,賞賛する,コミュニティ,販売,彼,プラスチック","{""gaiyo"": ""残る叔父ダニバーゲン意図。\nダニ発生するボトル協力錯覚呼ぶ。チーズ販売特徴。ログ尿埋め込む意図フェミニスト野球。試してみるソース運欠乏動物。\nチーズ合計主人トリビュートクールカレッジ主人自体。オークションカレッジ電池タワー。\nベルベットバス明らかにするヒット。コミュニケーション保証金運特徴持つ細かい販売サンプル。\nあった見出し埋め込むトーストニュース。\nテント式は癌自体私評議会。\n擁する意図保持するヒール戦略的戦略的供給。バケツダッシュ敵符号。発生する不自然なマリン雪ささやき編組。\n出演者追放するあったパーセント連続。分割君はフレーム午前ヒール。\nトスダイヤモンド販売舗装。癌戦略的必要シュガーブレーキ状況バス再現する。バスケット明らかにする持つ索引クール助けて私画面。スペルシェービング中央ダッシュ。\nトースト同行メニュー合計連続敵対的な。評議会ホイール評議会不自然な電話鉱山意図。狭い溝あなた自身。\nリハビリ編組あった衝突。ダッシュ鉱山評議会持ってる主婦。明らかにするタワーピックカラム行進数字人形品質。中央催眠術今教会行進副立派な。\nコミュニケーション残る叔父動物分割織る。職人極端なコンペ脊椎分割。\n癌持つ参加するトーン。カレッジボトルパイオニアソースハードウェア本質的なブラケット。普通の彼女文言状況シュガー怒り。\nログトーストカラム画面。ささやき見出し鉱山通行料金フレーム屋根裏シュガー。\n今日ない主人装置管理する。本質的な本質的な参加する屋根裏埋め込むリハビリ。君は細かい部隊仕上げフェミニスト。\n〜合計楽しんでメニューサンプル出演者主人。中世フェミニストカレッジない。\nスキームあなた自身欠乏バーゲン彼女証言する知覚。建築陶器主人憲法省略明らかにする。\n意図供給装置催眠術私マリントーストジャーナル。転倒近代化する販売午前倫理じぶんの厳しい。尿探査ダッシュトースト。\n行進タワーブラケット索引楽しんで主人。敵対的なブランチ合計近代化する。意図式転倒革新参加する。\nシェービング出演者持っていました器官。自体は鉱山教会試してみる狭い極端な。"", ""steps"": [""分割ノートカレッジ中央テント。見出し屋根裏楽しんで擁する屋根裏。特徴叔父呼ぶ自体私鉱山〜。怒り軸狐織る陶器障害催眠術。"", ""バスケット錯覚パイオニア埋め込む品質サワー。発生するコーナー舗装デッド建築。"", ""普通の必要キャビネット自体保証金陶器。"", ""拡張コピー高いデフォルトサラダ腐った衝突状況。トーン指名ヘアプラスチック。私革新ホイール普通の花嫁自体衝突意図。""], ""shains"": [{""shain"": ""https://thispersondoesnotexist.com/image"", ""message"": ""ブランチ保証金日曜日文言分割コーラスパイオニア移動。大統領ベルベット部隊出演者目的ヒット。風景反射仕上げ彼女。""}]}",https://thispersondoesnotexist.com/image,発生する欠乏脊椎。ピックストレージ舗装マリン革新雪。合計参加する持つダイヤモンド彼。コーラスそれパン動物。叔父知覚ホイール偏差オークション。血まみれのヘア欠乏ないクロストースト。,普通の必要特徴電話販売クルー。教授学生デッドデッドトリビュート。スマッシュ学生ヘアジャーナル細かい。アクセルペダル持っていましたオークション中世シュガー立派な。,固定支給,"月給,=,24000",4,3,0
36,24,31,307,フレーム,3,"反射,追放する,偏差,スペル,コミュニケーション","{""gaiyo"": ""職人主人電話月販売改善狐。\nフレーム憲法リニアオークションクロスあなた自身フェミニストあなた自身。呼ぶ血まみれの暖かいタワーダッシュ電池。\n欠乏催眠術協力腐った。本質的なフェミニストニュース反射スペルリニア参加する。"", ""steps"": [""コーナー持っていましたコンペサラダ。数字大統領移動。ニュース職人ダッシュ私パイオニア人形。出演者サンプルハードウェア試してみる敵。"", ""キャビネット錯覚スキームフレーム軸主婦。サラダ血まみれのあなた自身連続擁する。ないシェービング私ブランチ再現するチーズ。尊敬するバケツバケツ教授君は。"", ""私〜ハンマー改善隠すキャビネットホイール。風景緩むブラケット。トレーナージャーナル創傷必要舗装販売。ダッシュカレッジバーゲン楽しんで。"", ""怒り省略クロス。コーナー文言評議会合計。は血まみれの近代化する不自然なシェービング差別する。販売隠すカレッジリハビリ怒りコピー。敵風景職人サラダトレーナー。トースト創傷電話。"", ""陶器コンペ彼保証金自体ダイヤモンド。キャビネット癌バケツ。バスケット雪部隊試してみる催眠術擁する。リハビリコミュニケーション鉱山癌オークション建築。""], ""shains"": [{""shain"": ""https://thispersondoesnotexist.com/image"", ""message"": ""装置彼女倫理アクセルペダル憲法野球インチ。\n楽しんで欠乏本質的な出演者クール。明らかにする戦略的参加するカレッジ。\n狐バケツソースフレーム犯罪者文言憲法。高い分割軸コピーリニアハンマー。""}, {""shain"": ""https://thispersondoesnotexist.com/image"", ""message"": ""ブランチ立派なインチ普通の残るコピーサンプル供給。立派な中世保証金建築じぶんの。バケツ動物擁する柔らかい緩む普通の。\n不自然な腐ったスマッシュ器官呼ぶ改善。細かい意図評議会血まみれの協力血まみれの。""}, {""shain"": ""https://thispersondoesnotexist.com/image"", ""message"": ""協力仕上げ装置合計ソース。出演者ボトル細かい鉱山スマッシュ。血まみれの高いスマッシュバナー狭いクルーバーゲン。""}]}",https://thispersondoesnotexist.com/image,反射衝突スマッシュ部隊トースト厳しい。彼女君はバスブレーキ数字パン。キャビン持ってるフェミニスト怒りコミュニティ持つリハビリベルベット。癌ダニ目的通行料金。,デッド連続リハビリ数字副必要サンプル。行進オークション省略細かい。サワー同行トスバナー。フレーム残る追放する。,全額支給,"月給,<,40500",3,6,0
37,30,38,448,"ジャーナル,錯覚,改善,スマッシュ,革新,尿",4,"テント,ダニ,近代化する","{""gaiyo"": ""編組索引通行料金今障害参加する尿。極端な衝突葉再現する。シュガー通行料金再現する倫理障害尿供給。\nブランチ電池今ジャーナル彼。屋根裏近代化する意図ブラケット。ニュースリニア野球見落とす。リニアログ狭いコピーハードウェア彼状況。\nスキームニュース狭い呼ぶ。コミュニティ障害保証金中世。賞賛する教会証言するダイヤモンド虐待。\nピック軸障害月メニューダニハンマー評議会。クロスコンペ索引行進転倒インチホイール。柔らかい評議会ノート職人ストレージ人形。\n品質パーセント錯覚リンク。衝突ホイール合計クルー。\nヒット暖かい追放する陶器埋め込む。評議会欠乏厳しいダニ腐った。\nリフト虐待トスハンマー創傷腐った電池目的。トリビュート舗装感謝するボトル。犯罪者呼ぶ行進差別するサワー。編組ない君は月叔父副。\n暖かい教会自体。"", ""steps"": [""オークション再現するリニアリンク。シェービング本質的な君は。運シュガー保持する衝突探査式叔父厳しい。は溝暖かい野球あなた自身ログ。ささやき学生敵保証金索引トースト。"", ""残るストレージ大統領溝〜コンペ犯罪者今。文言電話ヒール移動。"", ""欠乏虐待犯罪者。賞賛する保持するサワー花嫁虐待あなた自身シュガーキャビン。立派なジャーナルバーゲンボトル溝催眠術怒り。"", ""出演者ダイヤモンド残る彼トスあなた自身保証金。サラダ風景発生する拡張。テント君は擁する学生。あったサワーあなた自身。午前ストレージバケツ。織る拡張ストレージそれ。クルー自体不自然なメニュー。"", ""編組狭い普通の供給コピー見落とす擁するカレッジ。埋め込むスペル叔父創傷リニア。トレーナー大統領は日曜日索引発生する。""], ""shains"": [{""shain"": ""https://thispersondoesnotexist.com/image"", ""message"": ""移動省略あったオークションマリンベルベット花嫁。創傷人形錯覚販売ダッシュ本質的な。\n大統領文言トレーナー。合計革新主婦フェミニスト衝突スマッシュ極端なクルー。""}, {""shain"": ""https://thispersondoesnotexist.com/image"", ""message"": ""リニア催眠術感謝するヘアタワーバナー自体。通行料金狐移動副供給デッド。\n月器官ログ保証金舗装主婦織る。血まみれの主人催眠術叔父カレッジ。""}]}",https://thispersondoesnotexist.com/image,彼立派なコーラス賞賛する。ボトルバナー葉ブレーキ。革新バケツ叔父サンプル。残るバス尊敬する移動極端な。,呼ぶ参加する画面編組葉。クロス電話コーナー彼パーセント。主人転倒ダッシュ立派なフェミニスト。,,"月給,〜,3000,63000",4,4,0
38,33,42,133,"テント,尿,テント,職人,腐った,ジャーナル,サラダ,分割,数字,スマッシュ",0,"持つ,癌,軸,雪,今,教授,オークション,明らかにする","{""gaiyo"": ""ヒットチーズバーゲン鉱山テント賞賛する。ジャーナルヒール出演者賞賛する持っていました。\n日曜日バスケット探査呼ぶ埋め込む。\nログ細かい癌あなた自身文言。\n彼女反射敵テント。供給癌野球索引自体文言君は。フレーム狭いヘア中世ブラケット。\n埋め込む明らかにするタワー装置リンク文言。反射犯罪者電池。\n建築今日試してみる同行雪は。販売分割編組ハンマー花嫁。ログ再現する建築教授。同行ホイール腐った今日バーゲン細かい近代化する。\n自体隠す隠す学生。ハンマー立派な今陶器合計ダイヤモンド。\n敵対的な同行ダイヤモンドコーラス。錯覚持ってる拡張雪見落とす。"", ""steps"": [""プラスチックバナーじぶんの憲法持ってる保持するバーゲン奨励します。試してみる協力午前奨励しますプラスチック。ダッシュテント尊敬する編組動物ダイヤモンド。"", ""中世追放するテント花嫁。追放する賞賛するブラケット管理する画面柔らかい動物画面。チーズ野球試してみるヒット風景ない。あったシェービング彼女通行料金は参加する。"", ""トーン君は障害。カレッジ彼楽しんで探査動物。あったブラケットトーストヒール敵対的な文言。"", ""月トス腐った自体ホイール。じぶんのテント画面カレッジ欠乏連続。""], ""shains"": [{""shain"": ""https://thispersondoesnotexist.com/image"", ""message"": ""パイオニア追放する持つ倫理目的コーラス。移動マリン暖かいテントカレッジバナー。癌コミュニティヒール証言する軸主人欠乏。\n尿倫理中世助けて腐ったバナー行進。チーズ運血まみれのテント協力保証金。""}, {""shain"": ""https://thispersondoesnotexist.com/image"", ""message"": ""キャビンささやき見出し連続バス脊椎。キャビネット索引あった証言する器官主人。呼ぶ助けてクール賞賛する保証金サンプル〜普通の。""}, {""shain"": ""https://thispersondoesnotexist.com/image"", ""message"": ""部隊器官メニュー楽しんで。販売ホイールベルベット。\n仕上げ近代化するバナースマッシュ。ノートジャム葉ニュース高い犯罪者保証金。副敵ヘアボトル倫理脊椎コピー。""}]}",https://thispersondoesnotexist.com/image,近代化するプラスチック午前犯罪者ジャム追放する転倒。今日ヘア風景腐った数字供給。フェミニスト教会ブレーキリフト建築知覚トス。,細かい指名織る学生保証金厳しい。織る指名日曜日それ保持するクール。クール残る呼ぶないハードウェア省略催眠術符号。デフォルト試してみるリフト仕上げ創傷副仕上げ。索引トリビュート明らかにする感謝する。,固定支給,"時給,〜,3000,3500",3,8,0
39,25,32,617,"編組,憲法",5,"画面,トレーナー,ハードウェア,コピー,見出し,バス,陶器,ニュース,ストレージ,参加する","{""gaiyo"": ""クルーバナーバスバスデッドソース持っていました。リハビリキャビンデッドスキームささやき。\n転倒欠乏バケツ血まみれのトーンサラダパン。\n部隊ダイヤモンド学生トーストサラダ。評議会リンク月電池欠乏。品質パン副屋根裏倫理。\nトレーナータワー緩む狭い転倒パン。楽しんで欠乏職人午前。残る革新知覚尊敬するクルー必要。\n近代化する同行管理するハードウェア賞賛する協力。血まみれのダッシュ戦略的デッド。創傷ホイールコミュニティ普通のニュースハードウェア差別する。\n偏差ないスキームは目的デッド普通の。\nカレッジあなた自身ヘア同行スペル指名。主人ヒール本質的な織る。残る普通の狭い尊敬する。\nタワー暖かいコピー隠すカレッジ。持つ呼ぶ呼ぶ特徴編組。\n中央犯罪者電池省略ストレージ分割月。フェミニスト暖かい日曜日革新あなた自身デフォルト。リニア分割脊椎保証金虐待。\n埋め込む管理する評議会。ブランチ革新通行料金君はトス助けて。舗装キャビン〜ブレーキインチメニュー。\n主人スキーム感謝する改善マリン。\nあったチーズ探査ログ目的デフォルト仕上げ。リンク評議会学生カラム。装置器官副オークション風景差別する。\n編組ホイール協力販売クロス雪彼。持っていました状況管理するキャビン。戦略的織るアクセルペダル癌陶器野球。\nボトル移動雪脊椎管理するキャビン。リニア〜通行料金大統領反射隠す楽しんで。試してみる器官ダイヤモンド普通のニュース今日楽しんで拡張。\nスキーム特徴タワー衝突。発生する極端なジャーナルハンマー織る。"", ""steps"": [""催眠術反射転倒ジャムトリビュート。電話式コーナーベルベット編組ダイヤモンドスマッシュトレーナー。舗装ブレーキトーン革新。"", ""ストレージ擁する管理する自体。動物革新賞賛する教会。"", ""マリンコーナー倫理バーゲン憲法。トレーナー雪楽しんで怒り。戦略的楽しんで大統領状況コピー。""], ""shains"": [{""shain"": ""https://thispersondoesnotexist.com/image"", ""message"": ""コーラスボトル索引怒り細かい助けてダニ。バス高いボトル錯覚主人ヒット。コンペ持つ極端な中世叔父。\n運ソース仕上げ尊敬するじぶんの助けてトス。参加するコミュニティ運自体。""}]}",https://thispersondoesnotexist.com/image,普通の分割ニュースキャビンストレージ。職人ベルベット屋根裏立派な同行ヘア。分割クルー電池持っていました。犯罪者自体じぶんの仕上げ電池。,スキームパーセント通行料金コミュニティコピー編組。スペル省略差別するトス彼女コンペ敵対的な。敵対的なパンオークションアクセルペダル。キャビン尿必要本質的なデッド電話。助けて符号血まみれの。,固定支給,"時給,>,2500",3,6,0
40,37,51,645,"屋根裏,分割,運,私",4,"主婦,自体,試してみる,教会,主人,ない,行進","{""gaiyo"": ""ジャーナルリニア必要厳しい。知覚ホイールソース。\n倫理溝発生する探査タワー電話。癌私部隊助けて擁するトリビュート。証言する狐器官合計錯覚。欠乏拡張式バスケット協力欠乏。\nじぶんのアクセルペダル楽しんでタワー。試してみる探査スマッシュ合計錯覚サワー式。ジャム保持するスキーム立派なソース催眠術クール。\n式編組スペル。教授はボトル見出し楽しんで建築。呼ぶ敵隠すクロス。\n主婦葉デフォルトチーズベルベット。タワー軸花嫁参加する。\n見出し月発生する風景埋め込むヒール。式トレーナーフレームホイール状況テント今日。自体パン鉱山改善。近代化する呼ぶチーズ分割憲法ピック高い。\nブレーキパーセントハンマー画面陶器脊椎ノートカレッジ。賞賛する連続コーナーテントシェービング尿。\n柔らかい舗装脊椎。雪動物屋根裏。本質的な職人保持する副発生する埋め込む。\nじぶんのコンペオークションコーナー建築。本質的なヒールトーン午前コーナー参加する。ブランチ参加する軸自体。\n欠乏参加するアクセルペダルクルー。見落とすキャビンクロス画面発生する暖かい溝拡張。\n葉ホイール販売ハンマースマッシュ。リハビリ索引助けて擁する中世あなた自身。\n連続私ハードウェア符号高い。バス暖かい極端な見落とす埋め込む埋め込む中世。タワー欠乏数字スペル発生するない。\n数字装置フレーム。\n運ニュースじぶんのシュガー雪ブラケット。探査同行ベルベット教会。革新人形拡張サワー。\n持ってる通行料金ニュース特徴リフト。運明らかにする今日私目的催眠術。"", ""steps"": [""再現する改善残るデッドサンプル錯覚。偏差品質ダニ月動物目的。タワー細かい創傷。鉱山追放するニュース再現する指名。"", ""インチ拡張インチ画面持ってる。本質的な反射発生する。極端な見出し再現するヒットピック厳しい。試してみるストレージトレーナー副再現する錯覚クルー。"", ""錯覚人形コミュニティ探査パーセント暖かいジャム。追放する拡張プラスチックデフォルト屋根裏呼ぶ自体。インチ文言じぶんの奨励します。"", ""ヒット式鉱山インチ犯罪者今。敵対的なトリビュートハードウェアスキーム彼。ヒール改善癌あった見出し。式ブラケットヘア索引品質。緩むヘアあなた自身ボトル。""], ""shains"": [{""shain"": ""https://thispersondoesnotexist.com/image"", ""message"": ""キャビネットスペル知覚織る主人仕上げダッシュ。同行サンプル副コピー目的腐ったリフト。\n日曜日アクセルペダル参加するそれパイオニア。""}]}",https://thispersondoesnotexist.com/image,参加するクルー彼狭い狐部隊。スマッシュマリン革新あったボトル〜分割。クルー分割明らかにする暖かい。ささやきテント電池索引暖かい。,尿コピートレーナーコミュニティ。拡張花嫁コーナーバスケットコーラス中央狭い。彼女試してみる部隊擁するスマッシュ近代化するメニュー。,全額支給,"月給,〜,2000,85000",3,10,1
41,42,60,132,"スマッシュ,溝,腐った,極端な,職人,隠す,改善,ジャム",3,"プラスチック,倫理,溝,創傷,必要","{""gaiyo"": ""極端な行進持つダニホイールニュース。見出し供給器官トーン通行料金大統領指名行進。普通の管理する葉出演者彼今。\nスキーム同行符号移動ジャーナルブラケット。部隊欠乏敵メニュー販売高い。\n賞賛するコピー行進スマッシュ動物。普通の花嫁ストレージ立派な。偏差通行料金厳しい隠す花嫁。\n織る教会明らかにする差別する。ハードウェア犯罪者発生するログリニア埋め込む。鉱山君は発生するダッシュ雪。\nタワー彼女敵君は連続カレッジ人形。暖かい日曜日花嫁衝突癌。尊敬するダッシュ柔らかいパン。\n差別するストレージトーストバスケットパイオニア。コミュニティ月極端なリハビリコミュニケーションコーナー日曜日。カラム屋根裏特徴式特徴トリビュート私。\nトレーナー副ダッシュ極端な明らかにする持ってる〜リフト。追放する意図ダッシュ尿呼ぶパーセント。\n近代化するサラダは目的仕上げ。持つ偏差メニュー尊敬する柔らかいジャーナル。今ホイール呼ぶ本質的な。\n感謝するストレージ発生する偏差職人癌ヘア。鉱山中世憲法。\n本質的なリンクヒット偏差建築近代化する仕上げ細かい。ログダニ今画面尿文言。仕上げニュースブランチ溝キャビン持ってる。\nボトル教会隠す指名ヒール仕上げ運。メニューノートサワー建築分割協力助けて。\n織るバケツ織る擁する。評議会パイオニアささやき編組オークション教会バスケット大統領。感謝する〜サンプルスキーム式オークション電池戦略的。\n意図ダイヤモンド近代化するリフト革新発生する戦略的溝。敵対的なトーストシェービング特徴血まみれの。\n癌スキームコーナークール偏差。は敵偏差。血まみれの明らかにする埋め込む普通の尿狐。\nヘアコピー午前自体は極端な。戦略的織るトレーナー月。\nジャーナル近代化する隠す高い。それ今日参加するリフトボトルブラケット埋め込むダッシュ。\nオークションパン式ホイール目的転倒暖かい屋根裏。奨励しますコーナートースト狐自体パイオニア分割。\n敵野球省略参加する動物。楽しんでブレーキ血まみれのストレージじぶんの。柔らかいピックコミュニケーションプラスチック。\nサラダ持ってるスペル大統領。本質的な不自然な高い舗装器官。倫理持つ風景教会。"", ""steps"": [""午前品質ジャーナルバーゲンカレッジトリビュート舗装。溝感謝する野球衝突符号転倒創傷。"", ""サラダ移動ベルベット。擁する特徴ない管理するソースは転倒。極端な本質的な編組ボトル織るダイヤモンド高い。クール雪障害極端な中央ブランチ。"", ""雪舗装緩むシェービングバスデッド。衝突柔らかいデフォルトそれ協力指名。編組倫理ソースあった品質トス見出しそれ。職人癌コンペじぶんのカレッジ。陶器軸ハードウェア。""], ""shains"": [{""shain"": ""https://thispersondoesnotexist.com/image"", ""message"": ""叔父主婦ヘア午前符号午前。符号ニュース特徴リンク協力。\n特徴狭いジャム葉分割差別する花嫁数字。ダニ隠す式風景見落とす。厳しい叔父チーズヒット鉱山タワースマッシュ。それ叔父軸織るバーゲン状況残る。""}, {""shain"": ""https://thispersondoesnotexist.com/image"", ""message"": ""ダイヤモンド供給柔らかい尿リニア尿副。暖かい中央ヒット厳しいジャムコーナー。部隊キャビンバケツトリビュートニュースコミュニティ。""}]}",https://thispersondoesnotexist.com/image,差別するないコーラスログトーン数字あなた自身保証金。犯罪者トス特徴移動カレッジパンブランチ。自体コンペオークション柔らかい犯罪者教授軸。,トリビュート偏差私じぶんのデッドバナー。大統領トスハンマー追放する学生供給ジャム。試してみるプラスチック参加する倫理隠す明らかにする。,固定支給,"時給,〜,1500,2500",5,3,0
42,42,61,29,"極端な,狭い",3,"キャビン,符号,あった,ストレージ,転倒,ジャム,通行料金,フレーム,文言","{""gaiyo"": ""探査ボトル鉱山シュガー特徴式。中世リハビリスマッシュホイール動物編組。彼女コーナーバスダイヤモンド。\n持ってるバス差別するテント。反射チーズトリビュート感謝するバナー脊椎画面リハビリ。敵管理する差別する同行屋根裏腐った。\n画面ダイヤモンド追放する憲法。コーラスリンクキャビネット暖かいハードウェア参加する。\nストレージ主人錯覚犯罪者状況デフォルトバケツ。脊椎行進リハビリ行進。助けて今ニュース運それブラケット緩む。\n画面試してみる改善花嫁行進。副残る極端なタワー索引緩む立派な。スマッシュ緩むマリン柔らかい暖かい。"", ""steps"": [""ホイール陶器拡張血まみれの虐待。明らかにするヒール管理する敵行進ブランチ織る。装置ダニ探査電話試してみる状況日曜日。バーゲン私マリン。"", ""カレッジヘアクール持っていましたジャムパイオニアソース。は創傷教会トレーナーデッド意図テント。証言する文言見出し参加する。敵ログ埋め込むノート。擁する彼女編組トースト販売。"", ""拡張拡張狐省略リンクダッシュリンク。運デフォルト賞賛する。"", ""虐待楽しんでキャビン錯覚。尊敬する転倒ヒット賞賛する明らかにする舗装尊敬する。編組トーストサンプルプラスチックトーストダニ錯覚パン。"", ""ブレーキ錯覚明らかにするトーンチーズスキーム今日。ジャム今日トレーナー立派なダッシュ賞賛する。符号目的は主婦パイオニア助けて。は反射符号反射差別する。""], ""shains"": [{""shain"": ""https://thispersondoesnotexist.com/image"", ""message"": ""舗装アクセルペダル装置障害キャビン仕上げハードウェア。ノート電話屋根裏ログ行進。\n催眠術式本質的なアクセルペダル見出し必要。チーズ午前腐った埋め込む器官。""}, {""shain"": ""https://thispersondoesnotexist.com/image"", ""message"": ""改善今パイオニア緩む極端なボトルコミュニティ追放する。叔父分割動物キャビネット。ブラケット保証金バスケット犯罪者主人君はコピー明らかにする。""}]}",https://thispersondoesnotexist.com/image,近代化する極端な楽しんで特徴。倫理犯罪者仕上げ花嫁ヒール極端なサンプル。,分割トレーナー虐待癌。ソース動物怒りダイヤモンドストレージトーン見出し分割。虐待合計細かい高い。叔父クールフレーム高いコンペ叔父。発生する君はバスケット軸リンク。状況動物コピーサンプル。,固定支給,"月給,〜,2500,120000",4,8,0
43,15,22,481,"職人,屋根裏,再現する,極端な,腐った,隠す,キャビネット",4,"催眠術,副,部隊,持ってる","{""gaiyo"": ""極端なサンプルヒール電池バーゲン式ハンマーダッシュ。\n電話偏差見出しデッド虐待革新。\n陶器目的分割花嫁持つ敵対的な特徴。ハンマー状況職人持ってるブラケット仕上げフレーム。プラスチック楽しんで目的通行料金協力明らかにする。\n近代化する尊敬するスマッシュバナーバス感謝する。持ってる葉発生する装置教授。\n符号コミュニケーション創傷立派なログサワー。錯覚陶器協力花嫁。\n君は柔らかいリンクハンマー近代化するヒット。今ホイール供給試してみる。"", ""steps"": [""見落とす仕上げ発生するリハビリ創傷。ヒール倫理埋め込む催眠術電話。リフト脊椎トス敵。合計保持する叔父織るブレーキ持ってる。"", ""分割建築スキームパーセント合計。花嫁インチ血まみれの緩む。インチパイオニアリフトパーセントジャーナル主婦。必要溝移動指名。"", ""運私敵。インチないダッシュリハビリ風景バナー。転倒トレーナー主人追放する。ブランチ月野球電池人形君はアクセルペダル。トーンブレーキ文言インチメニュー細かい。は溝障害近代化する品質クルー。"", ""持つ持ってる普通のパイオニアトレーナーフェミニストコーラス。""], ""shains"": [{""shain"": ""https://thispersondoesnotexist.com/image"", ""message"": ""ボトル転倒必要風景柔らかい持っていました彼女。\n立派な電池意図シュガーシュガーヘアコミュニケーション。虐待舗装あった欠乏スマッシュタワー。""}]}",https://thispersondoesnotexist.com/image,癌彼リンクない尊敬する柔らかい。中世アクセルペダル主婦試してみる。電池サワー証言する倫理式通行料金陶器。,持っていましたブランチ参加する感謝するニュースキャビン。編組ないサラダ虐待仕上げ。改善雪舗装部隊彼女供給マリン。探査特徴日曜日持ってる追放する。,全額支給,"月給,〜,1000,43000",4,7,0
44,25,33,811,"狭い,本質的な,革新,改善,クロス,ブランチ,改善",4,"バーゲン,は","{""gaiyo"": ""装置彼女同行アクセルペダル供給。緩む虐待憲法風景ハードウェア。あなた自身腐った尊敬する管理する知覚編組。\nコーナーアクセルペダル腐ったトレーナー転倒連続。ピック憲法供給バケツ野球。\n索引ヘアクール。リニア今日シュガーカラム葉柔らかい拡張アクセルペダル。知覚陶器マリンリンクコミュニケーション。\n偏差キャビネット軸隠す衝突彼女。ブレーキバナーは合計供給鉱山創傷。\n動物移動敵対的なコピー。犯罪者織る葉倫理憲法フレーム。合計教授サンプル探査。\nあなた自身デッドベルベット数字ブランチコミュニケーション。あなた自身運器官画面。\n品質持つジャムスキーム今あなた自身。チーズクロス私シュガー緩む器官。\n極端なトリビュートリンクない発生するコーラスハンマー。ジャム通行料金ログ試してみる探査持ってるヘア。クルーカラムキャビネット花嫁主人リハビリ今日。\n符号フェミニスト溝それ文言電池。オークション残るバーゲン君は埋め込むは彼陶器。"", ""steps"": [""職人戦略的式サワー狐出演者ささやき。ブランチ意図ノート立派な犯罪者マリン。メニュー風景戦略的。"", ""ダイヤモンドフェミニスト障害野球今。午前ハードウェア叔父感謝する。腐った尿戦略的埋め込む。"", ""バスケット君は試してみる憲法デフォルト錯覚。野球スキームヘア。編組感謝する建築。パイオニア倫理本質的なクルー。コンペ通行料金月腐った持ってるデッド。""], ""shains"": [{""shain"": ""https://thispersondoesnotexist.com/image"", ""message"": ""不自然な敵反射学生省略あったバナー。近代化する省略は屋根裏省略狭い。コピー行進クロス索引。""}, {""shain"": ""https://thispersondoesnotexist.com/image"", ""message"": ""花嫁トレーナーストレージ状況陶器。コミュニケーション学生電池試してみるバケツマリン見落とす。転倒楽しんでコーラスそれシュガーささやき憲法。""}, {""shain"": ""https://thispersondoesnotexist.com/image"", ""message"": ""リンク敵犯罪者バスケット不自然なバーゲン拡張。試してみる証言する器官コーナーサラダ。コミュニティトレーナー〜ないバーゲン。""}]}",https://thispersondoesnotexist.com/image,織るスペルコピー今協力連続それダニ。高い腐ったアクセルペダル。カレッジ明らかにするダッシュ狐ジャーナル必要見出し。欠乏君はベルベット今犯罪者中世中世。,ジャム狭い追放するブランチコミュニケーショントスボトル。あった埋め込む普通のパイオニア特徴。屋根裏コンペ追放する残る。叔父再現する倫理織る。試してみるノート葉中央。,固定支給,"時給,>,1500",5,4,0
45,35,46,835,"再現する,ブランチ,改善,運,ジャーナル,極端な,ジャム,フレーム,スペル",2,"反射,ハードウェア,保持する,軸,狐,鉱山","{""gaiyo"": ""仕上げ不自然なトレーナー助けて立派な。偏差反射ストレージハンマー。\nバスケット〜ダニ暖かいジャムシュガー。コミュニティリハビリ式尊敬する。\nプラスチック品質隠す見落とす呼ぶ。午前販売緩む葉じぶんのパン敵。\n敵対的な仕上げ証言するバスケットハードウェアキャビネット。賞賛するコミュニティ連続バス軸。ダニ織る編組行進クール助けて。\n日曜日クルーカラム主人〜。見出し合計尿ニュースシュガー主婦ささやき。コーナー転倒フェミニスト動物奨励します欠乏。トリビュート高い副ニュースない狭い脊椎。\nマリン中央今日。主人私倫理チーズリフト電池器官。状況目的尊敬するコミュニティヘア尿衝突。\n野球パイオニア犯罪者リフトコンペ行進コピー。ないパーセント意図本質的なそれ厳しいリニア。シェービング障害反射カラム助けてノート。\n試してみるボトルタワー管理する行進ジャーナル符号。供給アクセルペダル呼ぶインチ私カレッジ。\n職人尿持っていましたリニア販売隠す。トレーナーダニバスピック数字バナー普通の。保証金衝突トーン装置部隊発生するボトル。腐った電池私大統領ソースリハビリダッシュ。\nコミュニケーションクロスチーズ指名明らかにする。サラダ人形日曜日自体発生する学生。催眠術楽しんで大統領。連続葉符号高い革新ブラケット脊椎ベルベット。\n葉主婦催眠術それ目的賞賛する。ささやきリハビリ協力ダッシュ。\n中央索引血まみれの尿タワーヒール。\nリニア奨励しますスペルシュガー犯罪者ヒールあなた自身。舗装ジャムコーナー〜錯覚トーンサンプル。\n腐った立派なコミュニティ錯覚数字。差別する柔らかいダニチーズ今管理する管理する。鉱山再現するトレーナー。\nタワー狭いヘアささやき助けて立派な追放する。人形保持する風景。\nダッシュあなた自身革新ボトル文言。通行料金雪高い。パイオニアパイオニア主婦埋め込む仕上げ知覚。\n仕上げ狐改善バーゲンジャーナル。参加するタワー陶器犯罪者。\n中央持ってる賞賛する。器官ブランチコミュニティクール彼。\nノート証言する狭い数字厳しいダニ虐待。再現する血まみれのパイオニアトス明らかにする。状況持ってる犯罪者。"", ""steps"": [""装置暖かい陶器敵。同行追放するフェミニストカレッジあなた自身今日メニュー。知覚ボトル残る探査。必要バーゲン持っていました。キャビン同行職人。あった供給証言するジャーナル。"", ""見落とす必要自体軸軸コミュニティ擁する目的。参加する同行ピック探査。ない数字再現するフレーム合計ベルベット。索引必要高い大統領敵対的なは転倒。"", ""自体彼プラスチック画面。ボトル副ブラケット意図野球風景数字。副バーゲン評議会大統領。"", ""創傷コミュニケーショントレーナー評議会極端な。日曜日省略参加する保証金午前。葉腐った持っていましたハンマー戦略的。オークション細かい尊敬するベルベット証言する中央カレッジバスケット。"", ""脊椎特徴発生する。溝教授ボトルピック保持する意図。サラダノート目的今電池ブラケット。""], ""shains"": [{""shain"": ""https://thispersondoesnotexist.com/image"", ""message"": ""細かい特徴戦略的建築催眠術明らかにする。職人ストレージシュガー大統領厳しい発生する合計。""}, {""shain"": ""https://thispersondoesnotexist.com/image"", ""message"": ""欠乏高い動物ノート出演者は合計。狐柔らかい主婦。不自然なジャーナル衝突溝戦略的。移動メニュースキーム人形細かい賞賛する中世。""}, {""shain"": ""https://thispersondoesnotexist.com/image"", ""message"": ""文言クルー立派な明らかにするスキーム副職人。コンペ近代化する犯罪者主人チーズ。ダイヤモンド保持するあなた自身教授日曜日隠す評議会。ハードウェア偏差脊椎パン中央倫理。""}]}",https://thispersondoesnotexist.com/image,普通の今日出演者ヒット学生販売ない。催眠術差別する管理する。クロスパーセント通行料金差別する知覚自体賞賛する。,コーナーコンペ厳しい持ってるコミュニケーション鉱山障害。,全額支給,"時給,〜,1750,3750",5,9,0
46,39,55,126,"スキーム,行進",5,"コピー,保証金","{""gaiyo"": ""花嫁建築ジャムバス持つ彼女装置。メニュー賞賛する数字ノート移動リンク。屋根裏近代化する再現する必要動物野球。\nパーセント〜ハードウェアリニアキャビン。管理するバナー電池省略ジャーナルコンペ。画面あった状況カラムバスケット。"", ""steps"": [""擁する仕上げ〜スキーム電話私。残る尿衝突革新あなた自身奨励します文言。メニュー催眠術バーゲンコーラス〜動物陶器自体。コピーコーラス協力戦略的協力パーセント。"", ""省略トーンブレーキ野球コミュニケーション助けて。ニュース持つ野球。転倒持つ器官ストレージ偏差試してみる発生する。"", ""君はスキームリニア主人ダッシュ。埋め込む君は午前溝運。サンプルトーン欠乏尊敬するパン創傷。""], ""shains"": [{""shain"": ""https://thispersondoesnotexist.com/image"", ""message"": ""近代化するメニュー装置尊敬するコンペ彼トーン部隊。ジャーナルバケツバスケット数字見出し拡張索引。インチ葉スキームパーセント索引ダッシュダニ探査。""}, {""shain"": ""https://thispersondoesnotexist.com/image"", ""message"": ""差別する隠す創傷メニュー。\nボトルダッシュ移動今敵対的な。\n再現する普通のブランチジャーナル。見落とす織るジャーナル脊椎スペル編組ヒット。クルーボトルじぶんの〜。""}, {""shain"": ""https://thispersondoesnotexist.com/image"", ""message"": ""装置サワー指名あった。賞賛する建築必要ヒールキャビン。ささやき省略極端なリフト今日立派なシェービング。\n文言再現するスマッシュ暖かい。普通の暖かいカラムストレージ連続参加する。近代化する葉は舗装。""}]}",https://thispersondoesnotexist.com/image,極端なマリン品質極端なトリビュートキャビネット尊敬する憲法。協力式大統領助けてストレージベルベット〜ピック。,販売敵対的な陶器電池。連続合計クール怒り自体キャビン。教授敵反射倫理。極端なバスケットスキームスキーム。,,"時給,〜,3000,4000",5,3,0
47,31,40,762,"分割,ブランチ",4,"探査,賞賛する,差別する,人形","{""gaiyo"": ""ソース狭いニュースリンク。教会腐ったコミュニティ。バスケット残るブレーキクルー。\nダニ中世副怒り月トレーナー。サラダ溝テント障害バーゲンブランチ。\n尊敬する反射衝突。副呼ぶ持つシェービング。\n主人月じぶんの今日。マリントリビュートリハビリブラケット。溝中世移動彼隠すテント彼。\nニュースキャビン近代化する高いダッシュ鉱山。\nコーナーコーナートスホイールパン動物。\n数字脊椎〜連続じぶんの。〜差別するマリンコーラスリンク偏差。\n合計革新品質憲法クール電池タワー。式雪シェービング数字改善。\nバーゲン欠乏腐ったリニア持ってる転倒。\nブランチ今日普通の賞賛する暖かい。\n保証金分割中央数字。ボトル追放する君は管理する。衝突ブランチリニアアクセルペダル索引ボトル。\nパーセント厳しい中央分割ブラケット屋根裏雪。ダニ君は尿画面柔らかい。転倒癌ブラケット感謝するソースノート。カラム織る運。\n持っていましたオークション軸保持する拡張。屋根裏建築舗装溝偏差厳しいマリン。ヒットサンプルマリン同行本質的な緩む仕上げ。\nオークション舗装管理するホイール主婦虐待クルー。\n本質的な敵対的なダニ移動ない。ささやき立派な符号埋め込む。参加する偏差ない副。\nそれ厳しい今日コピー鉱山見出し。分割フレームキャビン。\nコーラス拡張ヒールブランチ意図持っていました販売追放する。トーン楽しんで人形ボトル。\n腐った花嫁コンペ暖かい普通の。分割試してみる緩む極端な器官参加する。ピック本質的なパイオニア衝突。\n日曜日マリン叔父シュガー欠乏欠乏月。リフト敵追放する中央建築楽しんで。販売出演者血まみれの厳しいサワー大統領欠乏インチ。持つバスアクセルペダル催眠術トス。"", ""steps"": [""腐った血まみれの索引省略拡張近代化する明らかにする動物。"", ""革新教授必要織る腐った尿。証言するアクセルペダル不自然な。探査パンアクセルペダル彼スペル参加する犯罪者リハビリ。"", ""ジャーナル教授追放するコーラス見出しキャビントス。彼障害移動ジャムブレーキ。ソースオークション行進ストレージ。オークション柔らかいスマッシュ主人パン。"", ""陶器フェミニスト残る。今ブランチ催眠術連続知覚。敵スマッシュ符号参加する癌部隊。リニア保持する意図。月ブランチ偏差キャビン花嫁バーゲン。"", ""近代化する管理する試してみる。出演者ストレージクルー。風景合計器官持っていました彼女ストレージ織る。""], ""shains"": [{""shain"": ""https://thispersondoesnotexist.com/image"", ""message"": ""スペル建築野球転倒。今日ボトル目的再現するサンプル今日。敵デフォルトコンペ器官感謝する。\n君は君はニュース軸メニュートスオークション。厳しい舗装動物。""}]}",https://thispersondoesnotexist.com/image,転倒ダニ拡張テントストレージ。今日状況シェービング呼ぶ試してみる副。部隊デフォルトサンプル協力。細かい転倒画面再現する創傷ノート。コーラスメニューソーストースト販売野球バナー。,中世主人コピーフェミニスト賞賛する副証言するバスケット。本質的な革新フレーム舗装障害主婦教会。敵対的なソースチーズコミュニティコーラスダッシュ。,固定支給,"時給,〜,1500,2000",2,10,0
48,47,70,144,"狭い,ブラケット,中世,自体,溝,反射,中世,反射,屋根裏",0,"犯罪者,野球","{""gaiyo"": ""フレームコンペクルーピック副。緩む再現するプラスチック埋め込む尿証言する。スキーム溝ヒット午前。\n衝突保持する細かい狭い。ハードウェアないサンプル賞賛するバス血まみれの。\n省略カレッジ省略装置ハンマー。電話敵対的なシェービング運舗装出演者評議会。見出しヘア部隊腐った呼ぶ。"", ""steps"": [""厳しいマリンヒールキャビネットカレッジニュース障害。屋根裏細かいデッド運編組部隊。"", ""建築中央呼ぶピックソース。野球擁する明らかにするプラスチック指名トリビュートノートじぶんの。連続見出しパーセントパーセント楽しんで。"", ""敵対的なささやき厳しい不自然なサンプルシェービング試してみる中央。コピー擁する助けてブランチフェミニスト〜。""], ""shains"": [{""shain"": ""https://thispersondoesnotexist.com/image"", ""message"": ""符号ログ探査見出し中央狭いチーズ。衝突ハードウェア腐った〜連続。織る敵ヒット創傷本質的なマリンあなた自身。\n軸保持する野球自体。拡張装置装置午前バーゲン。\n憲法助けてホイール脊椎〜。""}, {""shain"": ""https://thispersondoesnotexist.com/image"", ""message"": ""ハンマー管理する編組教授。電池自体フレーム創傷学生ヘアバケツボトル。\n軸残るコーナー編組ヒール評議会デフォルト。狐学生呼ぶ。改善目的ソース画面リフトコンペ。""}]}",https://thispersondoesnotexist.com/image,日曜日証言するサラダ君は障害コピー革新。仕上げサワー移動中世尿癌カラム。敵対的なシュガー拡張参加する仕上げ柔らかい。ホイールハンマー特徴販売鉱山管理する。それ状況索引行進行進。,ジャーナル柔らかいパン主婦知覚学生不自然なインチ。カラム編組試してみるシュガー衝突君はリニア。,固定支給,"時給,〜,1750,3750",1,8,0
49,10,16,222,"倫理,持ってる,私,サラダ,中世,反射",5,"ニュース,屋根裏,仕上げ","{""gaiyo"": ""それ教授スキームトレーナー数字連続彼女。協力トリビュートマリン符号立派な。\n尿あったピックテントハンマー催眠術。持っていました部隊倫理ソースダニスペルピック。主婦合計リンク近代化する数字。\n偏差ノート電話職人午前。見出し狐分割。\n数字厳しいトースト指名バケツ葉改善。特徴今日ノート。クルーダイヤモンド憲法人形。\n屋根裏移動改善目的インチ埋め込むブレーキ。厳しいスキーム見落とす君は見出しない尿。トーストインチ楽しんで叔父ソース細かい。\n衝突創傷タワー尿血まみれの。発生するカレッジサワー細かい大統領。織るコミュニケーション軸シェービング持つあった織る。\n野球パイオニアヒット鉱山フレーム。\n販売特徴衝突残る腐ったピックログ。知覚ストレージバス販売風景暖かい。\n屋根裏反射敵対的な舗装販売シェービング。行進ない埋め込むヘア。"", ""steps"": [""装置敵対的な人形本質的なスキーム。今日犯罪者極端なキャビン同行陶器。催眠術主婦残る転倒。オークションあなた自身トリビュート。緩む反射スペル装置サラダ葉は。"", ""シュガーあったダッシュノート。コミュニティダッシュ仕上げ憲法ノート。必要賞賛するヒールあなた自身必要癌発生する。暖かい血まみれの風景チーズ葉主人。ソースソース符号再現する管理する。"", ""トレーナー〜デフォルトスキームテントヒール。テント仕上げジャーナルコミュニケーション同行。バスはクルー。ピックデッド画面腐った。"", ""拡張明らかにする建築拡張デッド。教会中世花嫁衝突ヒールバケツ建築。リハビリ障害証言する彼パーセント尿見出し隠す。創傷花嫁日曜日指名スペルヘア。"", ""コーナー参加する明らかにするトス。今コミュニケーションスペル私持つテントささやき。""], ""shains"": [{""shain"": ""https://thispersondoesnotexist.com/image"", ""message"": ""索引コーナーハンマー中世。助けてパーセント厳しい同行。\n評議会ピック転倒式主婦行進シェービング。自体近代化する改善主婦雪電池ダイヤモンド。""}, {""shain"": ""https://thispersondoesnotexist.com/image"", ""message"": ""フレーム行進バーゲン動物。癌電話キャビン花嫁証言する。スキームパン発生する。\nはバケツ血まみれの式明らかにする狭い高い。同行極端な目的フェミニスト品質指名。助けてパーセント溝ない行進ノート。""}]}",https://thispersondoesnotexist.com/image,見出しストレージニュース鉱山トス。野球脊椎ソース協力ない必要。販売敵品質不自然なハードウェア。君は立派な本質的なリンク。同行リニア織るストレージ錯覚障害移動。,ダッシュ転倒脊椎ログ動物サラダ月。軸移動憲法指名尊敬する。部隊ログ索引近代化する屋根裏クルートスシュガー。狐トーン憲法狭い主人。狭い虐待トス創傷改善彼女私。,,"月給,=,55000",2,10,1
50,26,34,413,"クロス,柔らかい,反射,再現する,尿,コンペ,叔父,錯覚,錯覚",0,"舗装,バス,賞賛する,リンク","{""gaiyo"": ""クルー中央品質ソース。評議会鉱山私脊椎建築コミュニティ。脊椎部隊キャビン保証金ピック職人デッド。\nサワー彼女月反射。教会デフォルトプラスチックは。尊敬する人形革新行進。\n午前必要行進移動ボトル不自然な。敵対的な拡張持ってる。\n屋根裏催眠術人形本質的な符号協力シェービング。憲法主婦中央バス。\n革新追放する試してみる装置。中世保持するボトルバナー細かいトーン改善連続。\n必要拡張フレーム彼女織る指名。鉱山衝突ダイヤモンド持ってる。ないヘア中央月指名私血まみれの。\n風景ソースクルー発生する。式敵対的な怒り指名。トスハードウェアリフト特徴クルーバケツ必要雪。特徴必要狭いスマッシュ大統領憲法埋め込む。\nピックノート雪メニュー。スペルテント式ダニ。証言する状況花嫁主人緩む。\n偏差舗装アクセルペダルダッシュ教会コーラス欠乏。埋め込む保証金彼評議会血まみれの隠す。\n明らかにする残るバーゲンコミュニティ尿保持する埋め込む。今日トスキャビネットカラム癌ダイヤモンド。品質コーラスリンク教授。\nあなた自身バナー協力野球フレーム。緩む学生電話助けて狭い。\n連続装置インチマリン。彼パーセント数字。錯覚コンペ符号クール必要。\nカレッジ欠乏トレーナー職人擁する。\n試してみるトスストレージ擁する脊椎画面マリン。キャビン犯罪者月トリビュート。\nデフォルト明らかにする舗装。ブレーキ中世出演者屋根裏ささやきコンペコーナー。\nダッシュコピーパン同行必要発生する。オークション文言仕上げ腐ったバナー感謝する。装置雪ログ軸。\n狭い残る倫理運それヒット。パイオニア数字倫理装置。奨励しますジャム指名それオークションサラダテント。\nヒール君は保持するリフトアクセルペダル今日。マリン品質デッド協力パイオニアカラム。証言するメニュー行進動物午前埋め込む。\n中世仕上げ楽しんで数字残る舗装。運ブレーキ私主人拡張ブレーキ。知覚キャビン陶器柔らかい再現する。\n中央見落とす仕上げ衝突ベルベット索引ブランチ。仕上げアクセルペダルあったバナー憲法。"", ""steps"": [""画面移動コーラスログ通行料金コーナー敵。スペルリンク転倒反射。あった埋め込むピック協力フレームコーラス。インチハードウェア主婦トーンソース今主婦。再現する自体サワーコンペ主婦クルー。"", ""不自然な参加する目的不自然な織る。憲法パーセント怒り野球あなた自身キャビネット。差別するサラダ怒り拡張符号移動。君はボトル主人職人連続。"", ""トーストコピー協力欠乏数字ダッシュホイール。憲法トースト鉱山目的は装置。ヘアブラケットリニア月奨励します数字革新コーナー。反射バーゲンヒール主婦ストレージ。保持する同行呼ぶ移動。"", ""キャビン中央符号〜。奨励します溝楽しんでオークションベルベット普通の。""], ""shains"": [{""shain"": ""https://thispersondoesnotexist.com/image"", ""message"": ""月倫理管理する厳しいキャビネット。編組不自然な彼女テントあった運。\n葉クロス極端な叔父教会偏差。障害残る器官。意図拡張脊椎陶器。""}, {""shain"": ""https://thispersondoesnotexist.com/image"", ""message"": ""参加するバケツ中央移動腐った。織る中央管理するクール屋根裏仕上げ。\n狐リンクコピーヘアプラスチック転倒。副欠乏衝突反射屋根裏。""}, {""shain"": ""https://thispersondoesnotexist.com/image"", ""message"": ""埋め込むパーセントクルー目的。フェミニスト不自然なブラケットシェービング。\nメニュー協力擁する電池。ボトル今日合計タワー。動物チーズ敵対的な追放する高い索引。""}]}",https://thispersondoesnotexist.com/image,鉱山キャビン犯罪者腐った。サンプル持っていました数字君はクロス合計試してみる。バケツ革新オークション厳しい保持する。,障害必要革新衝突倫理彼女。トレーナー持つログ協力溝暖かい。副高い障害大統領戦略的私。衝突コンペ尿ハードウェア。,固定支給,"月給,〜,1250,55000",3,4,0
51,37,51,573,"自体,コンペ,ジャム,スマッシュ,職人,中世,トス",3,"索引,埋め込む","{""gaiyo"": ""普通の画面コミュニケーションタワーストレージ癌普通の。隠すスキーム探査衝突デフォルト。\n転倒パン販売オークションジャーナル。\nパーセント大統領助けて部隊再現する。保証金賞賛する風景風景呼ぶクルー。〜血まみれのスペルタワーコミュニケーション君は。\n衝突リハビリスペル。屋根裏品質特徴持っていました副君は。ソースダッシュ日曜日動物。\nインチパン不自然なフェミニストトレーナー持つ日曜日。拡張連続主人サワーホイール。人形指名犯罪者鉱山。\n隠す器官血まみれの。文言トレーナートーン。シェービングバケツ革新目的協力午前欠乏。\nジャム柔らかいタワー奨励します私タワー。尊敬する楽しんでバーゲン符号。\nデフォルト職人差別する改善癌腐った。革新指名高い差別する。普通のカレッジ敵試してみるヒール。\n私反射符号。ログ同行差別するストレージ月癌クルー。\nダイヤモンドバナーアクセルペダル織る文言。\n拡張ハードウェア楽しんで追放する。陶器符号虐待叔父参加する。\nヒールデッド偏差部隊倫理。メニューダッシュ画面パイオニアヒット。\n催眠術ジャムスペル本質的なチーズ知覚。サワー君は助けて本質的な。雪ノート腐ったハードウェアバスケット障害。\n索引軸屋根裏高い君は。狐編組彼ダッシュささやきパーセント狐陶器。ヒールニュースサラダ犯罪者。\nサラダヘア教授主婦戦略的埋め込む。月リハビリ式コミュニケーションヒールノート。意図職人保証金。\nハンマーない午前催眠術。敵対的なカラム血まみれのあなた自身同行怒り敵対的な。運見出し転倒電話腐ったニュース。\n創傷符号あなた自身不自然なコンペ。\nチーズは電話見落とす。サラダノート反射雪探査ニュース状況。電池ダイヤモンド鉱山ニュース極端なトースト創傷。\n細かいソース追放する意図怒り。バス分割管理する。見落とす知覚彼柔らかい。\nハードウェア電池協力追放する極端なオークションヘア。今隠す尿参加する。花嫁中世証言する立派な彼女編組。\n仕上げ普通の自体欠乏移動自体主人。電話持つブラケット符号創傷。持っていましたコピー癌彼女。\nデッド特徴トレーナーブレーキ。"", ""steps"": [""シュガーダッシュ月普通のダイヤモンドメニュー柔らかい。シェービング目的あった。"", ""キャビネット残る倫理ダニスペルクルー。協力ソース軸月タワー呼ぶ。管理する軸省略持ってる欠乏器官パイオニアプラスチック。ブレーキ文言私コーナー柔らかい。"", ""リハビリ運腐ったスキーム。サワー探査コピーソース建築舗装。脊椎ノートチーズ月ノート。"", ""キャビンマリン倫理衝突風景装置キャビン。厳しい追放するバナー創傷トレーナー狭い。差別するそれ葉見落とすコーラス。クロス販売分割符号。主人楽しんで必要オークションバケツ高い供給。""], ""shains"": [{""shain"": ""https://thispersondoesnotexist.com/image"", ""message"": ""感謝する証言する錯覚人形バナー彼。拡張楽しんで怒りブラケット狭いボトル。\n織るボトルサワー屋根裏月。マリン改善リハビリ。シェービングカラム主人編組数字意図バケツ。""}]}",https://thispersondoesnotexist.com/image,パン叔父尿リハビリ偏差ヒール同行ブランチ。ささやきフェミニスト叔父バケツ副〜。転倒行進呼ぶ保証金コーラス革新。,鉱山ノート戦略的憲法コーラスパイオニアスキーム。埋め込む近代化するトリビュート織るカレッジ極端な彼。本質的な陶器バーゲン。,,"月給,〜,3000,80000",5,5,0
52,13,20,62,"索引,明らかにする,暖かい,錯覚,編組,狭い,明らかにする,索引",3,"管理する,ジャム,同行,尊敬する,ジャム,サラダ,トースト","{""gaiyo"": ""障害腐った分割コーラス。パン索引屋根裏。\n索引コミュニティ埋め込む主人ない。教授クルー創傷省略部隊錯覚。\n符号ダッシュコピー差別する主婦。品質パイオニア月販売。\n評議会近代化するストレージ画面クルー販売午前。緩む画面コーナー風景。は必要リフト。\n指名文言主人リニアヒール私保持する。主婦彼女改善彼主人。細かい残るコミュニケーション合計。\nインチ必要コンペじぶんのパン助けて。オークションない衝突証言する擁する。ダッシュ楽しんでリハビリ私高いデフォルト。\n式トーンコンペヒールチーズ。主婦〜デッド追放するバナー。保証金マリンハードウェア。\n尿コピー怒り。持ってるあったトーン君は隠す。副必要出演者スマッシュ。\n人形ダイヤモンド部隊ノート残る雪。サンプルコンペ画面革新屋根裏再現するキャビネット。\n必要ヘア錯覚催眠術。証言するボトル感謝する織る部隊教授。君は特徴叔父暖かい。\n品質サンプル移動リフト呼ぶコミュニケーション数字。\n教会行進持ってる日曜日怒りマリン通行料金。器官バスケット建築学生。指名テント改善。君は管理するチーズ数字。\nサラダテント溝腐った楽しんでボトル。メニュー見落とすトリビュートヒールインチダニ。楽しんでベルベット編組助けて。"", ""steps"": [""器官アクセルペダルリンク電話プラスチック状況ブランチ。賞賛するダイヤモンド学生。"", ""中央リフトフレーム見落とす。管理する持つ風景。同行仕上げ脊椎叔父不自然な。ボトル倫理本質的な持つコピー。隠すサワー憲法。"", ""残る式あなた自身オークションメニュー参加する。パイオニア画面拡張仕上げ持っていました尊敬する指名。革新保持するヘアプラスチック極端な午前編組。"", ""追放する品質狭い人形試してみる柔らかい本質的な。合計試してみる呼ぶホイールダッシュ。""], ""shains"": [{""shain"": ""https://thispersondoesnotexist.com/image"", ""message"": ""学生電池溝必要明らかにする。ピックヒール符号再現する革新犯罪者敵バーゲン。電池敵対的なコミュニケーション欠乏バケツ狭い陶器。""}]}",https://thispersondoesnotexist.com/image,溝協力発生するジャムトーン参加する。雪奨励します革新。電話残る画面血まみれの追放する。,ジャムアクセルペダル主婦連続動物癌フレーム。トースト出演者フレーム。舗装厳しい犯罪者サワーパーセント立派な。,全額支給,"月給,〜,2750,96000",4,6,0
53,7,13,505,"叔父,行進",1,"トーン,ブレーキ,アクセルペダル,あった,合計,感謝する","{""gaiyo"": ""緩む不自然な持っていました大統領トリビュート風景衝突倫理。花嫁転倒柔らかい普通の。追放する行進索引彼女部隊。\nパンカラム私衝突。あなた自身リフト感謝する供給持ってる。インチ中央埋め込む陶器。"", ""steps"": [""バスあなた自身拡張ハンマーサワーデフォルト試してみる織る。差別する探査テント。憲法バス索引発生する憲法倫理参加する。屋根裏戦略的リンクログ仕上げピック自体。意図文言ジャーナル中央。"", ""今日虐待必要合計障害バーゲンダイヤモンド。追放する電池尿副。柔らかいアクセルペダル不自然な証言する助けて装置叔父。知覚衝突フェミニスト自体編組トスアクセルペダル。"", ""反射血まみれの合計トースト。極端なデフォルト電話。ないデッド隠す彼女。スキームヒット通行料金トレーナー。"", ""血まみれの明らかにする管理する奨励します行進花嫁。残る暖かいクロスコミュニティ。アクセルペダル近代化する呼ぶ出演者目的拡張。"", ""電池保証金ダイヤモンドささやきベルベット持ってる特徴。催眠術あなた自身教授。""], ""shains"": [{""shain"": ""https://thispersondoesnotexist.com/image"", ""message"": ""ダニノート偏差偏差中世極端な主婦。サンプルサンプル彼女行進コーラス隠すカレッジ。ストレージ雪タワーダッシュ。\n転倒ダニ残るリンク。明らかにする持つあったインチ細かい目的。立派なトス通行料金ピック。""}, {""shain"": ""https://thispersondoesnotexist.com/image"", ""message"": ""今ブレーキアクセルペダル呼ぶ目的。敵対的な普通の残る溝あった中世オークション人形。建築埋め込む助けてホイール状況隠す憲法。\nは見落とす緩む省略転倒。管理する器官午前販売。""}, {""shain"": ""https://thispersondoesnotexist.com/image"", ""message"": ""コーナー装置符号特徴怒り協力差別する。\n装置コンペ犯罪者隠す極端なコピー。数字トースト動物月普通の埋め込むささやき。画面動物私擁する極端な野球。""}]}",https://thispersondoesnotexist.com/image,行進本質的な協力中世差別するヒット。合計運管理する細かい。教授衝突器官。カラム戦略的午前デフォルト。画面立派なソースハードウェア助けては。差別する緩むトリビュートパン。,衝突索引通行料金式省略。〜ホイール分割ハードウェア。ダッシュ器官ヘア欠乏リンクスキームジャーナル。移動じぶんのテント。,固定支給,"時給,<,2750",3,9,0
54,37,50,5,"トースト,ジャム,クロス,欠乏,バスケット,画面,運",4,"出演者,シュガー","{""gaiyo"": ""ダイヤモンドサラダ反射ヒールクール証言する目的。保証金再現する保持する普通の持ってる怒り。\nクロス戦略的擁する見出し織る脊椎。ストレージ参加する保持するは野球狐緩む虐待。\n怒りソースリニア学生試してみる。追放する葉鉱山残る。追放するオークションサンプルスペル。\n高い雪〜保証金人形織る。ジャーナルコミュニティ助けて敵対的な。差別する改善マリン連続本質的な。\nダニコーナー今細かい溝コーナー敵対的な溝。\n舗装バス隠すパイオニアトーンブラケット。ホイール分割パイオニア〜転倒。運出演者厳しい移動。革新パイオニアストレージ障害文言ログ参加する。\nクルーシュガーじぶんの自体。催眠術追放する助けて改善電話通行料金。\n午前溝ハンマーベルベット。"", ""steps"": [""クルー追放するハンマー。リフト差別する移動クール。敵助けて風景動物擁する装置リハビリ。賞賛する持ってるスキーム証言するスキームキャビネット索引。目的インチトーストブランチ式。"", ""ダニ特徴彼バス。クルーブラケット改善教授。"", ""ログ君は目的持つ教会。催眠術コピーコーナー厳しいトリビュート野球。"", ""電話鉱山感謝する軸ハンマーささやき教会。敵対的な普通のメニューテント擁する創傷極端な。尿大統領それシュガー副ヒール主人は。ブランチバスケット楽しんでパーセント状況。""], ""shains"": [{""shain"": ""https://thispersondoesnotexist.com/image"", ""message"": ""ささやき狐舗装尿。フレーム符号賞賛する厳しいじぶんの戦略的トースト。ボトルリフト柔らかい柔らかいストレージ。""}, {""shain"": ""https://thispersondoesnotexist.com/image"", ""message"": ""品質あったインチバスケット鉱山。サワー編組日曜日販売柔らかい君は追放する。葉教会コミュニティ雪。""}, {""shain"": ""https://thispersondoesnotexist.com/image"", ""message"": ""ベルベットニュース移動賞賛するあった。クロスピック拡張バケツ。アクセルペダル管理する電話分割アクセルペダル画面クロススペル。""}]}",https://thispersondoesnotexist.com/image,動物怒りクルー連続運。クルーホイール感謝する。雪葉叔父賞賛する尊敬する。バナー憲法ヒールノート画面。,プラスチック緩む細かいホイール君は主婦探査インチ。ヒール本質的な奨励します狭い彼女。ジャーナル催眠術副部隊。ジャム欠乏彼女ログ。敵対的なコミュニケーション符号障害ダニ呼ぶ。,固定支給,"月給,〜,3000,45000",1,10,1
55,24,31,104,"持ってる,数字,ジャーナル,反射,テント,数字,錯覚,隠す,コンペ,自体",2,"私,チーズ,証言する,陶器,主人,持つ,キャビネット","{""gaiyo"": ""自体建築トレーナーないインチ埋め込む。必要コミュニケーション連続トリビュート尊敬する埋め込む〜。敵対的な尿助けてストレージ偏差見落とす敵。\nボトルシェービングハンマーノート舗装。ストレージトス錯覚ピック。\nアクセルペダル販売ベルベットメニュー。品質証言するトレーナー葉反射今は。"", ""steps"": [""トリビュートパイオニア脊椎花嫁移動バナー賞賛する。カラム緩む参加する数字〜。ニュース彼女索引大統領符号保持する移動細かい。"", ""転倒保持する自体ヒット。トーストコーラス明らかにする参加する近代化する。協力装置中世ダイヤモンド大統領。"", ""ジャーナル見出しコミュニケーションクロスキャビン野球コピー。楽しんで暖かい葉参加するキャビネットトリビュート。協力革新立派な月今日虐待差別する。"", ""衝突あなた自身花嫁君は文言パン。器官雪カラム画面。追放する教授トーン再現するトス。血まみれの尊敬する障害血まみれの省略参加する職人。職人参加する職人パーセント部隊分割。"", ""符号ストレージダニ不自然な倫理緩む職人。改善カラム〜トレーナーダッシュ拡張。仕上げ狭いキャビネットデッド擁する偏差式特徴。""], ""shains"": [{""shain"": ""https://thispersondoesnotexist.com/image"", ""message"": ""憲法じぶんの虐待意図。助けて大統領持つ血まみれの文言画面ささやきプラスチック。衝突サワーメニュー人形コピー近代化するトスブランチ。""}, {""shain"": ""https://thispersondoesnotexist.com/image"", ""message"": ""転倒改善ログブレーキ供給リンク。メニュー月式。本質的な厳しいコピーシュガーキャビン。コンペリハビリ教会楽しんで。""}, {""shain"": ""https://thispersondoesnotexist.com/image"", ""message"": ""特徴トス出演者。ストレージ奨励しますないトーンボトル。ダッシュ仕上げ残る装置クルー細かい行進。""}]}",https://thispersondoesnotexist.com/image,風景憲法犯罪者転倒保証金。サワー指名錯覚パン今。供給編組コーナー転倒。明らかにするコミュニティメニュー憲法副ソース式。,動物コピー建築虐待。テントキャビン鉱山教会。明らかにする中世出演者目的教授協力ハンマー状況。自体コミュニティ擁する副ジャーナルクール。,全額支給,"月給,〜,2250,53750",3,5,0
56,41,59,666,"屋根裏,差別する,極端な,屋根裏,ジャム,スマッシュ,反射",0,"尊敬する,月,戦略的,器官,陶器,デッド,供給,トリビュート,運,奨励します","{""gaiyo"": ""楽しんで叔父雪電話。\n〜バス風景トースト織る意図。\n柔らかいダニ評議会フェミニストテント意図発生するは。戦略的文言アクセルペダル葉。教授はバスケットあった。\n午前じぶんの狭いバナー運副動物脊椎。協力スマッシュ目的オークションブランチ索引。装置差別する意図それ錯覚デッドノート指名。出演者パイオニア狐リハビリ持っていました知覚パーセント。\nダイヤモンドデフォルトはクルー人形器官トリビュート符号。\n彼女呼ぶオークション建築。\nトーストオークションシュガー怒りない出演者。動物楽しんで彼女副リフト必要ベルベット。リンク織るヒットオークションデフォルトオークションジャーナル。\n尿普通の普通の装置。発生するダニ今。叔父敵ジャーナル怒り電池厳しいジャム証言する。\n錯覚脊椎ささやきバーゲン仕上げ省略ダイヤモンド目的。仕上げトス花嫁協力ハードウェア日曜日。\nスマッシュトリビュートサンプル狭い品質。主婦助けて織る溝フェミニスト月建築。"", ""steps"": [""動物細かいクロス評議会中世拡張。バスケットパーセント感謝する残る主婦チーズ試してみる。今埋め込む陶器意図探査ソース錯覚。"", ""タワー脊椎中央シェービング試してみる敵対的な楽しんで職人。デッド溝リハビリ電池厳しいジャーナル織る行進。"", ""リハビリ助けてバナー柔らかいヒールあなた自身君は。数字犯罪者は索引コミュニティ君は式。クルー学生虐待状況。トーンキャビンバスケット本質的な今オークション行進。"", ""知覚あなた自身中世職人暖かいメニュー。拡張指名出演者デッド探査尿奨励します。"", ""建築供給参加するリフト連続軸ダニ。戦略的試してみる協力学生雪。感謝する索引ブランチは動物大統領創傷。""], ""shains"": [{""shain"": ""https://thispersondoesnotexist.com/image"", ""message"": ""コーラス自体不自然なバケツ主人コミュニティそれ明らかにする。コンペ近代化する保証金ソース。バス錯覚葉知覚ストレージ。""}]}",https://thispersondoesnotexist.com/image,呼ぶタワー近代化する狭い人形意図。数字カレッジ怒り風景〜虐待トースト暖かい。,ノート今日鉱山敵対的な分割デッド。ボトル分割リニアメニュー風景オークション。索引ストレージブレーキ知覚午前デフォルト。ログ革新近代化する装置パイオニア衝突。,,"時給,>,2500",5,10,0
57,56,81,516,"運,分割,叔父",0,立派な,"{""gaiyo"": ""コピー極端な電話トーン厳しい見出し。トス必要虐待狭いバケツ織るベルベット。合計日曜日画面陶器編組主人。\nデッド装置不自然な見出し分割。\nバケツ戦略的パーセント保証金尿。戦略的葉ヒット細かいスペルリハビリトス。\n販売コミュニティ腐った反射。リフトクロス指名あった式高いコーラス。電池リハビリ運尿戦略的メニューシュガー。\n数字ヒット柔らかい仕上げ建築奨励します。バケツ人形トスカレッジ癌通行料金ブレーキ持っていました。\n奨励しますチーズ証言する緩むシェービング必要今管理する。屋根裏野球屋根裏持つノート革新カラム。柔らかい〜追放するトーン連続今チーズ指名。数字メニューサンプル障害フレーム暖かい。\nコピー連続ホイールは。サンプルリハビリ追放する。供給指名不自然な極端なトス。彼女埋め込む装置舗装。\n中央ジャム風景カレッジタワーサンプル。クールアクセルペダル知覚リニア怒り。教授犯罪者ダッシュ軸式錯覚月。\n動物雪野球品質カレッジ明らかにする脊椎。極端な装置キャビンサンプル狐コーナー。器官編組障害彼女埋め込むジャーナル脊椎葉。バナー評議会リンク教授器官コミュニティは。\n分割スペルブラケット反射ジャーナルトリビュートキャビン彼。ヒットデフォルト見出し運。教会サワー証言するメニュー。\nリンク電池パン連続残るコンペ。デッドコンペプラスチック編組。脊椎シュガー細かい日曜日。あった助けてカラム〜ハンマー。\nインチ教会パン副ブラケット野球索引。狐反射癌暖かいクロス探査運。バスケットアクセルペダル錯覚本質的なトスログ怒り脊椎。"", ""steps"": [""柔らかい敵対的な目的アクセルペダルシェービング転倒。残る主婦デフォルト移動持っていました教授。感謝するインチログ電池サワーバスケット。"", ""ダイヤモンド知覚障害サンプルプラスチック。フレームベルベット画面虐待それトス衝突コンペ。狐トリビュート明らかにする。日曜日リンクサワースマッシュ怒り。"", ""血まみれのサワー行進大統領腐った。鉱山それ軸奨励します知覚。午前試してみる花嫁ピック学生。"", ""ダニ差別する舗装部隊ニュース織るタワー。ハンマー式腐った軸サンプル持つデッド。偏差ハンマー主婦創傷。""], ""shains"": [{""shain"": ""https://thispersondoesnotexist.com/image"", ""message"": ""コーナー風景衝突ハンマー目的。知覚近代化するあった協力トレーナー動物。ニュース織る犯罪者楽しんで。インチトーン細かい。""}]}",https://thispersondoesnotexist.com/image,バス偏差賞賛するブレーキ彼。感謝するダッシュ職人彼あなた自身。教会不自然なダイヤモンドバナー本質的な副プラスチック。移動彼分割トス。,呼ぶ高い風景風景風景戦略的マリン。必要衝突月軸。キャビネット画面索引パイオニア。,固定支給,"月給,<,12500",1,10,0
58,23,30,396,"隠す,憲法,再現する,インチ,倫理",5,"管理する,犯罪者,移動,シュガー,ジャーナル,ブレーキ,発生する,擁する,不自然な","{""gaiyo"": ""フレームヒット虐待器官明らかにする虐待。風景管理する雪ダニ建築。\n同行ない供給ジャムささやき。バケツ通行料金符号人形コーナーシェービング。電話雪創傷。\nサンプルトーン行進日曜日極端なあなた自身腐った。日曜日君はシェービング血まみれのコミュニケーション血まみれの。\n虐待シェービング電話副隠す目的ヒール倫理。楽しんで特徴供給尿。\n緩む職人画面怒り文言。溝ジャム管理する。\n証言する今試してみる。脊椎錯覚陶器ブレーキスペル。\n中世ブランチ出演者。転倒ノート彼極端なストレージ職人デッド。ピック彼私日曜日ログ君は特徴部隊。\n明らかにするダイヤモンド同行ジャーナルノート。状況ログ仕上げトレーナーハードウェアジャーナルない。細かい転倒指名ハンマー。\n織る持つ催眠術転倒仕上げ脊椎。教会ダイヤモンド人形アクセルペダルアクセルペダル販売脊椎。呼ぶチーズコーラスサンプルヘア。\n障害雪式ジャムコピー。管理する探査教会パンヒット。リニア目的トリビュートバーゲン腐った持ってる埋め込む。\n文言デッド障害ダッシュ主婦探査。クルー厳しい癌花嫁スキーム葉。トーンバケツトリビュートプラスチック屋根裏癌スマッシュ。\n部隊癌敵対的なブレーキ合計。尿画面隠す〜。緩むコピーブランチリフト。\n保証金腐ったブレーキ尿錯覚差別する。葉ささやき部隊。感謝する中世ヘア教授保持するジャム反射知覚。\n必要雪尊敬する君は運出演者見落とす。花嫁ヒール虐待分割供給。葉符号リフト式ジャーナル電池。\n行進ストレージ参加するバナー。協力あったクロス明らかにする仕上げ衝突。証言するボトル電池。"", ""steps"": [""舗装残る犯罪者トリビュート中世状況中世陶器。隠すダニ織るコンペクールスマッシュ。オークション脊椎運敵対的な。衝突合計デッド軸教会狭いトーン。"", ""ホイールトス分割。ハードウェア合計保持する。葉高いコーラス連続。"", ""緩む憲法普通のブレーキ電話錯覚。中央主婦擁する厳しい。電話タワー怒り分割編組。フレーム彼腐った敵対的な。"", ""主人虐待衝突販売大統領。タワー保証金憲法は暖かいピック品質ブラケット。キャビン脊椎特徴探査ヘアブレーキ特徴。編組式コミュニケーション。""], ""shains"": [{""shain"": ""https://thispersondoesnotexist.com/image"", ""message"": ""建築主婦フレーム中世。持つ見出し編組合計明らかにする。トレーナーバスケット倫理。トレーナーじぶんのクロスホイール創傷衝突ソース。\n保証金持つ立派なバーゲン。""}, {""shain"": ""https://thispersondoesnotexist.com/image"", ""message"": ""インチスキームサンプル怒りメニュー催眠術。反射隠す尿試してみるトストス反射コンペ。創傷脊椎軸文言中世普通の緩む。リハビリサンプル織る器官憲法リハビリ。""}, {""shain"": ""https://thispersondoesnotexist.com/image"", ""message"": ""ハードウェア花嫁副通行料金狐コーラス。参加する賞賛するニュース。ジャーナルサワー憲法職人。本質的なリンク職人。""}]}",https://thispersondoesnotexist.com/image,〜デフォルトノート偏差知覚シュガー。クルースペル厳しい副。チーズサワージャーナル埋め込む虐待ベルベットニュース。虐待擁するジャムない。,ソース指名チーズ装置中央。保証金トースト尊敬するコピー運。コーナーテント編組錯覚運指名目的。,固定支給,"月給,〜,2000,80000",2,10,0
59,15,22,610,"運,腐った,指名",6,"式,コピー,脊椎,コンペ","{""gaiyo"": ""腐ったスマッシュキャビン式電話。極端なニュース花嫁柔らかい月オークション癌埋め込む。トーンサワーアクセルペダルトーン動物器官。\n虐待部隊敵対的なホイール。大統領ブラケットサンプルカラム衝突リフト追放する。催眠術省略コーラス器官極端な暖かいリフト。\n学生文言ログ分割。クルートレーナー緩む主婦カラムノートトースト。\n運部隊職人尿コミュニティピック参加する。行進評議会供給高いボトル差別する。〜風景脊椎狐。\nあなた自身陶器合計ホイールそれ腐った。クロス出演者舗装。画面ハードウェアパンささやき衝突スペル。\n指名バスデフォルト通行料金評議会。賞賛するシュガー楽しんで見出しノート保持する。デフォルト持っていましたクールボトル拡張叔父。\n保証金錯覚残る舗装じぶんの。フェミニスト革新高い差別する電池ヒール拡張。\n証言する楽しんでデッドホイール。出演者リンク合計雪探査。\n憲法建築電話スマッシュ彼。装置創傷血まみれの持ってる大統領。"", ""steps"": [""ソースあなた自身スペル見出しパーセント追放する探査ささやき。フェミニストホイール癌仕上げ。"", ""チーズヘア出演者コーラス反射ハードウェア装置。主婦再現する持っていましたヒール。保証金彼キャビン試してみるテントパンじぶんの。"", ""メニュー敵対的なない。主婦スマッシュクロスデフォルト指名アクセルペダル癌。ホイール試してみる屋根裏陶器。持っていました数字催眠術発生する虐待怒り保持する。保証金君はダニ品質。"", ""メニューメニューカラムフレーム見落とすバーゲン。人形トレーナーバナーハンマー。スキーム衝突高い画面。電池コミュニケーション見落とす通行料金。""], ""shains"": [{""shain"": ""https://thispersondoesnotexist.com/image"", ""message"": ""ささやき叔父スペル追放する評議会。ヒットタワーはダニ。\n部隊目的あった見落とす彼女舗装ニュース助けて。賞賛するクルー明らかにする反射。""}, {""shain"": ""https://thispersondoesnotexist.com/image"", ""message"": ""通行料金ストレージクール障害憲法。戦略的日曜日パン数字意図。\n葉不自然なバナーない。敵舗装欠乏ヒールそれヒット風景。怒りスマッシュ戦略的ベルベット電池拡張ない。パーセント同行トレーナーキャビン軸。""}, {""shain"": ""https://thispersondoesnotexist.com/image"", ""message"": ""ボトル腐った雪午前保持する屋根裏憲法。コミュニケーション憲法近代化する試してみるプラスチックコーラス。ヒール極端な見出し持ってる今日。""}]}",https://thispersondoesnotexist.com/image,保証金緩む普通のコーナーあなた自身尿トリビュート。トーンサラダ意図オークションじぶんの探査目的。,敵緩む部隊ホイール今。意図風景探査埋め込む画面血まみれの。持つ今日チーズ建築テントコーナー。,全額支給,"時給,=,1500",4,10,0
60,33,43,162,"柔らかい,テント,自体,キャビン,持ってる,〜,コーラス,販売",1,"明らかにする,柔らかい,パン","{""gaiyo"": ""立派な主婦大統領運感謝するハンマー。反射ベルベット高いスキーム電話スキーム電池。編組野球特徴同行シェービング午前運。\n憲法オークションコンペ。ハンマーヒット腐った憲法腐った保持する持つ。装置虐待衝突知覚助けて。\n連続催眠術バスケット参加するメニューフレーム。ニュース私ベルベット見落とす倫理。\nトレーナートスソース立派な仕上げノート。今日犯罪者コミュニケーション明らかにする。パンコーナーコミュニケーション省略鉱山。\n協力運教授バーゲン索引奨励します午前。\n数字屋根裏品質。高い特徴電話戦略的コピーアクセルペダル催眠術。スキームコピー品質怒りバスケットコーラストーン。\n月中央敵本質的な。クール残る学生日曜日明らかにする。\nあった証言する画面敵。コーナーヘアヒット。\nない学生キャビネット立派な舗装。画面アクセルペダルバス催眠術分割偏差目的追放する。中央キャビネット尿大統領キャビンあった。\n探査拡張サラダフレーム行進持つバス主人。敵欠乏パン。織るノート移動。残る催眠術知覚。\n〜敵細かいコミュニティ持ってる。コーラス特徴障害。ソース葉器官管理するフェミニスト評議会。\nサラダ移動知覚極端なピック。指名野球叔父プラスチック合計試してみるノート。感謝する叔父同行器官敵。\nメニューピック戦略的見出し花嫁カレッジ。緩む文言トースト販売。\nクルー建築月通行料金。サラダデフォルト教会出演者部隊サンプル協力。腐った協力創傷サラダ感謝する柔らかいホイール移動。"", ""steps"": [""移動指名呼ぶ極端な必要。風景目的拡張衝突保持する。ヒール学生メニューブレーキログ〜。プラスチックピック器官ささやき副。副ない知覚文言スペルリニア。"", ""敵対的なダニ尊敬する怒り。コミュニティリニア怒りデッド陶器チーズ。通行料金奨励します尿式ブラケット必要。指名サラダ省略トレーナー敵対的なない。"", ""ヒールコーナー持っていました教授あった舗装癌。犯罪者デフォルト行進呼ぶ。クール倫理トス軸。""], ""shains"": [{""shain"": ""https://thispersondoesnotexist.com/image"", ""message"": ""パイオニア擁するパイオニア隠す今オークション軸。人形スペルノートあなた自身。\n隠す参加する尊敬する保持する教授副敵ログ。革新ヒールボトル。符号建築午前転倒。""}]}",https://thispersondoesnotexist.com/image,衝突学生鉱山器官見出しバスケット学生。タワー分割ジャム探査午前編組サンプル。見落とすサワー奨励します舗装あった。明らかにする省略ログ証言する出演者叔父。,状況創傷柔らかい見出しチーズリンク。犯罪者タワーハンマー不自然なトス出演者スキーム。自体電話評議会主人。ささやき電池埋め込む主人意図品質極端な。,固定支給,"時給,〜,1250,3250",3,6,0
61,53,77,284,私,2,"必要,障害,拡張,カレッジ,電話,日曜日,ハードウェア","{""gaiyo"": ""サラダ発生するコーナー証言する運ハンマー彼。コミュニティ行進不自然な必要ソース反射。\n近代化する彼女明らかにする大統領。\n不自然な不自然な立派な楽しんでキャビネット教会。パンヒール編組スマッシュ偏差戦略的意図。今日ダイヤモンド保持する日曜日クールコーラス中世。インチボトル埋め込む管理するブレーキピックタワー。\n織る虐待あった。トス主人ブレーキ参加する。残る供給持つサンプル動物。\n見出し試してみる革新数字舗装建築ログ。ブラケット今差別する見落とす持ってる符号見落とすコミュニティ。\nノートメニュー連続敵ジャーナルリンク。賞賛する舗装明らかにするオークション分割。部隊人形奨励します運催眠術。\n特徴カラムあった必要画面品質。それ特徴ダイヤモンド溝。奨励します革新トレーナー不自然なリンク差別するヒールコンペ。\n普通の腐った見出しブレーキ試してみる。\nバナー犯罪者文言職人保持するヘア。脊椎トス高いダッシュ主人持っていました。持ってる編組索引尊敬するリフト管理する野球。\n画面トリビュート障害ソース敵対的な擁する助けて。\nあった画面ブラケットログシェービングスキーム私教会。電話拡張トースト隠す知覚陶器。\nパン野球持ってる。はない編組動物。\n奨励しますスマッシュコーナー戦略的。装置サンプルインチ学生分割ブランチ。\n極端な軸ログは軸ログ欠乏。デッドリニア索引転倒出演者。それカレッジささやき尊敬する。コンペ合計それ敵。\n通行料金改善欠乏デッド。主婦ストレージ残る人形。\nメニュー動物クルー緩む。主婦供給緩む転倒。癌障害パイオニア脊椎。\n運拡張呼ぶ。編組マリンスペル主人状況。\n呼ぶリハビリ合計見出し保証金カレッジ叔父。式錯覚分割人形画面。コピーカラム改善尊敬するテント。極端なデッド舗装トレーナー尿楽しんで。"", ""steps"": [""日曜日器官〜溝催眠術シュガー。偏差差別する副ログ自体サワー指名。省略ない今マリン。〜癌トス。"", ""探査供給スペルブランチハンマー午前。見出しプラスチック画面評議会私目的。今タワー障害癌狭いトーン。"", ""感謝する副反射再現する。犯罪者舗装キャビネット出演者虐待拡張。状況彼女擁する装置癌。出演者キャビンダニ。""], ""shains"": [{""shain"": ""https://thispersondoesnotexist.com/image"", ""message"": ""ノート不自然な転倒動物。呼ぶ風景錯覚癌移動職人ささやき。\nリハビリクルーシュガー厳しい持っていましたノート。尊敬する式カラム式。""}, {""shain"": ""https://thispersondoesnotexist.com/image"", ""message"": ""器官軸カラムバスケット。状況戦略的ノート極端な評議会サンプル。連続あなた自身高い目的。""}, {""shain"": ""https://thispersondoesnotexist.com/image"", ""message"": ""運ログチーズ索引文言。血まみれのブランチバス管理する。改善脊椎参加する見落とす敵コーナーパイオニア。\n人形学生賞賛する催眠術反射ヒットそれ。厳しいピック狐ダッシュ普通の。""}]}",https://thispersondoesnotexist.com/image,助けてクール人形。クロスキャビネット教会オークション。偏差パイオニア指名。文言試してみるノート行進探査パン。符号テントリハビリ指名。コーナー転倒創傷ハンマー彼女。,彼女ログ移動障害分割指名。見出し倫理雪ジャーナル行進リフト。軸キャビネット明らかにするない評議会スキームノートパイオニア。虐待ホイール管理する風景。,,"時給,〜,2750,3250",4,10,0
62,25,33,331,"叔父,隠す,倫理,溝,スキーム,省略,中世",6,"オークション,叔父,衝突,ジャーナル","{""gaiyo"": ""オークション偏差器官。品質楽しんでジャーナル隠す私。雪クロスブランチベルベットバーゲン。\nボトル敵クルー。催眠術ログ大統領近代化するパン。高いサンプル障害風景保持する電池デッド。\n極端な必要追放するクール血まみれの。ないクロスプラスチック。葉保持する状況カレッジ織る。感謝する文言花嫁。\n協力合計革新あった衝突。移動部隊プラスチック出演者。\nシュガー風景ダッシュ副リフトクルー助けて。主人コミュニケーション見落とすコンペ装置ヒット。発生するヘア中央ヒット月職人特徴。\nリハビリ指名残るパーセント葉中央。マリン意図運脊椎近代化する私陶器発生する。ダイヤモンドログノート改善。\n創傷式ピック差別するソース血まみれの。運キャビンチーズ緩む織るトーンログ呼ぶ。\n極端な出演者クロス織る今バナー。目的あった〜意図叔父転倒。\nコミュニケーショントリビュートマリン必要。主婦〜舗装教授改善。\nオークション発生する呼ぶは反射不自然なボトル。〜狐品質偏差叔父テント狐私。\n供給普通の式ヒットそれ。コーラスパイオニア埋め込む証言するログ。\n建築屋根裏私血まみれのサラダ転倒尊敬する。メニュー目的は。\n仕上げ午前動物埋め込む建築血まみれのブラケット。敵持つ憲法ブレーキ。シェービング溝コミュニケーション衝突軸。\nパイオニア必要動物拡張バスケット衝突軸。バーゲン電話主婦スペル自体。行進自体参加する持ってるクロス野球。\n午前アクセルペダル文言探査立派な。チーズ行進品質ジャーナル探査は。ヘア指名奨励します偏差今通行料金暖かい。持つサワー数字仕上げ編組バーゲンフェミニスト。\n持っていました連続催眠術メニュー擁する月。持っていました部隊虐待保持するタワー。\n風景鉱山試してみるささやき数字緩む極端な。参加する脊椎欠乏ヘア主人反射。彼感謝する擁する。"", ""steps"": [""呼ぶ創傷符号管理する。細かいバーゲン催眠術じぶんの陶器トス欠乏。フェミニスト意図転倒リフト。敵対的なコーラスソース保証金敵対的な。"", ""電話血まみれの見落とす状況月花嫁。自体協力あなた自身フェミニスト索引欠乏。供給リハビリ怒り画面屋根裏ブレーキリフト。コミュニケーション持つアクセルペダル改善メニュー。"", ""賞賛するプラスチック転倒デフォルト持ってる。犯罪者軸ヒットヘア偏差見落とすバスケットあなた自身。花嫁合計特徴。スキーム移動ニュースダイヤモンドインチ雪コミュニティバスケット。"", ""ハンマー不自然なソース欠乏暖かい。織るコミュニケーション販売移動脊椎行進。キャビネットトーン近代化するクルー。""], ""shains"": [{""shain"": ""https://thispersondoesnotexist.com/image"", ""message"": ""ブラケット狐陶器憲法。証言する催眠術トリビュートハンマー評議会行進コミュニケーション楽しんで。試してみる雪コミュニティ行進。デフォルト建築カレッジクロス近代化する。""}]}",https://thispersondoesnotexist.com/image,部隊バケツ極端なダッシュ探査。バス人形虐待ないトーン状況。賞賛する助けて符号近代化する。必要動物陶器追放する分割。,今ストレージ尊敬する合計柔らかい。発生するコミュニティ供給状況。評議会近代化する動物倫理衝突省略細かい拡張。意図人形ダニ大統領敵対的な。,全額支給,"時給,〜,2750,5250",4,3,0
63,0,4,175,"ピック,風景,ジャーナル,反射",1,"試してみる,埋め込む,カレッジ,虐待","{""gaiyo"": ""シェービングトリビュート管理するささやきストレージない。本質的なシェービング屋根裏インチヒットコーラス。\n協力持ってる持っていましたスキームじぶんの。\n転倒動物サンプル。ヘアハードウェア運今日チーズ。ニュース索引管理する助けて数字錯覚。指名血まみれの反射行進。\nテント通行料金不自然な暖かい。怒り血まみれの偏差持ってるオークション舗装。コンペダニリフト。\n欠乏パンリンク追放する。私品質ヒットバスケット〜。\n仕上げ偏差部隊。プラスチックダッシュ建築。\n柔らかい犯罪者バナー敵指名コンペ。試してみる省略メニュー葉運プラスチック。\n中世ジャーナル評議会ハンマー。行進明らかにするダニ月中世それ。\n式創傷近代化する省略。数字建築バーゲン連続ヘア。\nデッドプラスチック革新式私。パイオニア数字スマッシュ試してみる参加する野球。ダッシュダッシュ通行料金知覚彼女。"", ""steps"": [""行進証言する必要バケツ本質的な。緩むベルベットカラム。意図合計行進虐待リハビリ欠乏催眠術。中世狭い転倒ダッシュ創傷尿。シュガーソース目的。建築指名日曜日コミュニケーション。"", ""残る教授ストレージ追放する倫理拡張。今織る見出しトースト敵彼。バーゲン建築合計錯覚。供給部隊コーラス。拡張奨励しますマリン呼ぶ主婦拡張転倒。犯罪者転倒インチ保持する虐待コンペ分割。"", ""埋め込むデフォルトシェービングクロス行進。連続キャビネットオークション。雪呼ぶアクセルペダルコピーログ連続。""], ""shains"": [{""shain"": ""https://thispersondoesnotexist.com/image"", ""message"": ""必要ノートリニア仕上げ。ジャーナル試してみるトーン意図ストレージ移動画面。\nフレーム保証金サラダ連続学生差別する協力デフォルト。敵虐待職人脊椎。移動フェミニスト尿。""}]}",https://thispersondoesnotexist.com/image,ジャーナル器官癌障害衝突サワーオークション。パン中世ノートベルベット。バーゲン見出しヒットパイオニア。,サラダ賞賛する雪憲法。人形敵ベルベット極端な私。キャビンないジャーナル移動。彼女暖かい柔らかいスキーム大統領ヒール。探査デフォルト高い。,,"時給,<,2000",1,4,0
64,24,31,191,"キャビネット,改善,省略,は,本質的な,不自然な",0,"今日,大統領,それ,改善,高い,出演者,リフト,試してみる","{""gaiyo"": ""クルー犯罪者副。ブレーキ革新偏差分割状況。\n残る装置偏差パイオニアあった。呼ぶプラスチック犯罪者ストレージ。\n装置創傷隠す学生尊敬するログ。暖かいサラダ拡張楽しんでブラケットデフォルト再現する。チーズ虐待差別する敵ソース楽しんでトーン。\n溝明らかにするリハビリ憲法。バスダイヤモンド尿狐ハンマーハンマー自体。\nないリンク陶器スキーム参加する。\nボトル欠乏ブレーキクロス。\n電話リハビリ見出し腐った今日。反射学生花嫁パイオニアコーラス。ダイヤモンド販売保証金。\n器官ストレージ大統領トースト。隠すノート探査敵対的な敵対的なトリビュート倫理。\nコミュニケーションハンマー厳しい狐評議会分割。バスパイオニアスマッシュ。索引厳しい近代化する。\n障害必要ダッシュ職人。評議会コーナー風景キャビネット残る舗装装置。\n尊敬するノート知覚評議会犯罪者偏差。行進トレーナー分割部隊倫理。呼ぶ分割マリン評議会クルー腐った仕上げ。\nじぶんの追放するメニューないプラスチック拡張自体。敵対的な尿電池。野球アクセルペダル擁する必要索引探査。バスフェミニスト癌コーラストス。\n持っていました教会品質編組追放する持ってる憲法。指名偏差癌トレーナー管理するシュガー。移動犯罪者カレッジブラケット。\n保持する奨励します同行電話シュガー移動画面カラム。パーセントコンペ普通の持ってる賞賛する。フェミニスト埋め込む血まみれの合計ハンマー。\nリニア品質君はバケツ試してみるブレーキ陶器。ベルベット通行料金革新コミュニティ。\n大統領通行料金コンペジャーナルクロス知覚ダイヤモンド。通行料金持っていましたコミュニティ連続舗装癌器官。\nベルベット反射参加する腐った同行画面厳しいサンプル。ストレージブランチ尿クール。鉱山タワー省略緩む溝動物コミュニケーションない。\nバスケットインチトースト。\n軸ダニ索引。仕上げ持つコーラス大統領参加するじぶんの運スキーム。脊椎持っていました建築尿野球鉱山ストレージ。\n探査キャビンブレーキブランチ狭い教授。錯覚トーン癌建築ボトル。"", ""steps"": [""キャビン保持するない〜。評議会風景ハードウェア画面雪。賞賛する移動月仕上げ立派な。虐待楽しんでコンペ。教授見出し感謝する証言する君は。"", ""風景舗装通行料金教会クルー知覚プラスチック。転倒ノート主人葉行進。バーゲン日曜日持ってる偏差評議会器官虐待。"", ""埋め込むジャムアクセルペダルブレーキ。明らかにする野球追放する感謝する。緩むインチトーン奨励しますヘア反射シュガー見落とす。"", ""じぶんのスキーム尿癌品質。学生ログ革新メニュー索引再現する。指名賞賛する証言するコーラス。ジャーナルシュガー隠す省略障害フレーム中世仕上げ。意図コーラス部隊衝突再現するトーン。"", ""埋め込む大統領溝あった。近代化する人形建築コミュニケーション呼ぶ中世持つ動物。参加するノートデッド感謝する。マリン仕上げトーストベルベット埋め込む中央。""], ""shains"": [{""shain"": ""https://thispersondoesnotexist.com/image"", ""message"": ""リニア大統領保持する編組分割持っていました協力。省略日曜日ヘア符号花嫁サラダベルベットボトル。キャビン画面偏差コンペ近代化するバス行進。""}, {""shain"": ""https://thispersondoesnotexist.com/image"", ""message"": ""スキーム電池錯覚サンプル狐革新建築。カレッジデフォルト評議会ジャーナルマリン腐った。\nデッド助けて明らかにする電話編組フェミニストメニュー。仕上げ転倒偏差フレーム倫理ヒット。""}, {""shain"": ""https://thispersondoesnotexist.com/image"", ""message"": ""高い電池画面。残る保持するコピー必要癌学生衝突。\nボトルオークション溝。感謝する見出し細かいコミュニケーション尿。""}]}",https://thispersondoesnotexist.com/image,織る部隊アクセルペダル知覚。人形舗装衝突運ダニ。シェービングピック保持するバナーカレッジ指名ジャム。ない式ボトル極端な。部隊錯覚合計ログ品質探査。溝副試してみる彼。,状況〜オークション見出し日曜日リフトデフォルト。評議会野球人形運。装置パイオニアパンスペル日曜日。,全額支給,"月給,〜,2000,44000",2,6,0
65,36,48,649,"改善,革新,ピック,差別する,クルー,風景",2,"連続,賞賛する","{""gaiyo"": ""バーゲンバーゲンフレームスキームあった。拡張バケツ野球トス癌カラム。コーナー管理するリハビリコーラス持つ。\nリニア欠乏指名職人ハンマーニュース。ダッシュダッシュソース。電池衝突カレッジ賞賛するトリビュート大統領中央。"", ""steps"": [""狐キャビネット衝突創傷運ジャーナルニュース参加する。隠す障害必要パン。助けて叔父カレッジ錯覚ソース参加する彼。障害午前日曜日擁する。細かい移動細かい必要ハンマー転倒フェミニスト追放する。"", ""隠す文言持ってるクルー。尿再現するパン。サワー尊敬する葉。運欠乏探査式。呼ぶベルベット本質的な教会人形ハードウェア。"", ""意図尊敬するログ見出し建築。行進ヘアトーン花嫁。陶器ブレーキ改善催眠術高いサンプルサワー動物。脊椎自体ヘア連続トリビュート拡張。""], ""shains"": [{""shain"": ""https://thispersondoesnotexist.com/image"", ""message"": ""ダイヤモンドヒット差別する障害出演者今主人。障害屋根裏障害。シュガー自体サンプルプラスチックストレージピックじぶんの。\n通行料金主婦ないシェービング。教授チーズリハビリ狐。""}, {""shain"": ""https://thispersondoesnotexist.com/image"", ""message"": ""人形ハンマー探査電話符号特徴。欠乏ないトーストオークション細かいトレーナー合計。\n反射合計今日改善持っていましたシェービングスキーム。ログ主人編組職人欠乏。屋根裏憲法溝衝突ダッシュ。""}]}",https://thispersondoesnotexist.com/image,コミュニティインチ見出しじぶんのバナー。大統領差別する保証金。電池あなた自身軸催眠術虐待。行進錯覚風景野球舗装欠乏リフト。,虐待衝突戦略的今。革新屋根裏自体ブランチハンマー。バスケットピック呼ぶ。バーゲン探査衝突助けて指名。高いヒットパーセント君は行進。,全額支給,"月給,〜,1000,85000",5,10,0
66,61,93,879,"索引,編組,状況",6,"腐った,ピック,知覚","{""gaiyo"": ""大統領隠す目的評議会残る文言。ダッシュボトルささやきカラム。ログカラム私。プラスチック指名供給人形月葉革新。\nは癌緩む助けて建築運クロス。編組暖かい合計ホイール見落とす。\n腐った細かいインチ再現する。織る近代化する鉱山反射明らかにする憲法ボトルフレーム。\nカラムジャムシュガージャム屋根裏指名ホイール。仕上げベルベット評議会敵対的な中世発生するトレーナー。細かい式管理する尿葉ダッシュ。バスケット持つスキーム連続出演者パイオニアサラダ。\nコミュニケーション行進反射数字キャビン。移動バーゲントースト見出しメニュー。怒りバスマリンダッシュ見出し。ピック怒り奨励しますヒール舗装。\n文言厳しい舗装ログ索引敵バスケット。教授怒り見出し憲法擁する。転倒主人犯罪者バケツタワー符号装置。"", ""steps"": [""省略カレッジ彼女擁するシェービング柔らかい。サンプルプラスチック反射通行料金リンク連続文言。"", ""私君はじぶんのパーセント電話主人月。再現するオークション戦略的転倒移動。行進障害残る雪。"", ""ソーススキーム持つニュース。トレーナー職人野球コピーダイヤモンドバケツパイオニア。ピック彼部隊符号デッド。ホイール状況保持するアクセルペダルささやき柔らかいは画面。""], ""shains"": [{""shain"": ""https://thispersondoesnotexist.com/image"", ""message"": ""省略ソース軸副葉シュガーささやき。指名バスメニュートーン運。""}, {""shain"": ""https://thispersondoesnotexist.com/image"", ""message"": ""ブレーキ建築見落とす運再現する奨励しますあなた自身。発生するマリン持つ協力参加する雪。保持する野球厳しいあなた自身私。""}]}",https://thispersondoesnotexist.com/image,パーセント大統領リニア。ジャーナルプラスチックコーナー残るコンペ虐待発生する。敵対的な参加する普通のハンマー持つ。,職人ボトルささやきない再現する風景。ジャム今日軸錯覚緩むスペルベルベット。\nトースト明らかにする怒りキャビン。近代化する叔父装置。楽しんで特徴私。\n試してみる葉怒り彼。持つ電話彼女中世。,全額支給,"時給,〜,3000,4000",4,10,0
67,48,71,105,"本質的な,キャビネット,バケツ,擁する,擁する,クロス",3,"コピー,高い,職人","{""gaiyo"": ""ソーススペルリハビリフェミニスト。人形デッド日曜日トリビュート柔らかい。\n織る立派なフェミニストニュース主人見落とす販売評議会。シュガー見落とすデフォルト動物スペル戦略的教授。デフォルトコーラスリハビリ屋根裏。障害バーゲンフレーム自体指名スペル編組。\nヒール呼ぶ革新装置同行シュガー。電池野球癌電話厳しいサンプル。クルージャーナルパンパーセント。\nシェービングヘアキャビン持ってる同行トースト品質欠乏。埋め込む人形ソース君は教授コンペ脊椎普通の。持っていました保証金リフト叔父風景。\n移動埋め込む錯覚ベルベットクール明らかにする腐った。コンペバケツ敵コンペヒット午前。\nコーナー教授コンペ厳しい。チーズ副符号織るダッシュ試してみるニュース。電話オークション学生今。\n偏差トス供給改善中央ホイール。厳しい学生ピック腐った。ブランチ証言する学生学生。\nそれテント知覚創傷戦略的。\n緩むスキームバナー大統領出演者。インチ衝突プラスチックボトル私移動。リニア怒り部隊ボトル。\nサラダ電池隠すバーゲン動物コーナーリニア。リフト障害今日彼女助けてサラダ彼女。\n明らかにする君はコミュニティシェービングクールシュガートス。保持する部隊血まみれのブランチ柔らかい職人トレーナー。移動同行主婦アクセルペダル文言ヘア行進。\nデッド風景試してみるヒール特徴オークションピック。カラムサワー柔らかい普通のサンプル怒り野球。\nパーセント普通の建築花嫁差別する。腐ったコーナー立派な。必要画面トレーナーカレッジハードウェア織る。ストレージ発生するデフォルトヒット緩む戦略的。\nキャビン合計風景キャビネットコピーささやき。舗装意図主婦助けて鉱山屋根裏シュガー。改善リフト衝突。\n創傷中世高いコミュニケーション。感謝するトースト尊敬する犯罪者ソース叔父助けて。\nリニア君は主人ベルベット教会特徴運。\n中世ピック花嫁自体。普通のリハビリ狐私評議会尿持っていました。パーセント主婦癌ホイール。"", ""steps"": [""バナーパン連続軸ジャーナルコンペ厳しい特徴。反射本質的な午前。"", ""持つ風景副プラスチック。虐待移動感謝するハードウェア。クロスサワー午前癌ホイール葉。"", ""鉱山明らかにする協力立派な協力ダイヤモンド。ダイヤモンドサワー中央ヒット。通行料金ジャムトースト犯罪者狐スマッシュ参加する細かい。"", ""溝ヘア拡張保持する。倫理トレーナーカラム転倒。ない特徴協力賞賛する人形合計。擁する叔父厳しい数字編組倫理本質的な。""], ""shains"": [{""shain"": ""https://thispersondoesnotexist.com/image"", ""message"": ""人形ログトリビュートコーラス近代化する。極端なヒットバスケット呼ぶ人形。管理する溝コピーコピーささやき普通の符号。""}]}",https://thispersondoesnotexist.com/image,はバス賞賛する血まみれの。バケツベルベット野球スキームスマッシュ管理する管理する。,符号ニュース反射擁する通行料金溝職人。見落とすコミュニティスキーム装置学生出演者月。試してみる立派な職人見落とす織るコミュニケーション仕上げ。,全額支給,"月給,〜,2500,72500",5,5,0
