ID,会社ID,住所タイプID,エリアタイプ,タイトル,エリア,エリア備考,アクセス,郵便番号,住所1,住所2,住所3,住所4
1,1,0,0,本社,"福島県,大田区",,丸の内駅から徒歩2分,072-3478,福島県,大田区,丸の内29丁目25番,コート17号
2,1,1,0,神奈川県支社,"神奈川県,川崎市高津区",,手岡駅から徒歩12分,917-7884,神奈川県,川崎市高津区,手岡29丁目10番,シティ8号
3,1,1,0,山口県支社,"山口県,福生市",,北上野駅から徒歩15分,453-0333,山口県,福生市,北上野20丁目25番,シティ2号
4,1,2,0,その他,"広島県,山武市",,南郷屋駅から徒歩11分,513-5907,広島県,山武市,南郷屋7丁目21番,コート11号
5,2,0,0,本社,"茨城県,狛江市",,一ツ橋駅から徒歩5分,962-6113,茨城県,狛江市,一ツ橋22丁目27番,ハイツ6号
6,3,0,0,本社,"島根県,府中市",,白金駅から徒歩1分,315-2933,島根県,府中市,白金35丁目21番,アーバン9号
7,4,0,0,本社,"長崎県,大島町",,無栗屋駅から徒歩11分,632-6581,長崎県,大島町,無栗屋5丁目21番,アーバン14号
8,5,0,0,本社,"長崎県,利島村",,三ノ輪駅から徒歩9分,959-1991,長崎県,利島村,三ノ輪25丁目26番,コーポ9号
9,6,0,0,本社,"山梨県,夷隅郡御宿町",,浅草駅から徒歩14分,695-8708,山梨県,夷隅郡御宿町,浅草22丁目16番,パレス4号
10,7,0,0,本社,"青森県,中央区",,中宮祠駅から徒歩6分,394-3832,青森県,中央区,中宮祠36丁目18番,シャルム2号
11,7,1,0,茨城県支社,"茨城県,横浜市金沢区",,日比谷公園駅から徒歩2分,026-3214,茨城県,横浜市金沢区,日比谷公園30丁目27番,ハイツ14号
12,8,0,0,本社,"熊本県,横浜市南区",,花川戸駅から徒歩1分,263-7401,熊本県,横浜市南区,花川戸22丁目12番,パレス8号
13,9,0,0,本社,"岐阜県,川崎市幸区",,五味ヶ谷駅から徒歩13分,796-0339,岐阜県,川崎市幸区,五味ヶ谷24丁目4番,ハイツ2号
14,10,0,0,本社,"北海道,印旛郡栄町",,東大和町駅から徒歩4分,046-4858,北海道,印旛郡栄町,東大和町14丁目6番,ハイツ14号
15,10,1,0,愛媛県支社,"愛媛県,小笠原村",,雷門駅から徒歩17分,175-5608,愛媛県,小笠原村,雷門16丁目4番,ハイツ14号
16,10,1,0,愛知県支社,"愛知県,青梅市",,上高野駅から徒歩8分,467-6285,愛知県,青梅市,上高野39丁目9番,シティ17号
17,11,0,0,本社,"石川県,八丈島八丈町",,筑土八幡町駅から徒歩5分,729-6397,石川県,八丈島八丈町,筑土八幡町30丁目27番,アーバン14号
18,11,1,0,大分県支社,"大分県,印西市",,上野公園駅から徒歩3分,891-6939,大分県,印西市,上野公園16丁目24番,クレスト3号
19,12,0,0,本社,"島根県,横浜市泉区",,東上野駅から徒歩14分,890-0632,島根県,横浜市泉区,東上野21丁目6番,ハイツ10号
20,12,1,0,熊本県支社,"熊本県,目黒区",,芝浦駅から徒歩1分,307-2550,熊本県,目黒区,芝浦20丁目24番,シティ6号
21,12,1,0,山形県支社,"山形県,西多摩郡日の出町",,土呂部駅から徒歩8分,430-4746,山形県,西多摩郡日の出町,土呂部4丁目13番,シャルム12号
22,12,1,0,奈良県支社,"奈良県,八王子市",,高田馬場駅から徒歩3分,762-1826,奈良県,八王子市,高田馬場12丁目23番,コーポ19号
23,13,0,0,本社,"山梨県,新宿区",,細竹駅から徒歩5分,063-1622,山梨県,新宿区,細竹6丁目8番,パレス13号
24,14,0,0,本社,"静岡県,長生郡長柄町",,日本堤駅から徒歩4分,489-5338,静岡県,長生郡長柄町,日本堤22丁目9番,アーバン15号
25,15,0,0,本社,"佐賀県,白井市",,渡辺駅から徒歩5分,196-3414,佐賀県,白井市,渡辺13丁目3番,コート13号
26,16,0,0,本社,"高知県,福生市",,方京駅から徒歩6分,268-7983,高知県,福生市,方京17丁目8番,シティ13号
27,17,0,0,本社,"大分県,あきる野市",,中小来川駅から徒歩6分,898-5645,大分県,あきる野市,中小来川11丁目12番,コーポ17号
28,18,0,0,本社,"鹿児島県,あきる野市",,高田馬場駅から徒歩3分,842-8055,鹿児島県,あきる野市,高田馬場13丁目18番,パーク2号
29,19,0,0,本社,"熊本県,狛江市",,芝公園駅から徒歩15分,019-0761,熊本県,狛江市,芝公園22丁目23番,パレス5号
30,20,0,0,本社,"広島県,印旛郡栄町",,丹勢駅から徒歩10分,056-6667,広島県,印旛郡栄町,丹勢39丁目1番,ハイツ13号
31,21,0,0,本社,"長野県,文京区",,神明内駅から徒歩19分,028-0315,長野県,文京区,神明内8丁目6番,シティ6号
32,22,0,0,本社,"香川県,多摩市",,松浦町駅から徒歩5分,499-0864,香川県,多摩市,松浦町14丁目12番,シャルム17号
33,23,0,0,本社,"福井県,山武郡横芝光町",,中川崎駅から徒歩16分,140-0261,福井県,山武郡横芝光町,中川崎24丁目17番,シティ12号
34,23,1,0,福島県支社,"福島県,山武市",,脚折町駅から徒歩20分,794-4797,福島県,山武市,脚折町41丁目18番,クレスト16号
35,24,0,0,本社,"秋田県,横浜市瀬谷区",,油井駅から徒歩4分,424-4790,秋田県,横浜市瀬谷区,油井29丁目2番,パレス1号
36,24,1,0,鹿児島県支社,"鹿児島県,横浜市保土ケ谷区",,丹勢駅から徒歩19分,565-1715,鹿児島県,横浜市保土ケ谷区,丹勢38丁目7番,シャルム1号
37,25,0,0,本社,"滋賀県,横浜市保土ケ谷区",,前弥六駅から徒歩2分,303-6202,滋賀県,横浜市保土ケ谷区,前弥六16丁目23番,パレス5号
38,26,0,0,本社,"佐賀県,印旛郡本埜村",,土呂部駅から徒歩9分,022-6468,佐賀県,印旛郡本埜村,土呂部23丁目4番,コーポ19号
39,26,1,0,福島県支社,"福島県,国分寺市",,吾妻橋駅から徒歩6分,149-5061,福島県,国分寺市,吾妻橋21丁目13番,シティ15号
40,27,0,0,本社,"徳島県,印西市",,方京駅から徒歩12分,478-5975,徳島県,印西市,方京32丁目26番,クレスト19号
41,28,0,0,本社,"滋賀県,千代田区",,虎ノ門虎ノ門ヒルズ森タワー駅から徒歩19分,344-3622,滋賀県,千代田区,虎ノ門虎ノ門ヒルズ森タワー36丁目5番,ハイツ16号
42,29,0,0,本社,"兵庫県,横浜市神奈川区",,隼町駅から徒歩7分,689-9868,兵庫県,横浜市神奈川区,隼町37丁目23番,シティ7号
43,30,0,0,本社,"大阪府,長生郡長生村",,虎ノ門駅から徒歩1分,455-3353,大阪府,長生郡長生村,虎ノ門10丁目12番,クレスト10号
44,31,0,0,本社,"大分県,国立市",,西浅草駅から徒歩1分,515-3109,大分県,国立市,西浅草32丁目18番,コート8号
45,31,2,0,その他,"群馬県,匝瑳市",,日比谷公園駅から徒歩2分,564-1616,群馬県,匝瑳市,日比谷公園25丁目13番,ハイツ11号
46,32,0,0,本社,"岩手県,神津島村",,羽折町駅から徒歩6分,932-7507,岩手県,神津島村,羽折町16丁目12番,シティ10号
47,32,1,0,山形県支社,"山形県,千代田区",,上広谷駅から徒歩16分,444-0289,山形県,千代田区,上広谷29丁目1番,コーポ2号
48,33,0,0,本社,"広島県,小笠原村",,丸の内駅から徒歩18分,500-8890,広島県,小笠原村,丸の内30丁目26番,パーク19号
49,34,0,0,本社,"高知県,狛江市",,藤金駅から徒歩20分,581-6248,高知県,狛江市,藤金32丁目27番,シャルム16号
50,35,0,0,本社,"山口県,日野市",,大京町駅から徒歩7分,275-4219,山口県,日野市,大京町37丁目19番,ハイツ10号
51,36,0,0,本社,"沖縄県,富津市",,天神島駅から徒歩4分,222-2601,沖縄県,富津市,天神島16丁目1番,アーバン15号
52,37,0,0,本社,"京都府,山武郡横芝光町",,太田ヶ谷駅から徒歩13分,289-8070,京都府,山武郡横芝光町,太田ヶ谷39丁目24番,ハイツ9号
53,37,1,0,沖縄県支社,"沖縄県,横浜市保土ケ谷区",,神明内駅から徒歩20分,203-0766,沖縄県,横浜市保土ケ谷区,神明内11丁目14番,シャルム17号
54,38,0,0,本社,"奈良県,八街市",,中宮祠駅から徒歩12分,708-9710,奈良県,八街市,中宮祠21丁目26番,シャルム8号
55,39,0,0,本社,"宮城県,夷隅郡御宿町",,平須賀駅から徒歩19分,478-3763,宮城県,夷隅郡御宿町,平須賀33丁目27番,コート7号
56,39,1,0,静岡県支社,"静岡県,国分寺市",,港南駅から徒歩10分,099-9690,静岡県,国分寺市,港南5丁目10番,コート15号
57,40,0,0,本社,"栃木県,香取郡多古町",,長間駅から徒歩17分,529-2894,栃木県,香取郡多古町,長間5丁目27番,シティ8号
58,41,0,0,本社,"沖縄県,南房総市",,押上駅から徒歩13分,176-1833,沖縄県,南房総市,押上27丁目7番,パレス5号
59,41,1,0,大分県支社,"大分県,印旛郡本埜村",,橋場駅から徒歩8分,935-3514,大分県,印旛郡本埜村,橋場15丁目7番,コーポ18号
60,41,1,0,茨城県支社,"茨城県,小金井市",,二つ室駅から徒歩5分,826-0799,茨城県,小金井市,二つ室42丁目8番,クレスト2号
61,42,0,0,本社,"長野県,八丈島八丈町",,幸手駅から徒歩20分,451-2480,長野県,八丈島八丈町,幸手30丁目21番,パレス8号
62,43,0,0,本社,"宮崎県,あきる野市",,上吉羽駅から徒歩19分,710-1414,宮崎県,あきる野市,上吉羽3丁目7番,パレス15号
63,43,2,0,その他,"三重県,横浜市南区",,中鉢石町駅から徒歩15分,853-8930,三重県,横浜市南区,中鉢石町5丁目8番,パーク1号
64,44,0,0,本社,"富山県,新島村",,松が谷駅から徒歩9分,369-9530,富山県,新島村,松が谷5丁目3番,ハイツ19号
65,45,0,0,本社,"愛知県,昭島市",,虎ノ門駅から徒歩2分,092-9518,愛知県,昭島市,虎ノ門33丁目20番,クレスト16号
66,46,0,0,本社,"宮城県,川崎市宮前区",,吾妻橋駅から徒歩15分,371-7866,宮城県,川崎市宮前区,吾妻橋4丁目26番,ハイツ20号
67,47,0,0,本社,"山梨県,長生郡白子町",,東和町駅から徒歩1分,869-1858,山梨県,長生郡白子町,東和町32丁目9番,アーバン2号
68,47,2,0,その他,"岡山県,立川市",,芝大門駅から徒歩5分,888-2579,岡山県,立川市,芝大門20丁目8番,パレス1号
69,48,0,0,本社,"奈良県,横浜市泉区",,脚折町駅から徒歩12分,844-9039,奈良県,横浜市泉区,脚折町27丁目10番,コーポ8号
70,48,2,0,その他,"宮崎県,多摩市",,上高野駅から徒歩9分,362-1273,宮崎県,多摩市,上高野15丁目1番,シティ15号
71,49,0,0,本社,"香川県,白井市",,西神田駅から徒歩6分,556-0024,香川県,白井市,西神田23丁目19番,シャルム3号
72,49,1,0,長崎県支社,"長崎県,神津島村",,太田ヶ谷駅から徒歩6分,896-7685,長崎県,神津島村,太田ヶ谷30丁目12番,ハイツ10号
73,50,0,0,本社,"宮城県,小平市",,今戸駅から徒歩3分,018-8718,宮城県,小平市,今戸32丁目19番,パーク3号
74,51,0,0,本社,"宮城県,鴨川市",,箪笥町駅から徒歩2分,118-7327,宮城県,鴨川市,箪笥町41丁目27番,シティ7号
75,52,0,0,本社,"山形県,長生郡長柄町",,幸手駅から徒歩19分,749-3060,山形県,長生郡長柄町,幸手20丁目7番,シティ8号
76,53,0,0,本社,"神奈川県,香取市",,東浅草駅から徒歩6分,020-7798,神奈川県,香取市,東浅草41丁目25番,クレスト14号
77,54,0,0,本社,"茨城県,川崎市中原区",,月島駅から徒歩6分,414-1659,茨城県,川崎市中原区,月島23丁目21番,アーバン14号
78,54,2,0,その他,"徳島県,西東京市",,隼町駅から徒歩6分,568-6962,徳島県,西東京市,隼町42丁目26番,パレス3号
79,55,0,0,本社,"鳥取県,鴨川市",,西関宿駅から徒歩2分,142-4246,鳥取県,鴨川市,西関宿9丁目18番,シャルム6号
80,55,1,0,福岡県支社,"福岡県,横浜市緑区",,白金駅から徒歩19分,594-1499,福岡県,横浜市緑区,白金36丁目6番,シティ6号
81,55,1,0,青森県支社,"青森県,西多摩郡奥多摩町",,外神田駅から徒歩13分,740-9425,青森県,西多摩郡奥多摩町,外神田5丁目23番,アーバン7号
82,55,2,0,その他,"福岡県,武蔵村山市",,東和町駅から徒歩20分,509-9103,福岡県,武蔵村山市,東和町27丁目11番,コート6号
83,56,0,0,本社,"愛知県,印旛郡酒々井町",,二つ室駅から徒歩18分,227-8527,愛知県,印旛郡酒々井町,二つ室16丁目13番,シティ5号
84,56,1,0,富山県支社,"富山県,大網白里市",,六番町駅から徒歩19分,424-5727,富山県,大網白里市,六番町12丁目25番,コーポ9号
85,56,1,0,宮崎県支社,"宮崎県,山武郡芝山町",,丹勢駅から徒歩7分,892-3490,宮崎県,山武郡芝山町,丹勢36丁目26番,ハイツ9号
86,57,0,0,本社,"岩手県,長生郡一宮町",,日比谷公園駅から徒歩16分,842-6853,岩手県,長生郡一宮町,日比谷公園30丁目26番,シャルム17号
87,58,0,0,本社,"山口県,長生郡睦沢町",,小入駅から徒歩8分,925-6160,山口県,長生郡睦沢町,小入27丁目21番,ハイツ14号
88,59,0,0,本社,"秋田県,山武市",,西関宿駅から徒歩8分,308-8871,秋田県,山武市,西関宿8丁目8番,アーバン1号
89,60,0,0,本社,"福島県,狛江市",,猿楽町駅から徒歩12分,550-6010,福島県,狛江市,猿楽町8丁目23番,アーバン1号
90,61,0,0,本社,"東京都,四街道市",,豊町駅から徒歩2分,970-4978,東京都,四街道市,豊町8丁目3番,パレス3号
91,62,0,0,本社,"石川県,江戸川区",,台東駅から徒歩20分,326-3619,石川県,江戸川区,台東37丁目17番,アーバン5号
92,63,0,0,本社,"熊本県,長生郡白子町",,権現堂駅から徒歩16分,980-8372,熊本県,長生郡白子町,権現堂15丁目18番,コーポ3号
93,63,1,0,和歌山県支社,"和歌山県,国分寺市",,鍛冶ケ沢駅から徒歩2分,474-4301,和歌山県,国分寺市,鍛冶ケ沢5丁目26番,シティ2号
94,64,0,0,本社,"徳島県,武蔵村山市",,明石町駅から徒歩8分,534-9003,徳島県,武蔵村山市,明石町20丁目14番,シャルム16号
95,65,0,0,本社,"千葉県,御蔵島村",,吾妻橋駅から徒歩17分,168-2883,千葉県,御蔵島村,吾妻橋21丁目15番,パーク3号
96,65,1,0,石川県支社,"石川県,東大和市",,白金台駅から徒歩12分,520-9910,石川県,東大和市,白金台18丁目9番,アーバン17号
97,66,0,0,本社,"富山県,安房郡鋸南町",,土沢駅から徒歩9分,650-3501,富山県,安房郡鋸南町,土沢33丁目26番,ハイツ15号
98,66,2,0,その他,"三重県,八王子市",,藤金駅から徒歩18分,863-4132,三重県,八王子市,藤金40丁目24番,シティ18号
99,67,0,0,本社,"三重県,横浜市瀬谷区",,麹町駅から徒歩19分,117-0970,三重県,横浜市瀬谷区,麹町10丁目26番,クレスト8号
100,68,0,0,本社,"兵庫県,三宅島三宅村",,箪笥町駅から徒歩19分,687-2207,兵庫県,三宅島三宅村,箪笥町33丁目25番,パレス18号
101,69,0,0,本社,"山梨県,横浜市南区",,権現堂駅から徒歩13分,130-5688,山梨県,横浜市南区,権現堂36丁目18番,ハイツ16号
102,69,1,0,栃木県支社,"栃木県,港区",,富久町駅から徒歩9分,381-0123,栃木県,港区,富久町5丁目13番,クレスト9号
103,70,0,0,本社,"宮城県,我孫子市",,北上野駅から徒歩13分,976-6550,宮城県,我孫子市,北上野23丁目25番,コート19号
104,71,0,0,本社,"熊本県,印旛郡本埜村",,千塚駅から徒歩16分,537-4616,熊本県,印旛郡本埜村,千塚30丁目20番,クレスト1号
105,71,2,0,その他,"愛媛県,横浜市瀬谷区",,千束駅から徒歩9分,409-7359,愛媛県,横浜市瀬谷区,千束39丁目7番,ハイツ4号
106,72,0,0,本社,"徳島県,横浜市西区",,台東駅から徒歩3分,297-4689,徳島県,横浜市西区,台東23丁目6番,ハイツ13号
107,73,0,0,本社,"鳥取県,東大和市",,日光駅から徒歩2分,501-4890,鳥取県,東大和市,日光13丁目4番,コート9号
108,73,1,0,香川県支社,"香川県,長生郡長南町",,三ノ輪駅から徒歩7分,878-6838,香川県,長生郡長南町,三ノ輪39丁目13番,ハイツ12号
109,73,2,0,その他,"宮崎県,清瀬市",,猿楽町駅から徒歩3分,141-8876,宮崎県,清瀬市,猿楽町4丁目18番,シティ1号
110,74,0,0,本社,"岐阜県,板橋区",,柿木沢駅から徒歩2分,478-8498,岐阜県,板橋区,柿木沢5丁目4番,シャルム11号
111,74,1,0,長野県支社,"長野県,山武市",,氏家新田駅から徒歩4分,535-6918,長野県,山武市,氏家新田24丁目22番,ハイツ2号
112,75,0,0,本社,"千葉県,八千代市",,土呂部駅から徒歩8分,263-6083,千葉県,八千代市,土呂部16丁目16番,コート5号
113,75,1,0,長崎県支社,"長崎県,西多摩郡瑞穂町",,脚折町駅から徒歩20分,732-0914,長崎県,西多摩郡瑞穂町,脚折町14丁目14番,アーバン11号
114,76,0,0,本社,"福島県,川崎市幸区",,下吉羽駅から徒歩3分,385-5128,福島県,川崎市幸区,下吉羽40丁目26番,アーバン18号
115,76,1,0,徳島県支社,"徳島県,横浜市港北区",,西小来川駅から徒歩20分,153-2745,徳島県,横浜市港北区,西小来川19丁目7番,クレスト17号
116,77,0,0,本社,"茨城県,多摩市",,氏家新田駅から徒歩8分,202-1908,茨城県,多摩市,氏家新田13丁目25番,シティ13号
117,77,1,0,京都府支社,"京都府,横浜市青葉区",,長間駅から徒歩19分,216-6123,京都府,横浜市青葉区,長間36丁目24番,パレス6号
118,78,0,0,本社,"岩手県,西多摩郡瑞穂町",,元浅草駅から徒歩15分,541-5238,岩手県,西多摩郡瑞穂町,元浅草13丁目22番,アーバン11号
119,78,2,0,その他,"埼玉県,御蔵島村",,雷門駅から徒歩16分,681-2786,埼玉県,御蔵島村,雷門28丁目26番,パレス16号
120,79,0,0,本社,"栃木県,八千代市",,卯の里駅から徒歩3分,378-6737,栃木県,八千代市,卯の里42丁目12番,シャルム3号
121,80,0,0,本社,"山口県,西多摩郡奥多摩町",,戸塚町駅から徒歩12分,367-5713,山口県,西多摩郡奥多摩町,戸塚町32丁目25番,アーバン15号
122,80,2,0,その他,"宮崎県,利島村",,西神田駅から徒歩1分,542-4622,宮崎県,利島村,西神田28丁目23番,ハイツ11号
123,81,0,0,本社,"山口県,新島村",,外神田駅から徒歩5分,690-6402,山口県,新島村,外神田12丁目25番,コート6号
124,81,1,0,岡山県支社,"岡山県,渋谷区",,元浅草駅から徒歩11分,653-5195,岡山県,渋谷区,元浅草24丁目14番,アーバン20号
125,81,1,0,神奈川県支社,"神奈川県,横浜市神奈川区",,白金駅から徒歩12分,464-7519,神奈川県,横浜市神奈川区,白金4丁目12番,ハイツ17号
126,81,1,0,秋田県支社,"秋田県,東村山市",,虎ノ門虎ノ門ヒルズ森タワー駅から徒歩8分,546-9670,秋田県,東村山市,虎ノ門虎ノ門ヒルズ森タワー32丁目3番,パレス16号
127,81,1,0,山口県支社,"山口県,川崎市川崎区",,秋葉原駅から徒歩10分,585-4841,山口県,川崎市川崎区,秋葉原15丁目10番,シティ15号
128,82,0,0,本社,"大阪府,香取郡多古町",,鳥越駅から徒歩8分,643-1297,大阪府,香取郡多古町,鳥越6丁目19番,ハイツ9号
129,83,0,0,本社,"愛媛県,八街市",,入谷駅から徒歩20分,872-8258,愛媛県,八街市,入谷25丁目2番,ハイツ14号
130,84,0,0,本社,"鳥取県,青梅市",,長畑駅から徒歩1分,290-5388,鳥取県,青梅市,長畑33丁目7番,コート1号
131,85,0,0,本社,"静岡県,横浜市南区",,前弥六駅から徒歩19分,036-5620,静岡県,横浜市南区,前弥六21丁目23番,パーク10号
132,85,1,0,長崎県支社,"長崎県,福生市",,独鈷沢駅から徒歩9分,231-7429,長崎県,福生市,独鈷沢42丁目25番,コーポ19号
133,86,0,0,本社,"広島県,長生郡白子町",,勝どき駅から徒歩10分,381-4280,広島県,長生郡白子町,勝どき29丁目3番,コーポ11号
134,86,1,0,岩手県支社,"岩手県,目黒区",,箪笥町駅から徒歩9分,349-3236,岩手県,目黒区,箪笥町29丁目4番,パーク13号
135,86,1,0,埼玉県支社,"埼玉県,川崎市幸区",,湯本塩原駅から徒歩17分,302-0361,埼玉県,川崎市幸区,湯本塩原9丁目17番,コーポ5号
136,87,0,0,本社,"山形県,横浜市港南区",,権現堂駅から徒歩20分,166-2226,山形県,横浜市港南区,権現堂25丁目13番,アーバン14号
137,87,2,0,その他,"滋賀県,江東区",,鳥越駅から徒歩11分,552-5768,滋賀県,江東区,鳥越1丁目26番,コーポ9号
138,87,1,0,沖縄県支社,"沖縄県,日野市",,平河町駅から徒歩1分,644-0863,沖縄県,日野市,平河町7丁目13番,コーポ16号
139,88,0,0,本社,"島根県,国分寺市",,東大和町駅から徒歩10分,220-1532,島根県,国分寺市,東大和町22丁目7番,ハイツ6号
140,88,1,0,千葉県支社,"千葉県,東久留米市",,芝公園駅から徒歩8分,750-9888,千葉県,東久留米市,芝公園7丁目1番,シティ8号
141,88,2,0,その他,"埼玉県,目黒区",,南赤田駅から徒歩5分,827-0150,埼玉県,目黒区,南赤田11丁目3番,パレス3号
142,89,0,0,本社,"滋賀県,横浜市港南区",,入谷駅から徒歩16分,470-9430,滋賀県,横浜市港南区,入谷28丁目21番,パレス19号
143,89,1,0,埼玉県支社,"埼玉県,大島町",,柿木沢駅から徒歩7分,606-0236,埼玉県,大島町,柿木沢34丁目17番,パレス19号
144,89,1,0,宮城県支社,"宮城県,葛飾区",,戸島駅から徒歩17分,864-0803,宮城県,葛飾区,戸島37丁目3番,クレスト10号
145,90,0,0,本社,"新潟県,西多摩郡奥多摩町",,氏家新田駅から徒歩10分,647-9226,新潟県,西多摩郡奥多摩町,氏家新田5丁目3番,ハイツ6号
146,90,1,0,鳥取県支社,"鳥取県,清瀬市",,五味ヶ谷駅から徒歩13分,976-4276,鳥取県,清瀬市,五味ヶ谷38丁目20番,シャルム7号
147,91,0,0,本社,"神奈川県,新島村",,秋葉原駅から徒歩19分,073-3998,神奈川県,新島村,秋葉原35丁目7番,コーポ10号
148,91,1,0,愛媛県支社,"愛媛県,南房総市",,東三島駅から徒歩9分,539-4645,愛媛県,南房総市,東三島20丁目14番,シティ19号
149,92,0,0,本社,"石川県,青梅市",,東和町駅から徒歩19分,573-7158,石川県,青梅市,東和町6丁目20番,ハイツ18号
150,93,0,0,本社,"栃木県,足立区",,松石駅から徒歩5分,638-3265,栃木県,足立区,松石1丁目21番,シャルム14号
151,94,0,0,本社,"福島県,小平市",,下吉羽駅から徒歩16分,068-6407,福島県,小平市,下吉羽6丁目20番,アーバン6号
152,95,0,0,本社,"愛媛県,日野市",,浅草駅から徒歩8分,977-7147,愛媛県,日野市,浅草19丁目26番,シティ10号
153,95,2,0,その他,"北海道,八丈島八丈町",,鳥越駅から徒歩16分,505-3004,北海道,八丈島八丈町,鳥越31丁目2番,シャルム19号
154,96,0,0,本社,"愛知県,葛飾区",,東神田駅から徒歩20分,405-3584,愛知県,葛飾区,東神田17丁目4番,アーバン15号
155,96,1,0,山口県支社,"山口県,荒川区",,雷門駅から徒歩13分,351-6292,山口県,荒川区,雷門29丁目23番,シャルム14号
156,96,1,0,長崎県支社,"長崎県,葛飾区",,山中新田駅から徒歩9分,606-9588,長崎県,葛飾区,山中新田21丁目26番,シャルム8号
157,97,0,0,本社,"沖縄県,青梅市",,東上野駅から徒歩4分,445-4327,沖縄県,青梅市,東上野24丁目25番,シャルム10号
158,98,0,0,本社,"秋田県,香取郡多古町",,南赤田駅から徒歩13分,243-0382,秋田県,香取郡多古町,南赤田41丁目27番,シティ16号
159,98,2,0,その他,"大分県,文京区",,麹町駅から徒歩15分,837-7122,大分県,文京区,麹町3丁目4番,シャルム17号
160,98,1,0,熊本県支社,"熊本県,横浜市栄区",,轟駅から徒歩18分,884-5756,熊本県,横浜市栄区,轟2丁目1番,コート17号
161,98,2,0,その他,"岡山県,鴨川市",,九段南駅から徒歩13分,162-1796,岡山県,鴨川市,九段南21丁目18番,パレス12号
162,99,0,0,本社,"三重県,武蔵野市",,六番町駅から徒歩20分,468-3716,三重県,武蔵野市,六番町26丁目16番,クレスト5号
163,100,0,0,本社,"島根県,神津島村",,高輪駅から徒歩10分,826-4629,島根県,神津島村,高輪4丁目14番,パレス7号
164,100,2,0,その他,"長野県,昭島市",,氏家駅から徒歩6分,137-0007,長野県,昭島市,氏家13丁目5番,アーバン9号
165,101,0,0,本社,"青森県,西東京市",,白金駅から徒歩10分,539-7702,青森県,西東京市,白金24丁目21番,コート4号
166,101,1,0,愛媛県支社,"愛媛県,西多摩郡奥多摩町",,脚折町駅から徒歩6分,642-4127,愛媛県,西多摩郡奥多摩町,脚折町14丁目14番,アーバン15号
167,102,0,0,本社,"京都府,川崎市川崎区",,富久町駅から徒歩5分,395-2589,京都府,川崎市川崎区,富久町34丁目17番,ハイツ20号
168,102,2,0,その他,"埼玉県,板橋区",,池之端駅から徒歩11分,160-2467,埼玉県,板橋区,池之端15丁目6番,パレス20号
169,102,1,0,千葉県支社,"千葉県,川崎市川崎区",,前弥六南町駅から徒歩13分,270-0714,千葉県,川崎市川崎区,前弥六南町41丁目25番,シャルム3号
170,103,0,0,本社,"鳥取県,狛江市",,下吉羽駅から徒歩5分,103-5718,鳥取県,狛江市,下吉羽40丁目13番,クレスト5号
171,104,0,0,本社,"広島県,多摩市",,戸塚町駅から徒歩19分,197-4677,広島県,多摩市,戸塚町14丁目8番,アーバン7号
172,104,1,0,長野県支社,"長野県,江戸川区",,花島駅から徒歩4分,776-6591,長野県,江戸川区,花島18丁目21番,コート2号
173,104,1,0,熊本県支社,"熊本県,川崎市川崎区",,土沢駅から徒歩10分,954-5455,熊本県,川崎市川崎区,土沢38丁目25番,シティ16号
174,105,0,0,本社,"岡山県,八街市",,山中新田駅から徒歩10分,433-1405,岡山県,八街市,山中新田38丁目17番,パレス2号
175,106,0,0,本社,"福島県,大田区",,高田馬場駅から徒歩17分,364-8527,福島県,大田区,高田馬場17丁目1番,シャルム8号
176,107,0,0,本社,"山形県,川崎市川崎区",,幸手駅から徒歩18分,228-6577,山形県,川崎市川崎区,幸手34丁目20番,コート15号
177,108,0,0,本社,"静岡県,南房総市",,鳥越駅から徒歩19分,266-2297,静岡県,南房総市,鳥越30丁目23番,クレスト17号
178,109,0,0,本社,"宮崎県,世田谷区",,東三島駅から徒歩16分,333-9298,宮崎県,世田谷区,東三島19丁目3番,コート15号
179,110,0,0,本社,"奈良県,昭島市",,長畑駅から徒歩5分,262-2715,奈良県,昭島市,長畑32丁目2番,クレスト2号
180,110,1,0,埼玉県支社,"埼玉県,大島町",,秋葉原駅から徒歩4分,118-4242,埼玉県,大島町,秋葉原13丁目15番,コーポ7号
181,111,0,0,本社,"福岡県,横浜市港南区",,油井駅から徒歩5分,673-2039,福岡県,横浜市港南区,油井36丁目26番,パレス5号
182,111,1,0,山梨県支社,"山梨県,横浜市青葉区",,鳥越駅から徒歩4分,690-7707,山梨県,横浜市青葉区,鳥越29丁目23番,アーバン20号
183,112,0,0,本社,"沖縄県,府中市",,鍛冶ケ沢駅から徒歩18分,052-8306,沖縄県,府中市,鍛冶ケ沢5丁目27番,クレスト18号
184,113,0,0,本社,"富山県,四街道市",,山中新田駅から徒歩8分,920-1389,富山県,四街道市,山中新田25丁目19番,クレスト1号
185,113,1,0,三重県支社,"三重県,町田市",,戸塚町駅から徒歩19分,021-2216,三重県,町田市,戸塚町5丁目15番,パーク14号
186,114,0,0,本社,"徳島県,印旛郡栄町",,雷門駅から徒歩2分,168-5072,徳島県,印旛郡栄町,雷門3丁目4番,ハイツ6号
187,115,0,0,本社,"福島県,横浜市戸塚区",,千束駅から徒歩15分,575-2498,福島県,横浜市戸塚区,千束21丁目27番,コート7号
188,116,0,0,本社,"愛媛県,練馬区",,勝どき駅から徒歩17分,777-4212,愛媛県,練馬区,勝どき29丁目23番,アーバン9号
189,117,0,0,本社,"大阪府,印旛郡酒々井町",,平須賀駅から徒歩19分,963-0263,大阪府,印旛郡酒々井町,平須賀13丁目24番,クレスト3号
190,118,0,0,本社,"愛知県,八王子市",,中川崎駅から徒歩15分,372-0804,愛知県,八王子市,中川崎20丁目20番,アーバン11号
191,119,0,0,本社,"熊本県,清瀬市",,麹町駅から徒歩8分,684-5123,熊本県,清瀬市,麹町10丁目4番,パーク20号
192,119,1,0,三重県支社,"三重県,羽村市",,押上駅から徒歩13分,840-6307,三重県,羽村市,押上40丁目25番,コーポ15号
193,119,1,0,大分県支社,"大分県,豊島区",,京橋駅から徒歩4分,503-1981,大分県,豊島区,京橋23丁目6番,パーク11号
194,119,1,0,愛知県支社,"愛知県,江戸川区",,蟇沼駅から徒歩1分,412-1943,愛知県,江戸川区,蟇沼20丁目21番,シティ4号
195,119,1,0,岐阜県支社,"岐阜県,川崎市多摩区",,東上野駅から徒歩4分,084-9271,岐阜県,川崎市多摩区,東上野35丁目6番,シティ19号
196,119,1,0,栃木県支社,"栃木県,世田谷区",,吾妻橋駅から徒歩2分,180-8998,栃木県,世田谷区,吾妻橋39丁目3番,ハイツ3号
197,119,1,0,佐賀県支社,"佐賀県,台東区",,権現堂駅から徒歩19分,935-5531,佐賀県,台東区,権現堂5丁目4番,シャルム4号
198,119,1,0,佐賀県支社,"佐賀県,横浜市港南区",,千塚駅から徒歩2分,864-9741,佐賀県,横浜市港南区,千塚30丁目11番,シャルム5号
199,119,1,0,茨城県支社,"茨城県,富里市",,今戸駅から徒歩10分,165-0880,茨城県,富里市,今戸29丁目13番,アーバン9号
200,120,0,0,本社,"鹿児島県,大網白里市",,丸の内駅から徒歩9分,827-0640,鹿児島県,大網白里市,丸の内34丁目19番,アーバン2号
201,121,0,0,本社,"石川県,横浜市鶴見区",,南郷屋駅から徒歩15分,044-2796,石川県,横浜市鶴見区,南郷屋18丁目4番,シティ3号
202,122,0,0,本社,"石川県,横浜市中区",,入谷駅から徒歩17分,767-8500,石川県,横浜市中区,入谷34丁目23番,パレス15号
203,123,0,0,本社,"京都府,目黒区",,中三依駅から徒歩11分,356-2037,京都府,目黒区,中三依7丁目8番,シティ3号
204,123,2,0,その他,"宮城県,大島町",,脚折町駅から徒歩6分,314-7731,宮城県,大島町,脚折町32丁目16番,シティ1号
205,124,0,0,本社,"兵庫県,横浜市旭区",,細野駅から徒歩10分,037-8862,兵庫県,横浜市旭区,細野19丁目24番,パーク16号
206,125,0,0,本社,"北海道,東村山市",,三筋駅から徒歩14分,335-7624,北海道,東村山市,三筋4丁目15番,パレス12号
207,126,0,0,本社,"奈良県,印旛郡栄町",,東上野駅から徒歩18分,007-2503,奈良県,印旛郡栄町,東上野27丁目22番,パーク12号
208,127,0,0,本社,"青森県,大網白里市",,芝公園駅から徒歩18分,724-9448,青森県,大網白里市,芝公園31丁目23番,コート1号
209,128,0,0,本社,"愛知県,八丈島八丈町",,独鈷沢駅から徒歩7分,497-9982,愛知県,八丈島八丈町,独鈷沢12丁目18番,シャルム8号
210,129,0,0,本社,"静岡県,立川市",,西小来川駅から徒歩5分,472-7427,静岡県,立川市,西小来川21丁目1番,シティ2号
211,129,1,0,石川県支社,"石川県,長生郡長南町",,四区町駅から徒歩8分,272-7147,石川県,長生郡長南町,四区町4丁目7番,クレスト15号
212,129,1,0,山形県支社,"山形県,三鷹市",,筑土八幡町駅から徒歩5分,659-0367,山形県,三鷹市,筑土八幡町25丁目23番,パレス11号
213,129,1,0,奈良県支社,"奈良県,西多摩郡奥多摩町",,一ツ橋駅から徒歩18分,542-5233,奈良県,西多摩郡奥多摩町,一ツ橋12丁目17番,コート13号
214,129,1,0,高知県支社,"高知県,文京区",,南赤田駅から徒歩2分,757-4591,高知県,文京区,南赤田22丁目4番,クレスト19号
215,130,0,0,本社,"栃木県,練馬区",,手岡駅から徒歩18分,973-9140,栃木県,練馬区,手岡22丁目19番,コート13号
216,131,0,0,本社,"山梨県,長生郡長南町",,油井駅から徒歩13分,398-4836,山梨県,長生郡長南町,油井38丁目26番,クレスト5号
217,131,1,0,鹿児島県支社,"鹿児島県,三宅島三宅村",,日光駅から徒歩10分,477-9253,鹿児島県,三宅島三宅村,日光37丁目22番,コート16号
218,132,0,0,本社,"滋賀県,西多摩郡奥多摩町",,横林駅から徒歩12分,425-5518,滋賀県,西多摩郡奥多摩町,横林9丁目8番,パレス20号
219,132,2,0,その他,"埼玉県,横浜市南区",,池之端駅から徒歩17分,908-3582,埼玉県,横浜市南区,池之端21丁目21番,シャルム7号
220,133,0,0,本社,"熊本県,小笠原村",,外国府間駅から徒歩13分,058-2164,熊本県,小笠原村,外国府間9丁目20番,アーバン4号
221,134,0,0,本社,"愛知県,葛飾区",,白金台駅から徒歩20分,167-0193,愛知県,葛飾区,白金台3丁目9番,アーバン4号
222,134,1,0,大分県支社,"大分県,昭島市",,卯の里駅から徒歩2分,817-2505,大分県,昭島市,卯の里7丁目3番,パレス12号
223,135,0,0,本社,"東京都,世田谷区",,東浅草駅から徒歩4分,634-5170,東京都,世田谷区,東浅草2丁目16番,コート3号
224,135,1,0,青森県支社,"青森県,港区",,一ツ橋駅から徒歩1分,585-8895,青森県,港区,一ツ橋3丁目2番,コーポ18号
225,136,0,0,本社,"愛媛県,長生郡長南町",,京橋駅から徒歩10分,649-9828,愛媛県,長生郡長南町,京橋25丁目9番,ハイツ12号
226,137,0,0,本社,"京都府,横浜市神奈川区",,入谷駅から徒歩20分,586-1502,京都府,横浜市神奈川区,入谷10丁目18番,コーポ9号
227,137,1,0,群馬県支社,"群馬県,川崎市中原区",,所野駅から徒歩15分,409-7931,群馬県,川崎市中原区,所野27丁目16番,クレスト16号
228,138,0,0,本社,"東京都,足立区",,丸の内ＪＰタワー駅から徒歩1分,093-5048,東京都,足立区,丸の内ＪＰタワー2丁目8番,シャルム14号
229,138,1,0,大阪府支社,"大阪府,府中市",,美原町駅から徒歩15分,435-8891,大阪府,府中市,美原町36丁目2番,クレスト9号
230,138,1,0,愛媛県支社,"愛媛県,横浜市鶴見区",,太田ヶ谷駅から徒歩8分,208-1349,愛媛県,横浜市鶴見区,太田ヶ谷8丁目15番,シャルム13号
231,138,2,0,その他,"宮城県,印旛郡印旛村",,卯の里駅から徒歩20分,824-2747,宮城県,印旛郡印旛村,卯の里2丁目5番,パーク12号
232,138,1,0,茨城県支社,"茨城県,国立市",,湯宮駅から徒歩11分,346-6683,茨城県,国立市,湯宮16丁目10番,シティ18号
233,139,0,0,本社,"和歌山県,横浜市旭区",,花島駅から徒歩10分,978-9037,和歌山県,横浜市旭区,花島4丁目16番,アーバン7号
234,139,1,0,群馬県支社,"群馬県,多摩市",,脚折町駅から徒歩9分,611-1049,群馬県,多摩市,脚折町36丁目18番,パレス14号
235,139,2,0,その他,"山口県,横浜市旭区",,花島駅から徒歩7分,730-1445,山口県,横浜市旭区,花島37丁目2番,パーク2号
236,140,0,0,本社,"長野県,長生郡長南町",,東上野駅から徒歩20分,954-6515,長野県,長生郡長南町,東上野18丁目1番,パレス10号
237,141,0,0,本社,"徳島県,西多摩郡奥多摩町",,羽折町駅から徒歩2分,108-7840,徳島県,西多摩郡奥多摩町,羽折町20丁目6番,パレス20号
238,142,0,0,本社,"東京都,我孫子市",,箭坪駅から徒歩2分,228-1523,東京都,我孫子市,箭坪17丁目8番,クレスト14号
239,142,1,0,香川県支社,"香川県,西多摩郡檜原村",,鳥越駅から徒歩19分,688-3610,香川県,西多摩郡檜原村,鳥越31丁目26番,ハイツ3号
240,142,2,0,その他,"徳島県,横浜市旭区",,三筋駅から徒歩15分,419-0718,徳島県,横浜市旭区,三筋22丁目27番,シャルム19号
241,143,0,0,本社,"鳥取県,長生郡長生村",,芝公園駅から徒歩17分,343-5022,鳥取県,長生郡長生村,芝公園8丁目17番,コート9号
242,143,1,0,栃木県支社,"栃木県,川崎市中原区",,押上駅から徒歩16分,563-4645,栃木県,川崎市中原区,押上15丁目6番,ハイツ1号
243,144,0,0,本社,"秋田県,練馬区",,外国府間駅から徒歩3分,661-6520,秋田県,練馬区,外国府間36丁目20番,コーポ8号
244,144,1,0,鳥取県支社,"鳥取県,横浜市港北区",,脚折町駅から徒歩16分,805-8133,鳥取県,横浜市港北区,脚折町21丁目6番,シティ8号
245,145,0,0,本社,"兵庫県,御蔵島村",,雷門駅から徒歩10分,188-6588,兵庫県,御蔵島村,雷門41丁目6番,アーバン1号
246,146,0,0,本社,"熊本県,横浜市西区",,独鈷沢駅から徒歩3分,257-1055,熊本県,横浜市西区,独鈷沢19丁目6番,パレス1号
247,147,0,0,本社,"鳥取県,印旛郡酒々井町",,日比谷公園駅から徒歩16分,284-8345,鳥取県,印旛郡酒々井町,日比谷公園25丁目13番,アーバン4号
248,147,1,0,沖縄県支社,"沖縄県,横浜市港北区",,上高野駅から徒歩13分,340-4261,沖縄県,横浜市港北区,上高野14丁目24番,コート19号
249,147,1,0,福岡県支社,"福岡県,鴨川市",,東浅草駅から徒歩17分,175-5088,福岡県,鴨川市,東浅草13丁目27番,クレスト5号
250,148,0,0,本社,"愛媛県,長生郡睦沢町",,藤金駅から徒歩13分,194-9701,愛媛県,長生郡睦沢町,藤金26丁目4番,シティ12号
251,149,0,0,本社,"長野県,山武郡九十九里町",,高輪駅から徒歩13分,354-5774,長野県,山武郡九十九里町,高輪7丁目4番,ハイツ7号
252,150,0,0,本社,"山口県,印旛郡酒々井町",,入谷駅から徒歩19分,932-0066,山口県,印旛郡酒々井町,入谷9丁目26番,クレスト11号
253,151,0,0,本社,"宮崎県,川崎市幸区",,権現堂駅から徒歩7分,540-2110,宮崎県,川崎市幸区,権現堂8丁目16番,コーポ20号
254,152,0,0,本社,"栃木県,横浜市金沢区",,麹町駅から徒歩11分,452-1033,栃木県,横浜市金沢区,麹町11丁目4番,クレスト13号
255,152,1,0,青森県支社,"青森県,山武郡芝山町",,中川崎駅から徒歩8分,037-1565,青森県,山武郡芝山町,中川崎29丁目19番,クレスト14号
256,153,0,0,本社,"鹿児島県,横浜市瀬谷区",,平河町駅から徒歩20分,867-6702,鹿児島県,横浜市瀬谷区,平河町18丁目22番,パーク16号
257,154,0,0,本社,"広島県,大島町",,神明内駅から徒歩10分,131-2737,広島県,大島町,神明内15丁目16番,アーバン5号
258,154,1,0,宮崎県支社,"宮崎県,三鷹市",,豊町駅から徒歩11分,884-7991,宮崎県,三鷹市,豊町29丁目23番,シティ5号
259,155,0,0,本社,"三重県,鎌ケ谷市",,東浅草駅から徒歩2分,467-8598,三重県,鎌ケ谷市,東浅草5丁目11番,シャルム12号
260,155,1,0,兵庫県支社,"兵庫県,目黒区",,湯宮駅から徒歩12分,128-5355,兵庫県,目黒区,湯宮23丁目20番,パレス18号
261,155,2,0,その他,"大分県,調布市",,東和町駅から徒歩16分,596-5778,大分県,調布市,東和町33丁目4番,ハイツ12号
262,156,0,0,本社,"長崎県,千代田区",,長間駅から徒歩20分,793-4146,長崎県,千代田区,長間40丁目11番,ハイツ17号
263,157,0,0,本社,"千葉県,狛江市",,津久戸町駅から徒歩6分,124-2802,千葉県,狛江市,津久戸町19丁目15番,クレスト2号
264,158,0,0,本社,"神奈川県,西多摩郡奥多摩町",,港南駅から徒歩11分,874-5981,神奈川県,西多摩郡奥多摩町,港南1丁目22番,シャルム7号
265,159,0,0,本社,"千葉県,三宅島三宅村",,浅草駅から徒歩17分,192-0178,千葉県,三宅島三宅村,浅草20丁目25番,アーバン18号
266,160,0,0,本社,"鹿児島県,横浜市神奈川区",,土沢駅から徒歩8分,241-5531,鹿児島県,横浜市神奈川区,土沢26丁目5番,シャルム4号
267,161,0,0,本社,"埼玉県,狛江市",,東浅草駅から徒歩13分,978-1965,埼玉県,狛江市,東浅草10丁目4番,ハイツ16号
268,162,0,0,本社,"福島県,山武郡芝山町",,細野駅から徒歩16分,935-7261,福島県,山武郡芝山町,細野15丁目19番,コーポ4号
269,163,0,0,本社,"埼玉県,印西市",,神明内駅から徒歩17分,058-1364,埼玉県,印西市,神明内41丁目12番,パレス14号
270,164,0,0,本社,"福岡県,印旛郡印旛村",,所野駅から徒歩4分,937-2475,福岡県,印旛郡印旛村,所野42丁目19番,コーポ7号
271,165,0,0,本社,"岡山県,夷隅郡御宿町",,箪笥町駅から徒歩11分,338-6469,岡山県,夷隅郡御宿町,箪笥町22丁目11番,コーポ11号
272,165,1,0,熊本県支社,"熊本県,町田市",,三筋駅から徒歩13分,295-6788,熊本県,町田市,三筋31丁目6番,アーバン17号
273,166,0,0,本社,"秋田県,調布市",,中鉢石町駅から徒歩11分,302-7318,秋田県,調布市,中鉢石町18丁目6番,コート7号
274,167,0,0,本社,"長崎県,横浜市中区",,上高野駅から徒歩2分,190-1544,長崎県,横浜市中区,上高野3丁目4番,クレスト10号
275,167,1,0,徳島県支社,"徳島県,武蔵野市",,脚折町駅から徒歩7分,701-1676,徳島県,武蔵野市,脚折町38丁目17番,シャルム6号
276,167,2,0,その他,"愛知県,匝瑳市",,西川駅から徒歩20分,253-3420,愛知県,匝瑳市,西川31丁目10番,ハイツ9号
277,168,0,0,本社,"岡山県,港区",,花川戸駅から徒歩9分,849-3991,岡山県,港区,花川戸8丁目11番,クレスト15号
278,169,0,0,本社,"栃木県,福生市",,柿木沢新田駅から徒歩14分,622-3984,栃木県,福生市,柿木沢新田33丁目2番,シティ17号
279,170,0,0,本社,"沖縄県,長生郡長南町",,丸の内ＪＰタワー駅から徒歩4分,926-1889,沖縄県,長生郡長南町,丸の内ＪＰタワー41丁目5番,コート2号
280,171,0,0,本社,"香川県,袖ケ浦市",,三ノ輪駅から徒歩11分,018-3500,香川県,袖ケ浦市,三ノ輪14丁目3番,コート12号
281,172,0,0,本社,"東京都,立川市",,氏家新田駅から徒歩14分,200-6501,東京都,立川市,氏家新田27丁目5番,クレスト4号
282,172,2,0,その他,"宮崎県,八千代市",,脚折町駅から徒歩8分,266-9237,宮崎県,八千代市,脚折町32丁目7番,シティ19号
283,173,0,0,本社,"宮城県,武蔵野市",,脚折駅から徒歩19分,228-3795,宮城県,武蔵野市,脚折21丁目21番,コーポ16号
284,174,0,0,本社,"愛媛県,青ヶ島村",,台場駅から徒歩17分,804-9965,愛媛県,青ヶ島村,台場37丁目13番,アーバン5号
285,175,0,0,本社,"奈良県,西多摩郡檜原村",,鳥越駅から徒歩3分,967-1567,奈良県,西多摩郡檜原村,鳥越42丁目24番,コーポ9号
286,175,1,0,滋賀県支社,"滋賀県,香取郡多古町",,睦駅から徒歩6分,429-0951,滋賀県,香取郡多古町,睦6丁目6番,シティ10号
287,176,0,0,本社,"長野県,横浜市中区",,下宇和田駅から徒歩12分,527-6176,長野県,横浜市中区,下宇和田30丁目26番,クレスト3号
288,176,1,0,山形県支社,"山形県,香取郡神崎町",,花島駅から徒歩10分,181-8127,山形県,香取郡神崎町,花島24丁目8番,シャルム13号
289,176,1,0,三重県支社,"三重県,香取郡東庄町",,鶴ヶ丘駅から徒歩17分,621-3224,三重県,香取郡東庄町,鶴ヶ丘13丁目23番,クレスト2号
290,177,0,0,本社,"徳島県,中野区",,柿木沢新田駅から徒歩8分,889-6913,徳島県,中野区,柿木沢新田39丁目2番,クレスト9号
291,178,0,0,本社,"鳥取県,目黒区",,平河町駅から徒歩15分,003-6178,鳥取県,目黒区,平河町15丁目15番,クレスト20号
292,179,0,0,本社,"熊本県,足立区",,押上駅から徒歩4分,240-0449,熊本県,足立区,押上36丁目24番,パレス6号
293,179,1,0,岩手県支社,"岩手県,八千代市",,長畑駅から徒歩5分,338-5210,岩手県,八千代市,長畑31丁目25番,パレス15号
294,180,0,0,本社,"長崎県,川崎市多摩区",,細野駅から徒歩3分,769-9098,長崎県,川崎市多摩区,細野5丁目17番,コート16号
295,180,1,0,埼玉県支社,"埼玉県,日野市",,長畑駅から徒歩4分,765-8353,埼玉県,日野市,長畑14丁目19番,クレスト7号
296,180,1,0,佐賀県支社,"佐賀県,夷隅郡大多喜町",,橋場駅から徒歩9分,562-0746,佐賀県,夷隅郡大多喜町,橋場25丁目3番,パレス4号
297,181,0,0,本社,"富山県,国分寺市",,戸山駅から徒歩18分,991-1273,富山県,国分寺市,戸山7丁目22番,パーク15号
298,181,1,0,沖縄県支社,"沖縄県,世田谷区",,鳥越駅から徒歩5分,410-7080,沖縄県,世田谷区,鳥越7丁目11番,パーク19号
299,182,0,0,本社,"兵庫県,香取郡多古町",,中宮祠駅から徒歩7分,132-6560,兵庫県,香取郡多古町,中宮祠26丁目3番,コート13号
300,183,0,0,本社,"山形県,杉並区",,前弥六駅から徒歩2分,741-1442,山形県,杉並区,前弥六14丁目12番,シャルム18号
301,183,1,0,愛知県支社,"愛知県,中野区",,氏家駅から徒歩7分,694-7182,愛知県,中野区,氏家12丁目24番,アーバン6号
302,184,0,0,本社,"滋賀県,西東京市",,三筋駅から徒歩1分,335-4409,滋賀県,西東京市,三筋13丁目10番,クレスト18号
303,185,0,0,本社,"愛知県,大田区",,丹勢駅から徒歩10分,227-2260,愛知県,大田区,丹勢34丁目14番,コート14号
304,185,1,0,熊本県支社,"熊本県,国立市",,雷門駅から徒歩20分,205-6880,熊本県,国立市,雷門7丁目26番,コーポ9号
305,186,0,0,本社,"和歌山県,八王子市",,土呂部駅から徒歩14分,722-3098,和歌山県,八王子市,土呂部25丁目4番,シティ4号
306,186,1,0,神奈川県支社,"神奈川県,東村山市",,西浅草駅から徒歩3分,590-6667,神奈川県,東村山市,西浅草1丁目19番,アーバン5号
307,186,2,0,その他,"熊本県,大島町",,虎ノ門駅から徒歩1分,406-8560,熊本県,大島町,虎ノ門9丁目20番,クレスト2号
308,187,0,0,本社,"岐阜県,大島町",,台場駅から徒歩10分,604-8801,岐阜県,大島町,台場4丁目17番,コート8号
309,188,0,0,本社,"熊本県,横浜市西区",,四番町駅から徒歩19分,385-4251,熊本県,横浜市西区,四番町8丁目14番,コーポ2号
310,189,0,0,本社,"栃木県,昭島市",,鶴ヶ丘駅から徒歩5分,051-0789,栃木県,昭島市,鶴ヶ丘28丁目3番,アーバン1号
311,190,0,0,本社,"高知県,横浜市旭区",,白金駅から徒歩9分,425-4077,高知県,横浜市旭区,白金29丁目7番,コート19号
312,191,0,0,本社,"長崎県,清瀬市",,幸手駅から徒歩4分,615-5644,長崎県,清瀬市,幸手12丁目12番,クレスト10号
313,191,1,0,岡山県支社,"岡山県,長生郡長生村",,東大和町駅から徒歩1分,341-8043,岡山県,長生郡長生村,東大和町34丁目8番,クレスト6号
314,192,0,0,本社,"奈良県,渋谷区",,下吉羽駅から徒歩4分,116-9087,奈良県,渋谷区,下吉羽20丁目17番,パーク7号
315,193,0,0,本社,"徳島県,印旛郡酒々井町",,台東駅から徒歩12分,985-9499,徳島県,印旛郡酒々井町,台東17丁目24番,シャルム1号
316,194,0,0,本社,"石川県,横浜市中区",,独鈷沢駅から徒歩2分,531-9667,石川県,横浜市中区,独鈷沢10丁目1番,コート3号
317,195,0,0,本社,"長野県,いすみ市",,丸の内駅から徒歩16分,477-6846,長野県,いすみ市,丸の内35丁目20番,コーポ4号
318,196,0,0,本社,"千葉県,青ヶ島村",,中小来川駅から徒歩14分,394-3272,千葉県,青ヶ島村,中小来川20丁目19番,コート20号
319,197,0,0,本社,"福井県,町田市",,高田馬場駅から徒歩4分,121-6359,福井県,町田市,高田馬場29丁目11番,シティ7号
320,197,1,0,京都府支社,"京都府,長生郡一宮町",,鳥越駅から徒歩5分,731-2219,京都府,長生郡一宮町,鳥越41丁目1番,アーバン4号
321,197,1,0,熊本県支社,"熊本県,長生郡白子町",,轟駅から徒歩14分,312-2259,熊本県,長生郡白子町,轟8丁目25番,コート3号
322,197,1,0,兵庫県支社,"兵庫県,川崎市川崎区",,箪笥町駅から徒歩17分,850-6149,兵庫県,川崎市川崎区,箪笥町14丁目1番,コーポ8号
323,197,2,0,その他,"和歌山県,長生郡長柄町",,上吉羽駅から徒歩18分,305-1554,和歌山県,長生郡長柄町,上吉羽6丁目1番,パーク18号
324,198,0,0,本社,"京都府,葛飾区",,押上駅から徒歩19分,833-4454,京都府,葛飾区,押上5丁目12番,コーポ2号
325,199,0,0,本社,"山口県,利島村",,吾妻橋駅から徒歩3分,687-2683,山口県,利島村,吾妻橋5丁目8番,クレスト12号
326,199,1,0,山口県支社,"山口県,青梅市",,湯宮駅から徒歩2分,085-3517,山口県,青梅市,湯宮8丁目1番,コーポ19号
327,199,1,0,千葉県支社,"千葉県,匝瑳市",,睦駅から徒歩12分,297-7226,千葉県,匝瑳市,睦31丁目5番,クレスト11号
328,200,0,0,本社,"埼玉県,安房郡鋸南町",,下宇和田駅から徒歩3分,619-4469,埼玉県,安房郡鋸南町,下宇和田28丁目14番,クレスト16号
329,200,2,0,その他,"愛知県,君津市",,東大和町駅から徒歩4分,915-6918,愛知県,君津市,東大和町10丁目27番,アーバン8号
330,201,0,0,本社,"富山県,多摩市",,丸の内駅から徒歩11分,979-1678,富山県,多摩市,丸の内14丁目2番,コーポ13号
331,202,0,0,本社,"岐阜県,小金井市",,湯宮駅から徒歩1分,032-6371,岐阜県,小金井市,湯宮14丁目14番,コート1号
332,202,1,0,静岡県支社,"静岡県,千代田区",,所野駅から徒歩8分,787-1086,静岡県,千代田区,所野26丁目23番,シャルム6号
333,202,1,0,静岡県支社,"静岡県,長生郡白子町",,吾妻橋駅から徒歩5分,298-4418,静岡県,長生郡白子町,吾妻橋9丁目25番,パレス15号
334,203,0,0,本社,"沖縄県,長生郡白子町",,押上駅から徒歩16分,081-9634,沖縄県,長生郡白子町,押上13丁目2番,クレスト6号
335,204,0,0,本社,"長崎県,匝瑳市",,柿木沢駅から徒歩2分,627-1716,長崎県,匝瑳市,柿木沢32丁目22番,ハイツ12号
336,204,2,0,その他,"佐賀県,印旛郡酒々井町",,鍛冶ケ沢駅から徒歩10分,826-5115,佐賀県,印旛郡酒々井町,鍛冶ケ沢3丁目1番,アーバン9号
337,204,2,0,その他,"三重県,青ヶ島村",,入谷駅から徒歩1分,923-9504,三重県,青ヶ島村,入谷20丁目25番,パレス14号
338,204,1,0,福岡県支社,"福岡県,山武郡横芝光町",,神明内駅から徒歩8分,342-7238,福岡県,山武郡横芝光町,神明内24丁目17番,パーク13号
339,205,0,0,本社,"宮崎県,町田市",,幸手駅から徒歩15分,816-3043,宮崎県,町田市,幸手13丁目27番,シティ7号
340,205,2,0,その他,"山形県,港区",,千塚駅から徒歩16分,421-2114,山形県,港区,千塚30丁目5番,コーポ9号
341,206,0,0,本社,"佐賀県,西多摩郡奥多摩町",,戸山駅から徒歩6分,247-1166,佐賀県,西多摩郡奥多摩町,戸山14丁目14番,コート10号
342,206,2,0,その他,"大阪府,西多摩郡日の出町",,日光駅から徒歩7分,461-5675,大阪府,西多摩郡日の出町,日光7丁目15番,クレスト11号
343,207,0,0,本社,"大阪府,国立市",,隼町駅から徒歩8分,142-8584,大阪府,国立市,隼町4丁目19番,パレス12号
344,208,0,0,本社,"栃木県,大島町",,二つ室駅から徒歩4分,725-6636,栃木県,大島町,二つ室8丁目6番,アーバン13号
345,209,0,0,本社,"静岡県,山武郡九十九里町",,猿楽町駅から徒歩7分,570-2015,静岡県,山武郡九十九里町,猿楽町29丁目13番,パーク20号
346,209,1,0,大分県支社,"大分県,君津市",,東浅草駅から徒歩3分,652-0636,大分県,君津市,東浅草15丁目1番,アーバン2号
347,210,0,0,本社,"和歌山県,横浜市保土ケ谷区",,土沢駅から徒歩11分,672-2716,和歌山県,横浜市保土ケ谷区,土沢38丁目9番,コーポ17号
348,211,0,0,本社,"千葉県,目黒区",,富久町駅から徒歩7分,165-1830,千葉県,目黒区,富久町41丁目6番,アーバン3号
349,212,0,0,本社,"京都府,横浜市青葉区",,芝浦駅から徒歩3分,648-6993,京都府,横浜市青葉区,芝浦19丁目6番,シャルム14号
350,213,0,0,本社,"島根県,八千代市",,東神田駅から徒歩20分,767-6912,島根県,八千代市,東神田34丁目7番,シャルム8号
351,213,2,0,その他,"鳥取県,青梅市",,西神田駅から徒歩3分,206-7195,鳥取県,青梅市,西神田17丁目14番,シャルム11号
352,214,0,0,本社,"群馬県,山武郡芝山町",,皇居外苑駅から徒歩7分,312-3536,群馬県,山武郡芝山町,皇居外苑29丁目27番,ハイツ9号
353,214,1,0,沖縄県支社,"沖縄県,横浜市磯子区",,松が谷駅から徒歩8分,954-9893,沖縄県,横浜市磯子区,松が谷4丁目15番,パーク12号
354,215,0,0,本社,"宮城県,杉並区",,上吉羽駅から徒歩14分,918-2162,宮城県,杉並区,上吉羽3丁目24番,シティ2号
355,216,0,0,本社,"鳥取県,西多摩郡奥多摩町",,四区町駅から徒歩18分,795-5000,鳥取県,西多摩郡奥多摩町,四区町6丁目17番,コート7号
356,217,0,0,本社,"山形県,長生郡睦沢町",,上高野駅から徒歩3分,213-5033,山形県,長生郡睦沢町,上高野15丁目12番,パレス7号
357,218,0,0,本社,"島根県,印旛郡印旛村",,中鉢石町駅から徒歩17分,868-4113,島根県,印旛郡印旛村,中鉢石町6丁目27番,アーバン10号
358,219,0,0,本社,"岡山県,八千代市",,東和町駅から徒歩1分,216-6347,岡山県,八千代市,東和町42丁目1番,パーク1号
359,219,1,0,三重県支社,"三重県,目黒区",,日本堤駅から徒歩10分,124-2873,三重県,目黒区,日本堤12丁目4番,アーバン9号
360,219,1,0,青森県支社,"青森県,立川市",,京橋駅から徒歩2分,692-3922,青森県,立川市,京橋1丁目20番,シャルム13号
361,220,0,0,本社,"東京都,夷隅郡大多喜町",,柿木沢新田駅から徒歩5分,822-3698,東京都,夷隅郡大多喜町,柿木沢新田10丁目18番,シャルム2号
362,220,2,0,その他,"宮城県,西多摩郡日の出町",,北青山駅から徒歩5分,829-5419,宮城県,西多摩郡日の出町,北青山38丁目13番,クレスト18号
363,221,0,0,本社,"埼玉県,町田市",,中川崎駅から徒歩11分,790-2417,埼玉県,町田市,中川崎36丁目10番,ハイツ1号
364,221,1,0,佐賀県支社,"佐賀県,墨田区",,芝公園駅から徒歩19分,410-2089,佐賀県,墨田区,芝公園42丁目22番,パレス3号
365,222,0,0,本社,"兵庫県,川崎市高津区",,四区町駅から徒歩10分,652-6997,兵庫県,川崎市高津区,四区町15丁目20番,パレス4号
366,223,0,0,本社,"岐阜県,東久留米市",,松浦町駅から徒歩4分,112-4296,岐阜県,東久留米市,松浦町28丁目10番,クレスト3号
367,223,2,0,その他,"静岡県,文京区",,六番町駅から徒歩4分,721-5093,静岡県,文京区,六番町5丁目6番,パレス12号
368,224,0,0,本社,"山口県,山武郡九十九里町",,池之端駅から徒歩4分,357-3780,山口県,山武郡九十九里町,池之端22丁目22番,クレスト13号
369,225,0,0,本社,"茨城県,西東京市",,中鉢石町駅から徒歩15分,174-6207,茨城県,西東京市,中鉢石町28丁目11番,コーポ6号
370,225,1,0,神奈川県支社,"神奈川県,長生郡白子町",,柿木沢駅から徒歩7分,894-2681,神奈川県,長生郡白子町,柿木沢15丁目20番,シティ18号
371,226,0,0,本社,"福島県,長生郡一宮町",,湯宮駅から徒歩16分,142-8522,福島県,長生郡一宮町,湯宮25丁目22番,クレスト12号
372,227,0,0,本社,"埼玉県,北区",,丸の内駅から徒歩4分,824-5783,埼玉県,北区,丸の内19丁目11番,アーバン18号
373,228,0,0,本社,"京都府,大網白里市",,箪笥町駅から徒歩3分,061-9552,京都府,大網白里市,箪笥町40丁目3番,ハイツ1号
374,229,0,0,本社,"愛媛県,羽村市",,元浅草駅から徒歩15分,354-3513,愛媛県,羽村市,元浅草16丁目25番,パレス13号
375,229,1,0,佐賀県支社,"佐賀県,鎌ケ谷市",,二つ室駅から徒歩16分,243-1233,佐賀県,鎌ケ谷市,二つ室40丁目7番,コート7号
376,230,0,0,本社,"福岡県,印西市",,下吉羽駅から徒歩16分,161-8939,福岡県,印西市,下吉羽38丁目20番,パーク16号
377,231,0,0,本社,"高知県,八丈島八丈町",,元浅草駅から徒歩10分,039-9776,高知県,八丈島八丈町,元浅草2丁目3番,パレス20号
378,232,0,0,本社,"静岡県,夷隅郡御宿町",,東浅草駅から徒歩2分,601-7091,静岡県,夷隅郡御宿町,東浅草37丁目9番,パレス9号
379,232,2,0,その他,"佐賀県,あきる野市",,千塚駅から徒歩3分,000-0112,佐賀県,あきる野市,千塚28丁目1番,ハイツ9号
380,233,0,0,本社,"島根県,横浜市瀬谷区",,白金台駅から徒歩2分,518-6251,島根県,横浜市瀬谷区,白金台33丁目4番,クレスト4号
381,234,0,0,本社,"島根県,川崎市宮前区",,高輪駅から徒歩2分,649-1352,島根県,川崎市宮前区,高輪28丁目26番,シャルム14号
382,235,0,0,本社,"愛知県,横浜市都筑区",,脚折駅から徒歩16分,177-6688,愛知県,横浜市都筑区,脚折30丁目11番,コーポ18号
383,236,0,0,本社,"栃木県,横浜市神奈川区",,北青山駅から徒歩16分,127-5876,栃木県,横浜市神奈川区,北青山37丁目21番,シャルム11号
384,237,0,0,本社,"長野県,西多摩郡檜原村",,池之端駅から徒歩17分,721-8308,長野県,西多摩郡檜原村,池之端6丁目20番,パレス4号
385,237,1,0,大分県支社,"大分県,印旛郡酒々井町",,鳥越駅から徒歩17分,116-1784,大分県,印旛郡酒々井町,鳥越8丁目6番,アーバン9号
386,237,2,0,その他,"山口県,横浜市鶴見区",,箪笥町駅から徒歩4分,573-9843,山口県,横浜市鶴見区,箪笥町28丁目17番,シティ11号
387,238,0,0,本社,"山梨県,香取郡東庄町",,美原町駅から徒歩6分,426-2903,山梨県,香取郡東庄町,美原町11丁目1番,アーバン20号
388,239,0,0,本社,"大阪府,港区",,東浅草駅から徒歩12分,024-4443,大阪府,港区,東浅草37丁目22番,ハイツ3号
389,240,0,0,本社,"和歌山県,青梅市",,所野駅から徒歩14分,425-7657,和歌山県,青梅市,所野10丁目3番,パーク2号
390,241,0,0,本社,"愛媛県,渋谷区",,東神田駅から徒歩9分,462-4127,愛媛県,渋谷区,東神田15丁目19番,パーク3号
391,241,2,0,その他,"兵庫県,横浜市旭区",,長間駅から徒歩4分,566-9759,兵庫県,横浜市旭区,長間25丁目3番,シティ8号
392,242,0,0,本社,"山梨県,狛江市",,二つ室駅から徒歩1分,412-6368,山梨県,狛江市,二つ室13丁目13番,コーポ7号
393,242,1,0,兵庫県支社,"兵庫県,足立区",,中三依駅から徒歩18分,962-6641,兵庫県,足立区,中三依27丁目11番,クレスト12号
394,242,1,0,大分県支社,"大分県,品川区",,芝浦駅から徒歩4分,969-1721,大分県,品川区,芝浦31丁目17番,コート14号
395,243,0,0,本社,"長崎県,匝瑳市",,前弥六南町駅から徒歩1分,149-0616,長崎県,匝瑳市,前弥六南町17丁目10番,コート12号
396,244,0,0,本社,"埼玉県,青ヶ島村",,芝大門駅から徒歩11分,242-7461,埼玉県,青ヶ島村,芝大門9丁目6番,クレスト14号
397,244,2,0,その他,"新潟県,台東区",,細竹駅から徒歩8分,378-9955,新潟県,台東区,細竹21丁目19番,コーポ19号
398,245,0,0,本社,"大阪府,横浜市中区",,日本堤駅から徒歩1分,232-7645,大阪府,横浜市中区,日本堤7丁目24番,コーポ1号
399,245,1,0,徳島県支社,"徳島県,長生郡長南町",,独鈷沢駅から徒歩20分,882-9179,徳島県,長生郡長南町,独鈷沢30丁目5番,シティ17号
400,246,0,0,本社,"大阪府,文京区",,上吉羽駅から徒歩12分,132-2959,大阪府,文京区,上吉羽27丁目11番,パーク3号
401,247,0,0,本社,"滋賀県,神津島村",,土呂部駅から徒歩7分,894-7897,滋賀県,神津島村,土呂部3丁目3番,コーポ1号
402,247,1,0,大阪府支社,"大阪府,西多摩郡瑞穂町",,羽折町駅から徒歩3分,723-6483,大阪府,西多摩郡瑞穂町,羽折町41丁目12番,パレス2号
403,247,2,0,その他,"長崎県,長生郡長生村",,木立駅から徒歩14分,287-9556,長崎県,長生郡長生村,木立24丁目5番,コート18号
404,248,0,0,本社,"北海道,北区",,渡辺駅から徒歩18分,252-6400,北海道,北区,渡辺26丁目26番,パーク14号
405,249,0,0,本社,"鳥取県,白井市",,前弥六南町駅から徒歩7分,945-1621,鳥取県,白井市,前弥六南町41丁目7番,コーポ14号
406,250,0,0,本社,"和歌山県,小笠原村",,上野公園駅から徒歩12分,264-0735,和歌山県,小笠原村,上野公園33丁目22番,パーク15号
407,251,0,0,本社,"滋賀県,川崎市多摩区",,鳥越駅から徒歩7分,545-8806,滋賀県,川崎市多摩区,鳥越36丁目8番,コート3号
408,252,0,0,本社,"秋田県,御蔵島村",,権現堂駅から徒歩3分,380-5756,秋田県,御蔵島村,権現堂37丁目18番,パーク7号
409,252,1,0,沖縄県支社,"沖縄県,君津市",,渡辺駅から徒歩6分,699-7608,沖縄県,君津市,渡辺38丁目18番,アーバン11号
410,252,1,0,宮崎県支社,"宮崎県,山武郡芝山町",,油井駅から徒歩6分,261-8534,宮崎県,山武郡芝山町,油井14丁目22番,ハイツ3号
411,253,0,0,本社,"山形県,横浜市泉区",,中三依駅から徒歩5分,355-1324,山形県,横浜市泉区,中三依34丁目1番,コーポ6号
412,254,0,0,本社,"鹿児島県,横浜市都筑区",,南赤田駅から徒歩16分,759-4259,鹿児島県,横浜市都筑区,南赤田34丁目13番,パーク5号
413,254,1,0,新潟県支社,"新潟県,大網白里市",,平須賀駅から徒歩13分,930-4252,新潟県,大網白里市,平須賀13丁目19番,パレス12号
414,255,0,0,本社,"鳥取県,山武郡九十九里町",,平河町駅から徒歩9分,117-9978,鳥取県,山武郡九十九里町,平河町33丁目11番,シャルム9号
415,256,0,0,本社,"福井県,小金井市",,松浦町駅から徒歩11分,509-8185,福井県,小金井市,松浦町9丁目19番,パレス5号
416,257,0,0,本社,"長崎県,大島町",,独鈷沢駅から徒歩6分,106-8040,長崎県,大島町,独鈷沢23丁目5番,アーバン14号
417,257,1,0,沖縄県支社,"沖縄県,富里市",,虎ノ門虎ノ門ヒルズ森タワー駅から徒歩1分,653-7706,沖縄県,富里市,虎ノ門虎ノ門ヒルズ森タワー36丁目10番,パレス15号
418,258,0,0,本社,"北海道,西多摩郡檜原村",,上高野駅から徒歩1分,153-9571,北海道,西多摩郡檜原村,上高野1丁目22番,シャルム7号
419,258,1,0,東京都支社,"東京都,目黒区",,中小来川駅から徒歩17分,240-2849,東京都,目黒区,中小来川13丁目24番,アーバン8号
420,259,0,0,本社,"新潟県,中央区",,東三島駅から徒歩17分,670-0717,新潟県,中央区,東三島13丁目10番,コート2号
421,260,0,0,本社,"和歌山県,横浜市中区",,猿楽町駅から徒歩1分,563-8549,和歌山県,横浜市中区,猿楽町35丁目8番,ハイツ9号
422,260,1,0,京都府支社,"京都府,千代田区",,日光駅から徒歩2分,390-6260,京都府,千代田区,日光7丁目6番,コート7号
423,261,0,0,本社,"千葉県,横浜市港南区",,羽折町駅から徒歩3分,849-3590,千葉県,横浜市港南区,羽折町36丁目5番,アーバン6号
424,262,0,0,本社,"香川県,東久留米市",,入谷駅から徒歩2分,960-4111,香川県,東久留米市,入谷24丁目20番,パーク12号
425,262,1,0,広島県支社,"広島県,横浜市金沢区",,西神田駅から徒歩12分,330-6256,広島県,横浜市金沢区,西神田1丁目5番,コーポ19号
426,263,0,0,本社,"島根県,荒川区",,押上駅から徒歩17分,129-4436,島根県,荒川区,押上20丁目26番,コート8号
427,264,0,0,本社,"宮城県,武蔵村山市",,百村駅から徒歩2分,265-0239,宮城県,武蔵村山市,百村7丁目10番,アーバン5号
428,265,0,0,本社,"長崎県,香取郡神崎町",,美原町駅から徒歩2分,808-3205,長崎県,香取郡神崎町,美原町7丁目5番,コーポ18号
429,266,0,0,本社,"京都府,西東京市",,神明内駅から徒歩2分,670-7222,京都府,西東京市,神明内28丁目2番,シャルム10号
430,267,0,0,本社,"富山県,府中市",,大京町駅から徒歩2分,040-7148,富山県,府中市,大京町32丁目13番,パレス18号
431,268,0,0,本社,"徳島県,渋谷区",,千塚駅から徒歩5分,977-0563,徳島県,渋谷区,千塚28丁目14番,アーバン18号
432,269,0,0,本社,"沖縄県,横浜市神奈川区",,方京駅から徒歩20分,772-4021,沖縄県,横浜市神奈川区,方京9丁目2番,コーポ13号
433,270,0,0,本社,"大阪府,我孫子市",,美原町駅から徒歩16分,154-3357,大阪府,我孫子市,美原町14丁目24番,コート14号
434,271,0,0,本社,"栃木県,清瀬市",,箭坪駅から徒歩19分,565-3062,栃木県,清瀬市,箭坪9丁目18番,パーク11号
435,272,0,0,本社,"鳥取県,葛飾区",,土沢駅から徒歩17分,134-5779,鳥取県,葛飾区,土沢20丁目11番,コート8号
436,272,2,0,その他,"山梨県,三宅島三宅村",,戸塚町駅から徒歩14分,038-1259,山梨県,三宅島三宅村,戸塚町7丁目7番,パレス15号
437,273,0,0,本社,"青森県,青ヶ島村",,柿木沢新田駅から徒歩12分,520-7912,青森県,青ヶ島村,柿木沢新田30丁目8番,コート15号
438,273,1,0,徳島県支社,"徳島県,横浜市南区",,神明内駅から徒歩7分,768-4895,徳島県,横浜市南区,神明内4丁目24番,アーバン13号
439,273,2,0,その他,"山口県,長生郡白子町",,高輪駅から徒歩13分,966-0388,山口県,長生郡白子町,高輪11丁目23番,コーポ15号
440,274,0,0,本社,"埼玉県,印旛郡酒々井町",,手岡駅から徒歩10分,647-7875,埼玉県,印旛郡酒々井町,手岡29丁目19番,パーク11号
441,275,0,0,本社,"青森県,横浜市港南区",,中三依駅から徒歩14分,355-5107,青森県,横浜市港南区,中三依28丁目24番,コーポ3号
442,275,1,0,山口県支社,"山口県,日野市",,三筋駅から徒歩15分,162-3663,山口県,日野市,三筋12丁目18番,シティ13号
443,276,0,0,本社,"福岡県,東久留米市",,浅草橋駅から徒歩8分,898-9357,福岡県,東久留米市,浅草橋10丁目4番,コーポ13号
444,277,0,0,本社,"和歌山県,江戸川区",,花島駅から徒歩10分,875-9226,和歌山県,江戸川区,花島12丁目16番,コート7号
445,278,0,0,本社,"石川県,国立市",,千塚駅から徒歩8分,767-7453,石川県,国立市,千塚38丁目18番,パレス17号
446,279,0,0,本社,"沖縄県,夷隅郡御宿町",,柿木沢新田駅から徒歩10分,965-3270,沖縄県,夷隅郡御宿町,柿木沢新田41丁目22番,コート4号
447,280,0,0,本社,"鳥取県,武蔵野市",,松石駅から徒歩18分,468-3870,鳥取県,武蔵野市,松石9丁目15番,シャルム8号
448,281,0,0,本社,"千葉県,西多摩郡奥多摩町",,方京駅から徒歩10分,521-3127,千葉県,西多摩郡奥多摩町,方京23丁目18番,パーク9号
449,281,2,0,その他,"岡山県,白井市",,麹町駅から徒歩6分,120-2467,岡山県,白井市,麹町39丁目4番,コーポ17号
450,282,0,0,本社,"福島県,横浜市泉区",,幸手駅から徒歩15分,372-3165,福島県,横浜市泉区,幸手31丁目16番,パレス9号
451,283,0,0,本社,"京都府,板橋区",,藤金駅から徒歩4分,606-5029,京都府,板橋区,藤金31丁目21番,コーポ18号
452,284,0,0,本社,"富山県,長生郡長柄町",,津久戸町駅から徒歩8分,054-9613,富山県,長生郡長柄町,津久戸町33丁目19番,コート17号
453,285,0,0,本社,"三重県,杉並区",,猿楽町駅から徒歩19分,878-3302,三重県,杉並区,猿楽町2丁目12番,コーポ18号
454,286,0,0,本社,"千葉県,葛飾区",,北青山駅から徒歩16分,147-7664,千葉県,葛飾区,北青山24丁目7番,シティ3号
455,287,0,0,本社,"秋田県,板橋区",,秋葉原駅から徒歩20分,374-3696,秋田県,板橋区,秋葉原37丁目25番,クレスト10号
456,287,1,0,秋田県支社,"秋田県,浦安市",,高田馬場駅から徒歩15分,057-6482,秋田県,浦安市,高田馬場3丁目7番,コーポ5号
457,287,1,0,沖縄県支社,"沖縄県,横浜市保土ケ谷区",,戸山駅から徒歩11分,587-8225,沖縄県,横浜市保土ケ谷区,戸山8丁目4番,ハイツ12号
458,288,0,0,本社,"奈良県,渋谷区",,北上野駅から徒歩1分,853-0042,奈良県,渋谷区,北上野11丁目22番,ハイツ15号
459,288,1,0,長崎県支社,"長崎県,武蔵野市",,猿楽町駅から徒歩16分,377-7424,長崎県,武蔵野市,猿楽町29丁目17番,クレスト16号
460,288,1,0,長野県支社,"長野県,文京区",,外神田駅から徒歩7分,532-7866,長野県,文京区,外神田1丁目9番,パレス20号
461,288,1,0,静岡県支社,"静岡県,渋谷区",,所野駅から徒歩8分,144-9752,静岡県,渋谷区,所野18丁目12番,クレスト17号
462,289,0,0,本社,"京都府,横浜市港北区",,土沢駅から徒歩2分,030-5538,京都府,横浜市港北区,土沢20丁目27番,コーポ4号
463,290,0,0,本社,"栃木県,足立区",,南赤田駅から徒歩10分,528-1450,栃木県,足立区,南赤田20丁目25番,アーバン11号
464,290,1,0,鹿児島県支社,"鹿児島県,利島村",,入谷駅から徒歩15分,968-2094,鹿児島県,利島村,入谷31丁目4番,コーポ2号
465,290,1,0,愛知県支社,"愛知県,山武郡九十九里町",,横林駅から徒歩13分,734-2625,愛知県,山武郡九十九里町,横林14丁目1番,コート17号
466,291,0,0,本社,"大阪府,渋谷区",,一ツ橋駅から徒歩17分,040-5970,大阪府,渋谷区,一ツ橋8丁目19番,パレス3号
467,292,0,0,本社,"岡山県,印旛郡印旛村",,秋葉原駅から徒歩20分,207-4550,岡山県,印旛郡印旛村,秋葉原33丁目1番,パレス1号
468,293,0,0,本社,"青森県,足立区",,浅草駅から徒歩17分,634-3801,青森県,足立区,浅草10丁目8番,クレスト17号
469,293,2,0,その他,"宮崎県,荒川区",,油井駅から徒歩14分,319-5622,宮崎県,荒川区,油井22丁目7番,パーク15号
470,294,0,0,本社,"大分県,君津市",,下吉羽駅から徒歩10分,099-1275,大分県,君津市,下吉羽14丁目23番,シャルム2号
471,295,0,0,本社,"兵庫県,西東京市",,無栗屋駅から徒歩1分,306-7241,兵庫県,西東京市,無栗屋17丁目10番,シャルム17号
472,296,0,0,本社,"山梨県,夷隅郡御宿町",,芝公園駅から徒歩1分,972-6192,山梨県,夷隅郡御宿町,芝公園6丁目4番,コーポ18号
473,296,2,0,その他,"長崎県,横浜市西区",,六番町駅から徒歩8分,646-4199,長崎県,横浜市西区,六番町41丁目20番,クレスト4号
474,296,1,0,熊本県支社,"熊本県,練馬区",,芝浦駅から徒歩12分,520-2502,熊本県,練馬区,芝浦7丁目5番,コート1号
475,296,2,0,その他,"茨城県,香取郡東庄町",,三筋駅から徒歩15分,428-5321,茨城県,香取郡東庄町,三筋3丁目2番,パレス10号
476,297,0,0,本社,"新潟県,福生市",,無栗屋駅から徒歩20分,783-1064,新潟県,福生市,無栗屋38丁目10番,アーバン19号
477,298,0,0,本社,"高知県,府中市",,脚折町駅から徒歩12分,393-1154,高知県,府中市,脚折町6丁目26番,ハイツ16号
478,299,0,0,本社,"長崎県,羽村市",,横林駅から徒歩16分,443-1505,長崎県,羽村市,横林21丁目1番,シャルム7号
479,300,0,0,本社,"高知県,東大和市",,蟇沼駅から徒歩4分,103-8595,高知県,東大和市,蟇沼1丁目10番,コーポ12号
480,301,0,0,本社,"山梨県,鴨川市",,千束駅から徒歩6分,250-0707,山梨県,鴨川市,千束28丁目22番,コーポ18号
481,302,0,0,本社,"岡山県,文京区",,吾妻橋駅から徒歩19分,728-8050,岡山県,文京区,吾妻橋31丁目2番,パレス2号
482,303,0,0,本社,"福岡県,昭島市",,土呂部駅から徒歩15分,712-4234,福岡県,昭島市,土呂部9丁目26番,ハイツ7号
483,304,0,0,本社,"奈良県,印旛郡栄町",,港南駅から徒歩5分,571-8397,奈良県,印旛郡栄町,港南3丁目26番,シャルム13号
484,305,0,0,本社,"福島県,渋谷区",,松石駅から徒歩5分,859-7290,福島県,渋谷区,松石4丁目1番,アーバン13号
485,306,0,0,本社,"神奈川県,横浜市神奈川区",,北青山駅から徒歩4分,195-4570,神奈川県,横浜市神奈川区,北青山40丁目8番,シャルム13号
486,307,0,0,本社,"福岡県,東大和市",,西関宿駅から徒歩17分,387-8500,福岡県,東大和市,西関宿36丁目5番,ハイツ14号
487,308,0,0,本社,"岐阜県,山武郡横芝光町",,大中駅から徒歩14分,389-5311,岐阜県,山武郡横芝光町,大中25丁目8番,パーク2号
488,308,1,0,東京都支社,"東京都,横浜市旭区",,西神田駅から徒歩12分,636-5166,東京都,横浜市旭区,西神田9丁目18番,ハイツ15号
489,308,2,0,その他,"岡山県,江東区",,一ツ橋駅から徒歩8分,623-9867,岡山県,江東区,一ツ橋32丁目7番,アーバン3号
490,309,0,0,本社,"福井県,横浜市西区",,六番町駅から徒歩4分,050-8094,福井県,横浜市西区,六番町32丁目9番,シャルム17号
491,310,0,0,本社,"新潟県,港区",,白金駅から徒歩13分,446-1299,新潟県,港区,白金4丁目26番,コーポ16号
492,311,0,0,本社,"京都府,横浜市神奈川区",,南赤田駅から徒歩13分,617-0339,京都府,横浜市神奈川区,南赤田18丁目27番,コーポ7号
493,312,0,0,本社,"青森県,新島村",,九段南駅から徒歩12分,051-5617,青森県,新島村,九段南36丁目6番,ハイツ8号
494,312,2,0,その他,"福島県,荒川区",,中川崎駅から徒歩12分,511-9989,福島県,荒川区,中川崎11丁目14番,パーク9号
495,313,0,0,本社,"島根県,文京区",,上吉羽駅から徒歩16分,907-5769,島根県,文京区,上吉羽16丁目6番,パーク7号
496,314,0,0,本社,"長崎県,稲城市",,戸島駅から徒歩5分,743-6570,長崎県,稲城市,戸島16丁目20番,シティ8号
497,315,0,0,本社,"愛媛県,西多摩郡日の出町",,芝浦駅から徒歩14分,896-3444,愛媛県,西多摩郡日の出町,芝浦39丁目4番,パレス2号
498,316,0,0,本社,"京都府,山武郡芝山町",,鳥越駅から徒歩7分,649-2557,京都府,山武郡芝山町,鳥越39丁目27番,コーポ6号
499,316,1,0,高知県支社,"高知県,西多摩郡檜原村",,方京駅から徒歩8分,480-2587,高知県,西多摩郡檜原村,方京1丁目5番,コーポ9号
500,317,0,0,本社,"愛媛県,江戸川区",,戸山駅から徒歩19分,862-2608,愛媛県,江戸川区,戸山26丁目24番,コーポ2号
501,318,0,0,本社,"宮城県,利島村",,無栗屋駅から徒歩1分,180-8358,宮城県,利島村,無栗屋38丁目6番,パレス2号
502,318,1,0,島根県支社,"島根県,白井市",,氏家新田駅から徒歩12分,163-2910,島根県,白井市,氏家新田3丁目24番,シャルム20号
503,319,0,0,本社,"山形県,青ヶ島村",,中鉢石町駅から徒歩12分,733-7704,山形県,青ヶ島村,中鉢石町21丁目5番,クレスト13号
504,319,1,0,岩手県支社,"岩手県,長生郡長南町",,湯宮駅から徒歩11分,013-9741,岩手県,長生郡長南町,湯宮28丁目13番,アーバン11号
505,320,0,0,本社,"千葉県,鎌ケ谷市",,東和町駅から徒歩10分,705-3218,千葉県,鎌ケ谷市,東和町24丁目22番,パレス9号
506,321,0,0,本社,"埼玉県,中央区",,西小来川駅から徒歩2分,774-9488,埼玉県,中央区,西小来川1丁目27番,パーク9号
507,322,0,0,本社,"埼玉県,小金井市",,虎ノ門虎ノ門ヒルズ森タワー駅から徒歩20分,336-7481,埼玉県,小金井市,虎ノ門虎ノ門ヒルズ森タワー41丁目25番,パーク15号
508,322,1,0,山口県支社,"山口県,御蔵島村",,轟駅から徒歩13分,169-5797,山口県,御蔵島村,轟24丁目1番,コーポ14号
509,323,0,0,本社,"北海道,川崎市幸区",,前弥六駅から徒歩16分,156-4767,北海道,川崎市幸区,前弥六3丁目22番,ハイツ8号
510,324,0,0,本社,"群馬県,八王子市",,日本堤駅から徒歩17分,191-4446,群馬県,八王子市,日本堤32丁目27番,コーポ14号
511,325,0,0,本社,"長野県,横浜市港南区",,西関宿駅から徒歩12分,200-8091,長野県,横浜市港南区,西関宿29丁目22番,シティ9号
512,326,0,0,本社,"宮崎県,横浜市西区",,羽折町駅から徒歩13分,910-8421,宮崎県,横浜市西区,羽折町17丁目19番,パーク6号
513,327,0,0,本社,"神奈川県,横浜市中区",,月島駅から徒歩14分,299-0264,神奈川県,横浜市中区,月島13丁目20番,コーポ12号
514,328,0,0,本社,"福岡県,町田市",,芝公園駅から徒歩20分,551-4066,福岡県,町田市,芝公園7丁目7番,コーポ4号
515,329,0,0,本社,"群馬県,富里市",,東和町駅から徒歩17分,218-7149,群馬県,富里市,東和町29丁目26番,コーポ5号
516,330,0,0,本社,"兵庫県,川崎市中原区",,白金台駅から徒歩9分,588-1650,兵庫県,川崎市中原区,白金台1丁目8番,コート9号
517,331,0,0,本社,"愛知県,川崎市多摩区",,九段南駅から徒歩18分,033-7690,愛知県,川崎市多摩区,九段南11丁目19番,クレスト1号
518,332,0,0,本社,"石川県,印西市",,麹町駅から徒歩17分,531-0787,石川県,印西市,麹町30丁目5番,コート14号
519,332,2,0,その他,"秋田県,横浜市南区",,明石町駅から徒歩9分,311-4514,秋田県,横浜市南区,明石町33丁目24番,ハイツ18号
520,333,0,0,本社,"山形県,稲城市",,卯の里駅から徒歩6分,991-5229,山形県,稲城市,卯の里24丁目10番,コート14号
521,334,0,0,本社,"東京都,昭島市",,芝大門駅から徒歩16分,627-0163,東京都,昭島市,芝大門18丁目11番,パーク16号
522,334,2,0,その他,"島根県,中野区",,浅草橋駅から徒歩8分,638-0295,島根県,中野区,浅草橋5丁目15番,パレス10号
523,335,0,0,本社,"大分県,青梅市",,白金駅から徒歩4分,304-2732,大分県,青梅市,白金19丁目5番,コーポ7号
524,335,1,0,鳥取県支社,"鳥取県,清瀬市",,戸山駅から徒歩1分,898-5626,鳥取県,清瀬市,戸山25丁目10番,シャルム18号
525,335,2,0,その他,"高知県,御蔵島村",,日光駅から徒歩19分,760-7670,高知県,御蔵島村,日光15丁目7番,クレスト15号
526,335,1,0,徳島県支社,"徳島県,印旛郡栄町",,六番町駅から徒歩6分,440-7726,徳島県,印旛郡栄町,六番町24丁目7番,シティ2号
527,335,1,0,兵庫県支社,"兵庫県,富里市",,白金駅から徒歩18分,769-5788,兵庫県,富里市,白金17丁目5番,アーバン2号
528,336,0,0,本社,"石川県,横浜市港北区",,丹勢駅から徒歩6分,469-3611,石川県,横浜市港北区,丹勢37丁目16番,コート10号
529,337,0,0,本社,"熊本県,世田谷区",,竜泉駅から徒歩5分,713-9488,熊本県,世田谷区,竜泉24丁目14番,クレスト10号
530,338,0,0,本社,"鹿児島県,横浜市金沢区",,西浅草駅から徒歩16分,388-7946,鹿児島県,横浜市金沢区,西浅草38丁目9番,シティ6号
531,338,1,0,福井県支社,"福井県,川崎市中原区",,西神田駅から徒歩2分,725-1399,福井県,川崎市中原区,西神田31丁目10番,コート9号
532,339,0,0,本社,"東京都,神津島村",,隼町駅から徒歩1分,355-1956,東京都,神津島村,隼町26丁目23番,アーバン14号
533,340,0,0,本社,"茨城県,川崎市高津区",,上高野駅から徒歩2分,073-0627,茨城県,川崎市高津区,上高野22丁目19番,コート17号
534,341,0,0,本社,"徳島県,品川区",,中川崎駅から徒歩14分,190-7294,徳島県,品川区,中川崎5丁目10番,パーク14号
535,342,0,0,本社,"徳島県,夷隅郡大多喜町",,麹町駅から徒歩19分,106-4703,徳島県,夷隅郡大多喜町,麹町8丁目6番,コート5号
536,343,0,0,本社,"高知県,世田谷区",,氏家駅から徒歩15分,951-2631,高知県,世田谷区,氏家26丁目2番,シャルム11号
537,343,1,0,長野県支社,"長野県,川崎市多摩区",,大京町駅から徒歩10分,159-6856,長野県,川崎市多摩区,大京町6丁目10番,パーク14号
538,343,2,0,その他,"北海道,杉並区",,蔵前駅から徒歩4分,307-7380,北海道,杉並区,蔵前39丁目14番,クレスト9号
539,344,0,0,本社,"大分県,武蔵野市",,西神田駅から徒歩6分,680-4022,大分県,武蔵野市,西神田16丁目21番,ハイツ2号
540,345,0,0,本社,"広島県,品川区",,東大和町駅から徒歩14分,839-7915,広島県,品川区,東大和町22丁目22番,クレスト20号
541,346,0,0,本社,"石川県,横浜市南区",,睦駅から徒歩18分,551-4295,石川県,横浜市南区,睦36丁目27番,アーバン15号
542,347,0,0,本社,"山口県,中野区",,百村駅から徒歩10分,128-9739,山口県,中野区,百村23丁目18番,アーバン4号
543,347,1,0,宮城県支社,"宮城県,印旛郡酒々井町",,箪笥町駅から徒歩19分,817-9665,宮城県,印旛郡酒々井町,箪笥町10丁目11番,シティ7号
544,348,0,0,本社,"福島県,山武市",,麹町駅から徒歩15分,389-5558,福島県,山武市,麹町15丁目17番,アーバン20号
545,349,0,0,本社,"大阪府,三鷹市",,山中新田駅から徒歩5分,220-4459,大阪府,三鷹市,山中新田30丁目12番,シティ7号
546,350,0,0,本社,"長野県,三鷹市",,千塚駅から徒歩9分,209-5200,長野県,三鷹市,千塚25丁目27番,パーク12号
547,351,0,0,本社,"香川県,三宅島三宅村",,芝浦駅から徒歩13分,342-4649,香川県,三宅島三宅村,芝浦7丁目17番,パーク7号
548,352,0,0,本社,"大阪府,匝瑳市",,入谷駅から徒歩6分,825-0524,大阪府,匝瑳市,入谷22丁目23番,シティ20号
549,352,1,0,新潟県支社,"新潟県,富里市",,秋葉原駅から徒歩5分,589-0380,新潟県,富里市,秋葉原25丁目16番,ハイツ19号
550,352,1,0,東京都支社,"東京都,千代田区",,竜泉駅から徒歩11分,473-3136,東京都,千代田区,竜泉7丁目21番,パーク18号
551,353,0,0,本社,"広島県,大田区",,五味ヶ谷駅から徒歩19分,016-6931,広島県,大田区,五味ヶ谷22丁目13番,シャルム18号
552,354,0,0,本社,"北海道,小笠原村",,浅草駅から徒歩3分,857-4825,北海道,小笠原村,浅草37丁目5番,コーポ11号
553,355,0,0,本社,"東京都,板橋区",,戸山駅から徒歩6分,248-9452,東京都,板橋区,戸山6丁目6番,パーク5号
554,355,1,0,福島県支社,"福島県,我孫子市",,鍛冶ケ沢駅から徒歩2分,565-4529,福島県,我孫子市,鍛冶ケ沢18丁目4番,パレス19号
555,356,0,0,本社,"東京都,八丈島八丈町",,卯の里駅から徒歩9分,057-9418,東京都,八丈島八丈町,卯の里39丁目11番,パレス10号
556,356,1,0,兵庫県支社,"兵庫県,八丈島八丈町",,戸山駅から徒歩14分,935-5869,兵庫県,八丈島八丈町,戸山27丁目2番,クレスト5号
557,357,0,0,本社,"埼玉県,印旛郡印旛村",,西浅草駅から徒歩19分,020-5804,埼玉県,印旛郡印旛村,西浅草15丁目17番,パーク7号
558,357,1,0,愛知県支社,"愛知県,川崎市宮前区",,千塚駅から徒歩16分,637-3647,愛知県,川崎市宮前区,千塚12丁目26番,パーク18号
559,357,1,0,鳥取県支社,"鳥取県,新島村",,東神田駅から徒歩14分,952-8629,鳥取県,新島村,東神田18丁目19番,コーポ20号
560,358,0,0,本社,"茨城県,荒川区",,戸塚町駅から徒歩4分,534-1740,茨城県,荒川区,戸塚町13丁目1番,ハイツ7号
561,359,0,0,本社,"岡山県,国立市",,押上駅から徒歩17分,431-3976,岡山県,国立市,押上41丁目4番,シティ1号
562,360,0,0,本社,"岐阜県,武蔵村山市",,東神田駅から徒歩7分,375-7241,岐阜県,武蔵村山市,東神田18丁目6番,クレスト1号
563,361,0,0,本社,"宮城県,板橋区",,吾妻橋駅から徒歩7分,100-3167,宮城県,板橋区,吾妻橋9丁目1番,コート5号
564,362,0,0,本社,"岐阜県,印旛郡本埜村",,大中駅から徒歩16分,483-0476,岐阜県,印旛郡本埜村,大中32丁目23番,パーク13号
565,362,1,0,福島県支社,"福島県,横浜市磯子区",,白金台駅から徒歩1分,690-7537,福島県,横浜市磯子区,白金台6丁目12番,シャルム20号
566,362,2,0,その他,"山形県,横浜市金沢区",,元浅草駅から徒歩2分,708-0559,山形県,横浜市金沢区,元浅草32丁目15番,コート14号
567,363,0,0,本社,"大阪府,横浜市中区",,虎ノ門虎ノ門ヒルズ森タワー駅から徒歩2分,616-8353,大阪府,横浜市中区,虎ノ門虎ノ門ヒルズ森タワー31丁目24番,アーバン10号
568,363,1,0,岡山県支社,"岡山県,立川市",,上野公園駅から徒歩15分,181-7970,岡山県,立川市,上野公園37丁目16番,パーク10号
569,363,1,0,福岡県支社,"福岡県,いすみ市",,花川戸駅から徒歩18分,269-5563,福岡県,いすみ市,花川戸34丁目10番,シャルム12号
570,364,0,0,本社,"岡山県,豊島区",,吾妻橋駅から徒歩1分,829-3121,岡山県,豊島区,吾妻橋29丁目13番,パレス12号
571,365,0,0,本社,"宮崎県,町田市",,前弥六駅から徒歩4分,935-9585,宮崎県,町田市,前弥六21丁目26番,ハイツ7号
572,365,1,0,山梨県支社,"山梨県,大島町",,虎ノ門虎ノ門ヒルズ森タワー駅から徒歩17分,703-3554,山梨県,大島町,虎ノ門虎ノ門ヒルズ森タワー28丁目24番,コーポ6号
573,365,1,0,徳島県支社,"徳島県,印旛郡印旛村",,筑土八幡町駅から徒歩6分,042-9999,徳島県,印旛郡印旛村,筑土八幡町23丁目23番,クレスト19号
574,365,2,0,その他,"奈良県,江東区",,富久町駅から徒歩17分,499-0605,奈良県,江東区,富久町4丁目15番,コーポ17号
575,366,0,0,本社,"徳島県,横浜市緑区",,南赤田駅から徒歩15分,112-4435,徳島県,横浜市緑区,南赤田30丁目8番,コート14号
576,367,0,0,本社,"静岡県,山武郡横芝光町",,勝どき駅から徒歩11分,157-7334,静岡県,山武郡横芝光町,勝どき18丁目2番,パーク6号
577,368,0,0,本社,"長崎県,八王子市",,北上野駅から徒歩18分,666-6783,長崎県,八王子市,北上野34丁目14番,パーク6号
578,369,0,0,本社,"大分県,横浜市南区",,木立駅から徒歩3分,399-5149,大分県,横浜市南区,木立40丁目12番,パレス8号
579,369,1,0,愛知県支社,"愛知県,横浜市戸塚区",,中小来川駅から徒歩2分,757-1202,愛知県,横浜市戸塚区,中小来川20丁目21番,クレスト10号
580,369,2,0,その他,"兵庫県,東村山市",,虎ノ門虎ノ門ヒルズ森タワー駅から徒歩19分,067-6538,兵庫県,東村山市,虎ノ門虎ノ門ヒルズ森タワー21丁目1番,シャルム16号
581,370,0,0,本社,"京都府,小笠原村",,押上駅から徒歩3分,169-1318,京都府,小笠原村,押上37丁目6番,コート17号
582,371,0,0,本社,"千葉県,印旛郡本埜村",,土呂部駅から徒歩20分,201-6448,千葉県,印旛郡本埜村,土呂部15丁目26番,ハイツ4号
583,371,1,0,山形県支社,"山形県,稲城市",,幸手駅から徒歩9分,183-6961,山形県,稲城市,幸手13丁目20番,シャルム14号
584,371,2,0,その他,"群馬県,横浜市都筑区",,土沢駅から徒歩7分,483-3445,群馬県,横浜市都筑区,土沢15丁目13番,パーク17号
585,371,2,0,その他,"香川県,東久留米市",,平河町駅から徒歩15分,586-9515,香川県,東久留米市,平河町35丁目1番,ハイツ20号
586,372,0,0,本社,"大分県,横浜市磯子区",,雷門駅から徒歩4分,573-5152,大分県,横浜市磯子区,雷門40丁目13番,コート8号
587,372,2,0,その他,"佐賀県,西多摩郡檜原村",,下吉羽駅から徒歩9分,370-6907,佐賀県,西多摩郡檜原村,下吉羽30丁目14番,パーク3号
588,372,2,0,その他,"熊本県,西多摩郡檜原村",,西関宿駅から徒歩1分,882-3328,熊本県,西多摩郡檜原村,西関宿31丁目20番,コート2号
589,373,0,0,本社,"広島県,西多摩郡日の出町",,富久町駅から徒歩5分,928-0081,広島県,西多摩郡日の出町,富久町28丁目3番,パーク2号
590,374,0,0,本社,"青森県,夷隅郡大多喜町",,前弥六南町駅から徒歩3分,515-2048,青森県,夷隅郡大多喜町,前弥六南町39丁目4番,クレスト11号
591,375,0,0,本社,"愛媛県,神津島村",,九段南駅から徒歩5分,747-0639,愛媛県,神津島村,九段南34丁目13番,シティ6号
592,375,1,0,福島県支社,"福島県,西東京市",,上高野駅から徒歩5分,885-0626,福島県,西東京市,上高野42丁目25番,パレス3号
593,376,0,0,本社,"三重県,調布市",,浅草橋駅から徒歩15分,134-9781,三重県,調布市,浅草橋27丁目15番,コーポ14号
594,377,0,0,本社,"岩手県,西東京市",,虎ノ門駅から徒歩1分,017-3009,岩手県,西東京市,虎ノ門14丁目3番,シティ11号
595,378,0,0,本社,"茨城県,足立区",,箪笥町駅から徒歩3分,480-8151,茨城県,足立区,箪笥町2丁目23番,クレスト13号
596,378,1,0,徳島県支社,"徳島県,北区",,西小来川駅から徒歩12分,544-5900,徳島県,北区,西小来川37丁目25番,シャルム7号
597,379,0,0,本社,"京都府,昭島市",,白金駅から徒歩1分,145-5743,京都府,昭島市,白金21丁目12番,ハイツ20号
598,380,0,0,本社,"埼玉県,新島村",,卯の里駅から徒歩6分,121-3293,埼玉県,新島村,卯の里18丁目4番,アーバン14号
599,381,0,0,本社,"佐賀県,我孫子市",,元浅草駅から徒歩13分,881-2215,佐賀県,我孫子市,元浅草39丁目26番,ハイツ16号
600,381,2,0,その他,"福井県,香取郡東庄町",,秋葉原駅から徒歩3分,163-6520,福井県,香取郡東庄町,秋葉原10丁目11番,アーバン8号
601,382,0,0,本社,"埼玉県,青ヶ島村",,箪笥町駅から徒歩1分,025-9606,埼玉県,青ヶ島村,箪笥町23丁目2番,クレスト3号
602,383,0,0,本社,"兵庫県,三宅島三宅村",,東浅草駅から徒歩19分,556-3998,兵庫県,三宅島三宅村,東浅草6丁目1番,シャルム19号
603,384,0,0,本社,"和歌山県,武蔵村山市",,西浅草駅から徒歩1分,081-8546,和歌山県,武蔵村山市,西浅草6丁目9番,シャルム1号
604,384,2,0,その他,"栃木県,横浜市緑区",,芝公園駅から徒歩13分,403-2863,栃木県,横浜市緑区,芝公園7丁目18番,シティ8号
605,385,0,0,本社,"愛媛県,府中市",,松が谷駅から徒歩19分,812-8822,愛媛県,府中市,松が谷32丁目9番,コーポ2号
606,385,1,0,広島県支社,"広島県,新島村",,一ツ橋駅から徒歩17分,907-1895,広島県,新島村,一ツ橋25丁目9番,シャルム1号
607,386,0,0,本社,"和歌山県,荒川区",,東三島駅から徒歩4分,133-4907,和歌山県,荒川区,東三島12丁目6番,コーポ13号
608,387,0,0,本社,"島根県,神津島村",,細野駅から徒歩9分,524-5023,島根県,神津島村,細野11丁目25番,アーバン2号
609,387,2,0,その他,"栃木県,横浜市港南区",,百村駅から徒歩9分,807-8275,栃木県,横浜市港南区,百村7丁目14番,コート20号
610,387,1,0,石川県支社,"石川県,中野区",,丸の内駅から徒歩9分,143-8284,石川県,中野区,丸の内4丁目18番,パレス1号
611,387,2,0,その他,"福島県,青ヶ島村",,柿木沢新田駅から徒歩15分,948-2788,福島県,青ヶ島村,柿木沢新田29丁目24番,シャルム4号
612,388,0,0,本社,"兵庫県,香取郡神崎町",,前弥六駅から徒歩7分,913-2411,兵庫県,香取郡神崎町,前弥六39丁目23番,パレス17号
613,389,0,0,本社,"岡山県,山武郡横芝光町",,東上野駅から徒歩9分,921-2368,岡山県,山武郡横芝光町,東上野27丁目6番,コート2号
614,389,1,0,滋賀県支社,"滋賀県,国分寺市",,睦駅から徒歩7分,376-9840,滋賀県,国分寺市,睦20丁目9番,パーク18号
615,390,0,0,本社,"兵庫県,杉並区",,東浅草駅から徒歩13分,384-3007,兵庫県,杉並区,東浅草16丁目20番,アーバン12号
616,391,0,0,本社,"石川県,調布市",,下吉羽駅から徒歩17分,282-9536,石川県,調布市,下吉羽26丁目14番,シャルム15号
617,392,0,0,本社,"千葉県,中央区",,中宮祠駅から徒歩20分,148-2262,千葉県,中央区,中宮祠33丁目11番,シャルム9号
618,392,1,0,愛媛県支社,"愛媛県,青梅市",,橋場駅から徒歩2分,588-2792,愛媛県,青梅市,橋場30丁目1番,コート14号
619,393,0,0,本社,"広島県,国分寺市",,細野駅から徒歩18分,119-4213,広島県,国分寺市,細野24丁目19番,コート5号
620,393,1,0,奈良県支社,"奈良県,山武郡芝山町",,丸の内ＪＰタワー駅から徒歩7分,094-0725,奈良県,山武郡芝山町,丸の内ＪＰタワー34丁目1番,アーバン17号
621,394,0,0,本社,"長崎県,小平市",,花川戸駅から徒歩6分,549-9757,長崎県,小平市,花川戸23丁目10番,パレス14号
622,394,1,0,沖縄県支社,"沖縄県,品川区",,日比谷公園駅から徒歩9分,910-7526,沖縄県,品川区,日比谷公園17丁目11番,アーバン17号
623,394,2,0,その他,"茨城県,夷隅郡大多喜町",,戸山駅から徒歩18分,135-4563,茨城県,夷隅郡大多喜町,戸山40丁目4番,パーク20号
624,395,0,0,本社,"三重県,匝瑳市",,横林駅から徒歩20分,845-7910,三重県,匝瑳市,横林32丁目19番,シティ13号
625,396,0,0,本社,"埼玉県,小金井市",,大中駅から徒歩6分,008-8847,埼玉県,小金井市,大中22丁目18番,アーバン13号
626,397,0,0,本社,"福島県,川崎市中原区",,松が谷駅から徒歩9分,710-3386,福島県,川崎市中原区,松が谷17丁目6番,パレス9号
627,397,1,0,新潟県支社,"新潟県,武蔵野市",,鳥越駅から徒歩18分,310-6996,新潟県,武蔵野市,鳥越12丁目26番,クレスト16号
628,398,0,0,本社,"埼玉県,川崎市川崎区",,南赤田駅から徒歩9分,366-2985,埼玉県,川崎市川崎区,南赤田20丁目24番,アーバン14号
629,399,0,0,本社,"愛媛県,八王子市",,戸島駅から徒歩10分,995-1605,愛媛県,八王子市,戸島2丁目11番,コート12号
630,399,1,0,岩手県支社,"岩手県,横浜市港南区",,吾妻橋駅から徒歩20分,997-1560,岩手県,横浜市港南区,吾妻橋8丁目9番,アーバン15号
631,400,0,0,本社,"香川県,練馬区",,脚折駅から徒歩18分,465-1131,香川県,練馬区,脚折13丁目17番,パーク16号
632,401,0,0,本社,"富山県,稲城市",,押上駅から徒歩11分,354-8567,富山県,稲城市,押上38丁目10番,ハイツ7号
633,402,0,0,本社,"富山県,横浜市鶴見区",,上野公園駅から徒歩2分,285-0217,富山県,横浜市鶴見区,上野公園40丁目6番,シティ2号
634,403,0,0,本社,"山形県,横浜市瀬谷区",,竜泉駅から徒歩11分,965-3703,山形県,横浜市瀬谷区,竜泉3丁目8番,シティ12号
635,404,0,0,本社,"沖縄県,印旛郡栄町",,小入駅から徒歩11分,082-8906,沖縄県,印旛郡栄町,小入7丁目6番,ハイツ14号
636,404,1,0,宮崎県支社,"宮崎県,山武郡横芝光町",,東大和町駅から徒歩8分,703-9217,宮崎県,山武郡横芝光町,東大和町3丁目9番,アーバン3号
637,404,2,0,その他,"宮崎県,中央区",,中小来川駅から徒歩17分,573-8359,宮崎県,中央区,中小来川8丁目3番,コーポ1号
638,405,0,0,本社,"島根県,袖ケ浦市",,高田馬場駅から徒歩4分,752-2422,島根県,袖ケ浦市,高田馬場22丁目13番,コート4号
639,406,0,0,本社,"神奈川県,香取市",,上高野駅から徒歩3分,714-5153,神奈川県,香取市,上高野28丁目6番,コート16号
640,407,0,0,本社,"秋田県,西多摩郡日の出町",,羽折町駅から徒歩15分,397-8549,秋田県,西多摩郡日の出町,羽折町17丁目19番,パーク19号
641,408,0,0,本社,"北海道,武蔵野市",,白金台駅から徒歩20分,273-3318,北海道,武蔵野市,白金台12丁目20番,クレスト4号
642,409,0,0,本社,"沖縄県,福生市",,雷門駅から徒歩14分,699-7051,沖縄県,福生市,雷門21丁目4番,ハイツ17号
643,409,1,0,東京都支社,"東京都,調布市",,氏家駅から徒歩6分,713-4479,東京都,調布市,氏家25丁目24番,シャルム1号
644,409,1,0,静岡県支社,"静岡県,昭島市",,氏家駅から徒歩14分,573-0027,静岡県,昭島市,氏家7丁目14番,シティ8号
645,410,0,0,本社,"群馬県,練馬区",,台東駅から徒歩1分,563-4629,群馬県,練馬区,台東15丁目27番,パーク19号
646,411,0,0,本社,"山梨県,匝瑳市",,幸手駅から徒歩11分,167-6043,山梨県,匝瑳市,幸手19丁目26番,コーポ14号
647,411,1,0,香川県支社,"香川県,江東区",,台場駅から徒歩14分,609-3548,香川県,江東区,台場14丁目7番,ハイツ13号
648,412,0,0,本社,"静岡県,新島村",,無栗屋駅から徒歩1分,326-3067,静岡県,新島村,無栗屋2丁目2番,パレス2号
649,413,0,0,本社,"高知県,夷隅郡御宿町",,六番町駅から徒歩5分,082-1934,高知県,夷隅郡御宿町,六番町29丁目18番,パレス13号
650,414,0,0,本社,"山梨県,八丈島八丈町",,高輪駅から徒歩17分,264-1171,山梨県,八丈島八丈町,高輪3丁目4番,アーバン15号
651,415,0,0,本社,"埼玉県,南房総市",,平須賀駅から徒歩15分,026-0158,埼玉県,南房総市,平須賀14丁目25番,ハイツ4号
652,416,0,0,本社,"三重県,香取郡多古町",,日比谷公園駅から徒歩13分,474-0696,三重県,香取郡多古町,日比谷公園13丁目18番,コーポ4号
653,416,1,0,神奈川県支社,"神奈川県,神津島村",,卯の里駅から徒歩14分,930-9695,神奈川県,神津島村,卯の里21丁目3番,パーク8号
654,416,1,0,徳島県支社,"徳島県,横浜市金沢区",,東三島駅から徒歩10分,701-4455,徳島県,横浜市金沢区,東三島15丁目2番,シティ8号
655,417,0,0,本社,"長崎県,印西市",,土呂部駅から徒歩2分,513-3043,長崎県,印西市,土呂部17丁目6番,シャルム16号
656,417,1,0,長野県支社,"長野県,香取郡東庄町",,鍛冶ケ沢駅から徒歩1分,369-9788,長野県,香取郡東庄町,鍛冶ケ沢25丁目19番,シャルム20号
657,418,0,0,本社,"岐阜県,江戸川区",,丸の内駅から徒歩18分,394-8906,岐阜県,江戸川区,丸の内3丁目7番,コート4号
658,418,1,0,福島県支社,"福島県,長生郡長南町",,上高野駅から徒歩6分,713-0561,福島県,長生郡長南町,上高野26丁目12番,パーク13号
659,418,1,0,富山県支社,"富山県,横浜市西区",,百村駅から徒歩12分,868-0252,富山県,横浜市西区,百村22丁目16番,ハイツ20号
660,418,1,0,岡山県支社,"岡山県,川崎市川崎区",,前弥六駅から徒歩13分,747-2567,岡山県,川崎市川崎区,前弥六6丁目2番,コーポ6号
661,418,1,0,兵庫県支社,"兵庫県,横浜市港北区",,脚折町駅から徒歩10分,189-8226,兵庫県,横浜市港北区,脚折町32丁目11番,コート12号
662,419,0,0,本社,"熊本県,江東区",,横林駅から徒歩8分,436-3178,熊本県,江東区,横林37丁目24番,シャルム16号
663,420,0,0,本社,"沖縄県,江戸川区",,小入駅から徒歩7分,585-7857,沖縄県,江戸川区,小入41丁目3番,コーポ13号
664,421,0,0,本社,"岡山県,西東京市",,明石町駅から徒歩19分,282-6189,岡山県,西東京市,明石町8丁目22番,クレスト16号
665,422,0,0,本社,"広島県,板橋区",,前弥六駅から徒歩20分,118-5486,広島県,板橋区,前弥六15丁目14番,クレスト15号
666,422,1,0,宮城県支社,"宮城県,南房総市",,日比谷公園駅から徒歩12分,288-8025,宮城県,南房総市,日比谷公園21丁目17番,シティ12号
667,423,0,0,本社,"山形県,八街市",,九段南駅から徒歩8分,199-2355,山形県,八街市,九段南18丁目25番,シャルム7号
668,423,1,0,鹿児島県支社,"鹿児島県,渋谷区",,大京町駅から徒歩12分,312-2343,鹿児島県,渋谷区,大京町8丁目3番,アーバン20号
669,424,0,0,本社,"福岡県,横浜市港南区",,前弥六駅から徒歩18分,096-2553,福岡県,横浜市港南区,前弥六13丁目24番,ハイツ13号
670,425,0,0,本社,"三重県,横浜市港北区",,松石駅から徒歩8分,057-7057,三重県,横浜市港北区,松石31丁目6番,コーポ7号
671,426,0,0,本社,"三重県,横浜市神奈川区",,池之端駅から徒歩18分,390-2835,三重県,横浜市神奈川区,池之端9丁目12番,アーバン6号
672,426,1,0,鳥取県支社,"鳥取県,荒川区",,柿木沢駅から徒歩20分,903-8851,鳥取県,荒川区,柿木沢24丁目15番,シティ1号
673,427,0,0,本社,"兵庫県,印旛郡酒々井町",,橋場駅から徒歩14分,966-6433,兵庫県,印旛郡酒々井町,橋場2丁目6番,シティ17号
674,428,0,0,本社,"愛知県,香取郡神崎町",,氏家新田駅から徒歩4分,425-4387,愛知県,香取郡神崎町,氏家新田21丁目25番,ハイツ5号
675,429,0,0,本社,"山形県,八丈島八丈町",,明石町駅から徒歩6分,790-2398,山形県,八丈島八丈町,明石町9丁目24番,コート6号
676,429,1,0,広島県支社,"広島県,中央区",,鍛冶ケ沢駅から徒歩14分,304-8534,広島県,中央区,鍛冶ケ沢10丁目17番,アーバン16号
677,430,0,0,本社,"京都府,横浜市港南区",,平河町駅から徒歩2分,044-8914,京都府,横浜市港南区,平河町16丁目13番,シティ17号
678,430,2,0,その他,"岐阜県,西多摩郡奥多摩町",,九段南駅から徒歩16分,697-8625,岐阜県,西多摩郡奥多摩町,九段南14丁目11番,シャルム4号
679,431,0,0,本社,"静岡県,北区",,前弥六南町駅から徒歩4分,794-2167,静岡県,北区,前弥六南町17丁目24番,パレス19号
680,431,1,0,広島県支社,"広島県,長生郡睦沢町",,千束駅から徒歩14分,709-6063,広島県,長生郡睦沢町,千束30丁目6番,コート10号
681,431,2,0,その他,"鹿児島県,長生郡白子町",,外神田駅から徒歩9分,174-0135,鹿児島県,長生郡白子町,外神田38丁目8番,コート1号
682,431,1,0,静岡県支社,"静岡県,稲城市",,東浅草駅から徒歩20分,046-3747,静岡県,稲城市,東浅草20丁目17番,クレスト14号
683,432,0,0,本社,"秋田県,杉並区",,西小来川駅から徒歩17分,305-3893,秋田県,杉並区,西小来川6丁目17番,クレスト11号
684,433,0,0,本社,"山形県,神津島村",,日比谷公園駅から徒歩1分,760-5597,山形県,神津島村,日比谷公園30丁目17番,クレスト1号
685,434,0,0,本社,"香川県,杉並区",,松浦町駅から徒歩15分,076-1319,香川県,杉並区,松浦町18丁目20番,パレス1号
686,434,1,0,新潟県支社,"新潟県,江戸川区",,東三島駅から徒歩2分,510-3033,新潟県,江戸川区,東三島8丁目18番,シティ4号
687,434,1,0,熊本県支社,"熊本県,青ヶ島村",,高田馬場駅から徒歩12分,229-4376,熊本県,青ヶ島村,高田馬場4丁目14番,コート17号
688,435,0,0,本社,"石川県,西多摩郡檜原村",,南赤田駅から徒歩6分,390-4059,石川県,西多摩郡檜原村,南赤田27丁目26番,ハイツ6号
689,435,1,0,栃木県支社,"栃木県,匝瑳市",,外神田駅から徒歩3分,837-7148,栃木県,匝瑳市,外神田6丁目6番,パレス15号
690,435,1,0,山梨県支社,"山梨県,香取郡東庄町",,平須賀駅から徒歩16分,544-6879,山梨県,香取郡東庄町,平須賀34丁目2番,ハイツ5号
691,436,0,0,本社,"宮城県,南房総市",,筑土八幡町駅から徒歩13分,646-8496,宮城県,南房総市,筑土八幡町15丁目14番,パーク5号
692,437,0,0,本社,"長崎県,安房郡鋸南町",,方京駅から徒歩9分,956-8806,長崎県,安房郡鋸南町,方京1丁目3番,コーポ16号
693,438,0,0,本社,"千葉県,中野区",,無栗屋駅から徒歩20分,003-9748,千葉県,中野区,無栗屋28丁目23番,クレスト3号
694,438,2,0,その他,"大阪府,富津市",,西関宿駅から徒歩14分,387-8843,大阪府,富津市,西関宿21丁目7番,コーポ13号
695,439,0,0,本社,"鹿児島県,横浜市保土ケ谷区",,氏家新田駅から徒歩8分,116-6622,鹿児島県,横浜市保土ケ谷区,氏家新田17丁目8番,アーバン10号
696,440,0,0,本社,"福井県,足立区",,津久戸町駅から徒歩15分,729-2217,福井県,足立区,津久戸町9丁目21番,シャルム1号
697,441,0,0,本社,"北海道,印西市",,木立駅から徒歩18分,364-2139,北海道,印西市,木立15丁目8番,クレスト4号
698,441,1,0,和歌山県支社,"和歌山県,青ヶ島村",,西浅草駅から徒歩1分,928-8756,和歌山県,青ヶ島村,西浅草3丁目25番,パレス7号
699,442,0,0,本社,"岩手県,港区",,隼町駅から徒歩13分,656-3689,岩手県,港区,隼町41丁目7番,アーバン5号
700,443,0,0,本社,"宮城県,長生郡長南町",,所野駅から徒歩1分,270-8649,宮城県,長生郡長南町,所野20丁目27番,パーク17号
701,444,0,0,本社,"山梨県,西多摩郡瑞穂町",,二つ室駅から徒歩15分,805-5274,山梨県,西多摩郡瑞穂町,二つ室9丁目9番,シャルム17号
702,445,0,0,本社,"青森県,大島町",,雷門駅から徒歩16分,350-6209,青森県,大島町,雷門37丁目16番,コート14号
703,445,1,0,香川県支社,"香川県,長生郡一宮町",,芝公園駅から徒歩11分,294-7327,香川県,長生郡一宮町,芝公園4丁目11番,アーバン20号
704,445,2,0,その他,"鹿児島県,昭島市",,上野桜木駅から徒歩20分,224-0871,鹿児島県,昭島市,上野桜木42丁目3番,シティ7号
705,445,1,0,大分県支社,"大分県,君津市",,氏家駅から徒歩1分,682-2636,大分県,君津市,氏家13丁目15番,クレスト1号
706,446,0,0,本社,"岩手県,東大和市",,鍛冶ケ沢駅から徒歩2分,396-9080,岩手県,東大和市,鍛冶ケ沢36丁目2番,アーバン20号
707,446,1,0,島根県支社,"島根県,板橋区",,池之端駅から徒歩11分,849-8216,島根県,板橋区,池之端41丁目15番,ハイツ12号
708,447,0,0,本社,"福島県,横浜市旭区",,松が谷駅から徒歩14分,971-5310,福島県,横浜市旭区,松が谷2丁目7番,コーポ18号
709,448,0,0,本社,"神奈川県,西東京市",,幸手駅から徒歩8分,481-1256,神奈川県,西東京市,幸手27丁目13番,クレスト6号
710,449,0,0,本社,"京都府,印旛郡栄町",,太田ヶ谷駅から徒歩16分,006-5199,京都府,印旛郡栄町,太田ヶ谷11丁目17番,クレスト16号
711,449,2,0,その他,"和歌山県,印旛郡酒々井町",,外国府間駅から徒歩20分,303-5225,和歌山県,印旛郡酒々井町,外国府間26丁目13番,コート5号
712,450,0,0,本社,"佐賀県,清瀬市",,渡辺駅から徒歩9分,362-9282,佐賀県,清瀬市,渡辺12丁目9番,パーク16号
713,451,0,0,本社,"香川県,渋谷区",,蟇沼駅から徒歩3分,029-5605,香川県,渋谷区,蟇沼38丁目11番,ハイツ3号
714,452,0,0,本社,"静岡県,足立区",,上野桜木駅から徒歩16分,768-3655,静岡県,足立区,上野桜木5丁目8番,シャルム20号
715,452,2,0,その他,"大阪府,葛飾区",,油井駅から徒歩7分,662-0189,大阪府,葛飾区,油井11丁目11番,シティ12号
716,452,1,0,愛媛県支社,"愛媛県,横浜市中区",,明石町駅から徒歩4分,143-2905,愛媛県,横浜市中区,明石町34丁目19番,クレスト12号
717,452,1,0,神奈川県支社,"神奈川県,横浜市金沢区",,中三依駅から徒歩11分,495-4222,神奈川県,横浜市金沢区,中三依41丁目23番,ハイツ12号
718,453,0,0,本社,"神奈川県,袖ケ浦市",,虎ノ門駅から徒歩7分,073-5629,神奈川県,袖ケ浦市,虎ノ門15丁目16番,アーバン2号
719,453,1,0,奈良県支社,"奈良県,横浜市旭区",,横林駅から徒歩20分,235-1926,奈良県,横浜市旭区,横林8丁目1番,アーバン19号
720,454,0,0,本社,"群馬県,中野区",,北青山駅から徒歩10分,257-3272,群馬県,中野区,北青山17丁目8番,アーバン7号
721,454,1,0,千葉県支社,"千葉県,利島村",,天神島駅から徒歩20分,799-9423,千葉県,利島村,天神島17丁目20番,シャルム17号
722,455,0,0,本社,"神奈川県,鎌ケ谷市",,筑土八幡町駅から徒歩6分,590-8889,神奈川県,鎌ケ谷市,筑土八幡町11丁目22番,コーポ9号
723,456,0,0,本社,"佐賀県,西多摩郡奥多摩町",,東神田駅から徒歩13分,948-7421,佐賀県,西多摩郡奥多摩町,東神田7丁目14番,シティ2号
724,457,0,0,本社,"東京都,小平市",,白金台駅から徒歩20分,845-6982,東京都,小平市,白金台40丁目2番,コート15号
725,457,2,0,その他,"福岡県,国分寺市",,明石町駅から徒歩17分,924-3116,福岡県,国分寺市,明石町32丁目21番,クレスト14号
726,457,2,0,その他,"秋田県,国立市",,木立駅から徒歩16分,328-2217,秋田県,国立市,木立29丁目21番,シティ8号
727,458,0,0,本社,"青森県,匝瑳市",,北青山駅から徒歩17分,030-2012,青森県,匝瑳市,北青山33丁目10番,シャルム11号
728,459,0,0,本社,"鳥取県,足立区",,豊町駅から徒歩3分,286-6031,鳥取県,足立区,豊町15丁目16番,コーポ13号
729,460,0,0,本社,"和歌山県,神津島村",,富久町駅から徒歩8分,433-3222,和歌山県,神津島村,富久町25丁目1番,パレス19号
730,461,0,0,本社,"三重県,江東区",,押上駅から徒歩12分,187-1097,三重県,江東区,押上5丁目26番,シティ12号
731,461,1,0,神奈川県支社,"神奈川県,長生郡長柄町",,睦駅から徒歩18分,464-9245,神奈川県,長生郡長柄町,睦12丁目24番,アーバン4号
732,462,0,0,本社,"愛媛県,品川区",,芝公園駅から徒歩15分,311-9197,愛媛県,品川区,芝公園22丁目16番,パレス15号
733,463,0,0,本社,"高知県,八街市",,下宇和田駅から徒歩18分,871-4770,高知県,八街市,下宇和田7丁目7番,シャルム18号
734,463,1,0,大阪府支社,"大阪府,稲城市",,中三依駅から徒歩17分,064-1682,大阪府,稲城市,中三依21丁目2番,ハイツ6号
735,464,0,0,本社,"愛媛県,横浜市西区",,千塚駅から徒歩12分,590-3296,愛媛県,横浜市西区,千塚4丁目16番,パレス14号
736,465,0,0,本社,"青森県,多摩市",,九段南駅から徒歩9分,168-5811,青森県,多摩市,九段南33丁目15番,パレス16号
737,466,0,0,本社,"東京都,江戸川区",,中川崎駅から徒歩7分,584-2974,東京都,江戸川区,中川崎33丁目8番,シャルム13号
738,467,0,0,本社,"長崎県,横浜市西区",,西川駅から徒歩13分,988-6307,長崎県,横浜市西区,西川35丁目22番,コート5号
739,468,0,0,本社,"大阪府,香取郡東庄町",,松石駅から徒歩19分,251-5781,大阪府,香取郡東庄町,松石26丁目18番,アーバン1号
740,469,0,0,本社,"広島県,武蔵野市",,南赤田駅から徒歩19分,380-7861,広島県,武蔵野市,南赤田5丁目16番,パーク2号
741,470,0,0,本社,"大阪府,江戸川区",,東和町駅から徒歩14分,519-7814,大阪府,江戸川区,東和町5丁目14番,パーク8号
742,470,1,0,千葉県支社,"千葉県,東村山市",,大京町駅から徒歩9分,941-5075,千葉県,東村山市,大京町11丁目19番,コーポ15号
743,471,0,0,本社,"大分県,横浜市南区",,睦駅から徒歩18分,388-1440,大分県,横浜市南区,睦15丁目2番,シャルム19号
744,471,2,0,その他,"岩手県,稲城市",,中鉢石町駅から徒歩2分,993-1043,岩手県,稲城市,中鉢石町24丁目12番,クレスト9号
745,472,0,0,本社,"島根県,青梅市",,平須賀駅から徒歩10分,183-7049,島根県,青梅市,平須賀19丁目8番,コーポ7号
746,472,1,0,富山県支社,"富山県,立川市",,轟駅から徒歩17分,635-5919,富山県,立川市,轟1丁目12番,シャルム5号
747,472,1,0,三重県支社,"三重県,文京区",,丹勢駅から徒歩15分,105-0809,三重県,文京区,丹勢22丁目13番,シティ10号
748,472,2,0,その他,"山口県,渋谷区",,富久町駅から徒歩1分,818-9226,山口県,渋谷区,富久町10丁目1番,クレスト17号
749,473,0,0,本社,"秋田県,横浜市神奈川区",,四区町駅から徒歩5分,614-0629,秋田県,横浜市神奈川区,四区町36丁目11番,パーク4号
750,473,2,0,その他,"大分県,長生郡長南町",,白金台駅から徒歩9分,334-4268,大分県,長生郡長南町,白金台38丁目8番,シティ5号
751,474,0,0,本社,"愛媛県,富津市",,京橋駅から徒歩1分,894-4134,愛媛県,富津市,京橋32丁目14番,シティ20号
752,475,0,0,本社,"京都府,国分寺市",,竜泉駅から徒歩6分,686-9786,京都府,国分寺市,竜泉27丁目3番,パレス2号
753,476,0,0,本社,"兵庫県,印旛郡本埜村",,羽折町駅から徒歩17分,552-2530,兵庫県,印旛郡本埜村,羽折町30丁目7番,ハイツ10号
754,476,1,0,茨城県支社,"茨城県,印旛郡酒々井町",,細野駅から徒歩5分,868-0293,茨城県,印旛郡酒々井町,細野41丁目4番,アーバン9号
755,476,2,0,その他,"愛知県,川崎市川崎区",,小入駅から徒歩10分,458-2457,愛知県,川崎市川崎区,小入34丁目10番,シャルム19号
756,477,0,0,本社,"和歌山県,長生郡長生村",,権現堂駅から徒歩6分,708-7839,和歌山県,長生郡長生村,権現堂16丁目6番,クレスト13号
757,477,2,0,その他,"長崎県,印旛郡本埜村",,丸の内ＪＰタワー駅から徒歩13分,932-1836,長崎県,印旛郡本埜村,丸の内ＪＰタワー31丁目17番,ハイツ15号
758,478,0,0,本社,"北海道,小平市",,日比谷公園駅から徒歩15分,456-7797,北海道,小平市,日比谷公園36丁目11番,パレス5号
759,479,0,0,本社,"京都府,渋谷区",,睦駅から徒歩20分,952-1740,京都府,渋谷区,睦28丁目17番,シャルム7号
760,480,0,0,本社,"高知県,町田市",,脚折駅から徒歩12分,583-7477,高知県,町田市,脚折31丁目11番,コート18号
761,480,2,0,その他,"北海道,横浜市栄区",,氏家駅から徒歩3分,421-1804,北海道,横浜市栄区,氏家9丁目7番,パーク12号
762,480,1,0,長崎県支社,"長崎県,香取郡多古町",,月島駅から徒歩11分,555-2176,長崎県,香取郡多古町,月島14丁目13番,コーポ6号
763,480,2,0,その他,"新潟県,東大和市",,西神田駅から徒歩14分,185-0693,新潟県,東大和市,西神田17丁目16番,ハイツ10号
764,481,0,0,本社,"広島県,川崎市中原区",,上吉羽駅から徒歩14分,798-1103,広島県,川崎市中原区,上吉羽21丁目3番,クレスト2号
765,481,1,0,山梨県支社,"山梨県,青梅市",,天神島駅から徒歩9分,555-4611,山梨県,青梅市,天神島16丁目23番,ハイツ6号
766,481,2,0,その他,"神奈川県,印旛郡栄町",,中鉢石町駅から徒歩3分,789-3302,神奈川県,印旛郡栄町,中鉢石町35丁目21番,アーバン2号
767,482,0,0,本社,"栃木県,目黒区",,東和町駅から徒歩6分,421-4343,栃木県,目黒区,東和町2丁目16番,クレスト7号
768,483,0,0,本社,"兵庫県,清瀬市",,細野駅から徒歩19分,193-1589,兵庫県,清瀬市,細野11丁目7番,シティ8号
769,484,0,0,本社,"新潟県,青ヶ島村",,上広谷駅から徒歩13分,115-0580,新潟県,青ヶ島村,上広谷20丁目16番,ハイツ8号
770,485,0,0,本社,"千葉県,国分寺市",,木立駅から徒歩19分,936-2053,千葉県,国分寺市,木立14丁目24番,パーク17号
771,485,2,0,その他,"山形県,安房郡鋸南町",,長畑駅から徒歩18分,455-6957,山形県,安房郡鋸南町,長畑13丁目17番,アーバン12号
772,486,0,0,本社,"宮城県,立川市",,月島駅から徒歩19分,710-8349,宮城県,立川市,月島37丁目11番,シティ11号
773,487,0,0,本社,"福井県,横浜市神奈川区",,山中新田駅から徒歩15分,979-1974,福井県,横浜市神奈川区,山中新田42丁目1番,ハイツ11号
774,488,0,0,本社,"千葉県,夷隅郡御宿町",,隼町駅から徒歩11分,156-1808,千葉県,夷隅郡御宿町,隼町33丁目19番,クレスト13号
775,488,2,0,その他,"三重県,豊島区",,六番町駅から徒歩19分,592-0929,三重県,豊島区,六番町8丁目17番,コーポ7号
776,489,0,0,本社,"山梨県,川崎市多摩区",,土呂部駅から徒歩14分,791-0358,山梨県,川崎市多摩区,土呂部11丁目12番,シャルム17号
777,489,2,0,その他,"岡山県,白井市",,平河町駅から徒歩15分,133-5510,岡山県,白井市,平河町31丁目23番,パレス6号
778,489,2,0,その他,"新潟県,香取郡神崎町",,轟駅から徒歩15分,429-6628,新潟県,香取郡神崎町,轟5丁目6番,パレス5号
779,490,0,0,本社,"滋賀県,武蔵村山市",,東和町駅から徒歩4分,361-0628,滋賀県,武蔵村山市,東和町33丁目14番,シティ17号
780,491,0,0,本社,"埼玉県,横浜市中区",,四番町駅から徒歩2分,103-4724,埼玉県,横浜市中区,四番町16丁目8番,コーポ11号
781,492,0,0,本社,"鳥取県,長生郡長生村",,花川戸駅から徒歩12分,055-8108,鳥取県,長生郡長生村,花川戸42丁目10番,シャルム15号
782,493,0,0,本社,"長崎県,横浜市栄区",,渡辺駅から徒歩4分,452-8446,長崎県,横浜市栄区,渡辺42丁目4番,シティ16号
783,494,0,0,本社,"青森県,立川市",,千束駅から徒歩1分,458-9634,青森県,立川市,千束36丁目9番,アーバン12号
784,495,0,0,本社,"鳥取県,横浜市瀬谷区",,大中駅から徒歩10分,822-3904,鳥取県,横浜市瀬谷区,大中11丁目17番,シャルム18号
785,495,1,0,和歌山県支社,"和歌山県,日野市",,西川駅から徒歩5分,110-3084,和歌山県,日野市,西川4丁目16番,パーク1号
786,495,2,0,その他,"山梨県,練馬区",,鳥越駅から徒歩12分,849-7667,山梨県,練馬区,鳥越7丁目5番,シャルム19号
787,496,0,0,本社,"佐賀県,山武郡九十九里町",,四番町駅から徒歩13分,438-3599,佐賀県,山武郡九十九里町,四番町12丁目17番,コート5号
788,497,0,0,本社,"三重県,西多摩郡瑞穂町",,木立駅から徒歩20分,310-3068,三重県,西多摩郡瑞穂町,木立4丁目17番,クレスト8号
789,498,0,0,本社,"島根県,多摩市",,白金駅から徒歩9分,962-5257,島根県,多摩市,白金10丁目17番,ハイツ18号
790,499,0,0,本社,"岩手県,鎌ケ谷市",,花島駅から徒歩17分,112-7148,岩手県,鎌ケ谷市,花島36丁目23番,コーポ17号
791,500,0,0,本社,"千葉県,中央区",,下宇和田駅から徒歩12分,296-1025,千葉県,中央区,下宇和田39丁目21番,コーポ10号
792,500,1,0,新潟県支社,"新潟県,西多摩郡日の出町",,独鈷沢駅から徒歩19分,372-8001,新潟県,西多摩郡日の出町,独鈷沢10丁目11番,コート10号
793,501,0,0,本社,"長崎県,長生郡一宮町",,月島駅から徒歩8分,358-6572,長崎県,長生郡一宮町,月島28丁目8番,コーポ15号
794,501,2,0,その他,"和歌山県,神津島村",,山中新田駅から徒歩1分,112-0607,和歌山県,神津島村,山中新田25丁目22番,パーク15号
795,501,1,0,青森県支社,"青森県,横浜市西区",,藤金駅から徒歩13分,317-2553,青森県,横浜市西区,藤金14丁目15番,クレスト19号
796,502,0,0,本社,"山口県,江戸川区",,千塚駅から徒歩13分,527-1743,山口県,江戸川区,千塚25丁目12番,ハイツ13号
797,503,0,0,本社,"静岡県,足立区",,台場駅から徒歩16分,077-5063,静岡県,足立区,台場32丁目10番,クレスト7号
798,504,0,0,本社,"沖縄県,台東区",,木立駅から徒歩2分,327-6297,沖縄県,台東区,木立10丁目22番,コート18号
799,505,0,0,本社,"静岡県,山武郡九十九里町",,美原町駅から徒歩19分,173-7477,静岡県,山武郡九十九里町,美原町11丁目24番,コーポ7号
800,506,0,0,本社,"京都府,荒川区",,丹勢駅から徒歩16分,427-0020,京都府,荒川区,丹勢35丁目10番,コーポ4号
801,507,0,0,本社,"高知県,山武市",,上高野駅から徒歩3分,737-9309,高知県,山武市,上高野40丁目13番,シャルム12号
802,508,0,0,本社,"北海道,横浜市港北区",,下宇和田駅から徒歩2分,915-7306,北海道,横浜市港北区,下宇和田23丁目9番,シティ11号
803,508,1,0,神奈川県支社,"神奈川県,山武市",,虎ノ門駅から徒歩16分,910-1560,神奈川県,山武市,虎ノ門41丁目15番,ハイツ9号
804,509,0,0,本社,"徳島県,印旛郡印旛村",,大中駅から徒歩5分,966-9137,徳島県,印旛郡印旛村,大中23丁目22番,コート10号
805,510,0,0,本社,"神奈川県,目黒区",,虎ノ門虎ノ門ヒルズ森タワー駅から徒歩19分,682-2085,神奈川県,目黒区,虎ノ門虎ノ門ヒルズ森タワー19丁目6番,シャルム12号
806,511,0,0,本社,"愛知県,豊島区",,中川崎駅から徒歩2分,449-9034,愛知県,豊島区,中川崎40丁目25番,コーポ20号
807,511,1,0,福井県支社,"福井県,長生郡長南町",,四番町駅から徒歩12分,454-2511,福井県,長生郡長南町,四番町29丁目5番,パレス8号
808,512,0,0,本社,"神奈川県,狛江市",,平須賀駅から徒歩9分,586-5167,神奈川県,狛江市,平須賀33丁目6番,ハイツ12号
809,513,0,0,本社,"広島県,東大和市",,下宇和田駅から徒歩8分,595-3602,広島県,東大和市,下宇和田20丁目25番,ハイツ1号
810,514,0,0,本社,"島根県,北区",,前弥六駅から徒歩2分,743-6380,島根県,北区,前弥六34丁目19番,パレス3号
811,515,0,0,本社,"鳥取県,小笠原村",,下吉羽駅から徒歩16分,246-1136,鳥取県,小笠原村,下吉羽16丁目22番,コート3号
812,516,0,0,本社,"鳥取県,香取郡多古町",,四区町駅から徒歩12分,521-9140,鳥取県,香取郡多古町,四区町4丁目8番,シャルム15号
813,517,0,0,本社,"岐阜県,墨田区",,中宮祠駅から徒歩18分,309-7866,岐阜県,墨田区,中宮祠3丁目22番,シャルム12号
814,517,1,0,岩手県支社,"岩手県,台東区",,睦駅から徒歩18分,119-6109,岩手県,台東区,睦26丁目1番,クレスト19号
815,518,0,0,本社,"岡山県,横浜市神奈川区",,東浅草駅から徒歩3分,265-0029,岡山県,横浜市神奈川区,東浅草11丁目18番,シャルム11号
816,519,0,0,本社,"栃木県,長生郡長生村",,下吉羽駅から徒歩20分,549-0952,栃木県,長生郡長生村,下吉羽15丁目23番,ハイツ14号
817,519,1,0,静岡県支社,"静岡県,横浜市栄区",,丸の内駅から徒歩3分,774-7833,静岡県,横浜市栄区,丸の内16丁目6番,ハイツ1号
818,520,0,0,本社,"鳥取県,国分寺市",,西川駅から徒歩19分,704-4935,鳥取県,国分寺市,西川16丁目5番,パレス18号
819,521,0,0,本社,"兵庫県,川崎市川崎区",,芝大門駅から徒歩19分,800-0186,兵庫県,川崎市川崎区,芝大門7丁目22番,パレス16号
820,521,2,0,その他,"群馬県,鎌ケ谷市",,東大和町駅から徒歩3分,735-0224,群馬県,鎌ケ谷市,東大和町39丁目20番,シャルム13号
821,521,1,0,愛媛県支社,"愛媛県,横浜市瀬谷区",,神明内駅から徒歩9分,361-7515,愛媛県,横浜市瀬谷区,神明内36丁目6番,パレス20号
822,521,1,0,愛知県支社,"愛知県,品川区",,上吉羽駅から徒歩9分,180-6865,愛知県,品川区,上吉羽40丁目5番,シティ14号
823,522,0,0,本社,"兵庫県,富津市",,東上野駅から徒歩10分,178-6835,兵庫県,富津市,東上野34丁目10番,パレス14号
824,523,0,0,本社,"三重県,印西市",,所野駅から徒歩9分,899-1499,三重県,印西市,所野32丁目19番,パレス18号
825,523,1,0,宮崎県支社,"宮崎県,大田区",,台東駅から徒歩13分,608-8821,宮崎県,大田区,台東23丁目2番,クレスト15号
826,523,1,0,群馬県支社,"群馬県,小平市",,日本堤駅から徒歩13分,761-7423,群馬県,小平市,日本堤11丁目1番,シティ20号
827,524,0,0,本社,"和歌山県,文京区",,箭坪駅から徒歩7分,525-9657,和歌山県,文京区,箭坪32丁目8番,シャルム5号
828,525,0,0,本社,"大阪府,横浜市西区",,竜泉駅から徒歩19分,198-1658,大阪府,横浜市西区,竜泉37丁目18番,アーバン13号
829,525,1,0,新潟県支社,"新潟県,長生郡一宮町",,中鉢石町駅から徒歩11分,768-5475,新潟県,長生郡一宮町,中鉢石町10丁目24番,コーポ16号
830,526,0,0,本社,"岡山県,いすみ市",,中宮祠駅から徒歩3分,188-2731,岡山県,いすみ市,中宮祠26丁目13番,パレス9号
831,527,0,0,本社,"高知県,横浜市保土ケ谷区",,台東駅から徒歩18分,409-4416,高知県,横浜市保土ケ谷区,台東32丁目27番,パーク17号
832,527,2,0,その他,"石川県,印旛郡酒々井町",,鳥越駅から徒歩13分,337-8041,石川県,印旛郡酒々井町,鳥越4丁目9番,コーポ18号
833,527,1,0,熊本県支社,"熊本県,稲城市",,東大和町駅から徒歩4分,781-2356,熊本県,稲城市,東大和町12丁目6番,シティ12号
834,528,0,0,本社,"兵庫県,あきる野市",,三ノ輪駅から徒歩8分,257-3831,兵庫県,あきる野市,三ノ輪25丁目15番,パーク20号
835,529,0,0,本社,"大分県,印西市",,蟇沼駅から徒歩16分,943-2718,大分県,印西市,蟇沼27丁目16番,パーク2号
836,530,0,0,本社,"福井県,長生郡長生村",,花川戸駅から徒歩8分,655-1151,福井県,長生郡長生村,花川戸25丁目24番,パーク6号
837,531,0,0,本社,"長崎県,葛飾区",,羽折町駅から徒歩5分,725-2598,長崎県,葛飾区,羽折町11丁目6番,シャルム10号
838,532,0,0,本社,"神奈川県,西多摩郡日の出町",,上広谷駅から徒歩17分,843-8990,神奈川県,西多摩郡日の出町,上広谷7丁目22番,シティ18号
839,532,1,0,鹿児島県支社,"鹿児島県,西多摩郡瑞穂町",,上吉羽駅から徒歩12分,024-4087,鹿児島県,西多摩郡瑞穂町,上吉羽10丁目22番,コート20号
840,533,0,0,本社,"沖縄県,八王子市",,大中駅から徒歩17分,897-6441,沖縄県,八王子市,大中18丁目5番,パレス15号
841,534,0,0,本社,"香川県,国分寺市",,太田ヶ谷駅から徒歩16分,010-3194,香川県,国分寺市,太田ヶ谷32丁目7番,パレス7号
842,534,1,0,島根県支社,"島根県,西多摩郡日の出町",,日光駅から徒歩13分,308-6528,島根県,西多摩郡日の出町,日光16丁目11番,クレスト6号
843,534,1,0,香川県支社,"香川県,長生郡一宮町",,筑土八幡町駅から徒歩6分,534-5992,香川県,長生郡一宮町,筑土八幡町24丁目18番,シャルム2号
844,534,2,0,その他,"青森県,江東区",,鳥越駅から徒歩17分,565-8296,青森県,江東区,鳥越36丁目26番,コート4号
845,534,2,0,その他,"山口県,富津市",,京橋駅から徒歩13分,128-8259,山口県,富津市,京橋33丁目12番,コーポ15号
846,534,1,0,新潟県支社,"新潟県,青梅市",,大中駅から徒歩1分,011-4731,新潟県,青梅市,大中18丁目22番,コーポ3号
847,534,2,0,その他,"北海道,富里市",,大中駅から徒歩11分,156-3417,北海道,富里市,大中42丁目25番,シティ12号
848,535,0,0,本社,"高知県,香取郡東庄町",,北上野駅から徒歩8分,630-9598,高知県,香取郡東庄町,北上野1丁目18番,クレスト16号
849,535,2,0,その他,"三重県,大島町",,長間駅から徒歩7分,133-1707,三重県,大島町,長間24丁目2番,コーポ16号
850,535,1,0,高知県支社,"高知県,長生郡長南町",,東大和町駅から徒歩16分,515-9065,高知県,長生郡長南町,東大和町10丁目26番,コート9号
851,536,0,0,本社,"千葉県,長生郡長柄町",,北上野駅から徒歩9分,301-0549,千葉県,長生郡長柄町,北上野9丁目6番,シティ20号
852,536,1,0,長野県支社,"長野県,杉並区",,西小来川駅から徒歩8分,176-5312,長野県,杉並区,西小来川39丁目13番,パレス18号
853,537,0,0,本社,"宮城県,横浜市旭区",,皇居外苑駅から徒歩13分,844-9292,宮城県,横浜市旭区,皇居外苑23丁目15番,コーポ2号
854,537,1,0,青森県支社,"青森県,横浜市戸塚区",,月島駅から徒歩19分,087-1236,青森県,横浜市戸塚区,月島38丁目7番,ハイツ15号
855,538,0,0,本社,"高知県,横浜市港南区",,明石町駅から徒歩14分,582-8166,高知県,横浜市港南区,明石町1丁目16番,ハイツ15号
856,539,0,0,本社,"佐賀県,大島町",,氏家駅から徒歩5分,943-7441,佐賀県,大島町,氏家13丁目20番,クレスト2号
857,540,0,0,本社,"東京都,清瀬市",,手岡駅から徒歩2分,942-8422,東京都,清瀬市,手岡28丁目12番,コーポ13号
858,540,1,0,三重県支社,"三重県,東村山市",,台東駅から徒歩16分,131-2322,三重県,東村山市,台東10丁目7番,パレス19号
859,541,0,0,本社,"秋田県,文京区",,台場駅から徒歩3分,908-0102,秋田県,文京区,台場40丁目7番,シティ8号
860,542,0,0,本社,"静岡県,長生郡長柄町",,戸山駅から徒歩8分,169-8029,静岡県,長生郡長柄町,戸山18丁目20番,コート6号
861,543,0,0,本社,"東京都,青ヶ島村",,東和町駅から徒歩9分,446-2857,東京都,青ヶ島村,東和町37丁目15番,コーポ5号
862,543,2,0,その他,"京都府,品川区",,蟇沼駅から徒歩7分,943-7248,京都府,品川区,蟇沼11丁目9番,シャルム14号
863,544,0,0,本社,"静岡県,江東区",,独鈷沢駅から徒歩6分,383-7268,静岡県,江東区,独鈷沢32丁目15番,コーポ20号
864,544,2,0,その他,"青森県,文京区",,芝浦駅から徒歩7分,806-4738,青森県,文京区,芝浦27丁目21番,コート11号
865,544,1,0,鳥取県支社,"鳥取県,西多摩郡檜原村",,小入駅から徒歩9分,483-4602,鳥取県,西多摩郡檜原村,小入39丁目7番,パーク18号
866,545,0,0,本社,"群馬県,横浜市旭区",,日本堤駅から徒歩15分,040-3468,群馬県,横浜市旭区,日本堤27丁目13番,シティ19号
867,546,0,0,本社,"岐阜県,富里市",,前弥六駅から徒歩1分,367-3779,岐阜県,富里市,前弥六25丁目20番,アーバン17号
868,547,0,0,本社,"山口県,山武郡芝山町",,中川崎駅から徒歩18分,958-4398,山口県,山武郡芝山町,中川崎34丁目8番,パーク10号
869,548,0,0,本社,"福井県,君津市",,方京駅から徒歩15分,945-9113,福井県,君津市,方京20丁目20番,クレスト11号
870,548,2,0,その他,"大分県,昭島市",,脚折町駅から徒歩20分,995-0729,大分県,昭島市,脚折町10丁目9番,アーバン7号
871,549,0,0,本社,"京都府,八千代市",,戸山駅から徒歩18分,214-8269,京都府,八千代市,戸山34丁目15番,クレスト9号
872,550,0,0,本社,"宮城県,江戸川区",,渡辺駅から徒歩13分,417-8291,宮城県,江戸川区,渡辺14丁目9番,コート1号
873,550,1,0,埼玉県支社,"埼玉県,多摩市",,花川戸駅から徒歩18分,342-3969,埼玉県,多摩市,花川戸35丁目21番,クレスト3号
874,550,1,0,香川県支社,"香川県,稲城市",,上吉羽駅から徒歩13分,578-7623,香川県,稲城市,上吉羽16丁目24番,シャルム19号
875,550,1,0,大阪府支社,"大阪府,神津島村",,九段南駅から徒歩2分,548-7333,大阪府,神津島村,九段南42丁目24番,パーク18号
876,550,1,0,長野県支社,"長野県,長生郡長南町",,東浅草駅から徒歩9分,220-6547,長野県,長生郡長南町,東浅草7丁目11番,クレスト10号
877,551,0,0,本社,"愛媛県,青ヶ島村",,手岡駅から徒歩11分,763-2936,愛媛県,青ヶ島村,手岡28丁目17番,コート8号
878,552,0,0,本社,"北海道,新宿区",,白金台駅から徒歩8分,022-2162,北海道,新宿区,白金台9丁目25番,シャルム8号
879,552,1,0,香川県支社,"香川県,横浜市青葉区",,油井駅から徒歩9分,111-7587,香川県,横浜市青葉区,油井15丁目1番,クレスト20号
880,552,1,0,岩手県支社,"岩手県,川崎市中原区",,西小来川駅から徒歩14分,167-1976,岩手県,川崎市中原区,西小来川3丁目21番,クレスト2号
881,553,0,0,本社,"鹿児島県,武蔵野市",,外国府間駅から徒歩5分,062-5066,鹿児島県,武蔵野市,外国府間26丁目24番,シャルム18号
882,554,0,0,本社,"三重県,府中市",,橋場駅から徒歩3分,896-7000,三重県,府中市,橋場1丁目27番,ハイツ15号
883,555,0,0,本社,"石川県,西多摩郡瑞穂町",,麹町駅から徒歩18分,409-1818,石川県,西多摩郡瑞穂町,麹町25丁目24番,シティ19号
884,556,0,0,本社,"茨城県,四街道市",,柿木沢新田駅から徒歩13分,135-7893,茨城県,四街道市,柿木沢新田38丁目9番,アーバン10号
885,557,0,0,本社,"新潟県,長生郡長生村",,西関宿駅から徒歩9分,690-3374,新潟県,長生郡長生村,西関宿23丁目4番,パレス16号
886,558,0,0,本社,"長野県,香取郡神崎町",,中小来川駅から徒歩12分,470-3097,長野県,香取郡神崎町,中小来川13丁目8番,クレスト3号
887,559,0,0,本社,"香川県,西多摩郡日の出町",,台場駅から徒歩10分,838-8302,香川県,西多摩郡日の出町,台場42丁目7番,コート19号
888,559,1,0,山口県支社,"山口県,北区",,長間駅から徒歩14分,025-8041,山口県,北区,長間10丁目6番,シャルム11号
889,560,0,0,本社,"神奈川県,富里市",,日比谷公園駅から徒歩8分,165-3946,神奈川県,富里市,日比谷公園42丁目5番,ハイツ3号
890,561,0,0,本社,"長崎県,大網白里市",,卯の里駅から徒歩7分,610-0873,長崎県,大網白里市,卯の里42丁目26番,アーバン2号
891,561,1,0,宮崎県支社,"宮崎県,台東区",,幸手駅から徒歩16分,520-9329,宮崎県,台東区,幸手25丁目7番,コーポ20号
892,561,1,0,兵庫県支社,"兵庫県,香取郡神崎町",,千束駅から徒歩18分,668-6731,兵庫県,香取郡神崎町,千束33丁目22番,パーク5号
893,562,0,0,本社,"大分県,中野区",,四番町駅から徒歩3分,714-1249,大分県,中野区,四番町19丁目9番,パレス17号
894,563,0,0,本社,"福島県,荒川区",,中宮祠駅から徒歩5分,757-8832,福島県,荒川区,中宮祠3丁目3番,コーポ5号
895,563,2,0,その他,"福島県,新宿区",,橋場駅から徒歩4分,797-2612,福島県,新宿区,橋場29丁目13番,パレス7号
896,563,1,0,石川県支社,"石川県,福生市",,押上駅から徒歩19分,784-4680,石川県,福生市,押上1丁目24番,アーバン15号
897,564,0,0,本社,"京都府,福生市",,千束駅から徒歩1分,548-7146,京都府,福生市,千束14丁目8番,ハイツ7号
898,565,0,0,本社,"岐阜県,印西市",,木立駅から徒歩11分,052-0157,岐阜県,印西市,木立17丁目17番,コーポ4号
899,565,2,0,その他,"長野県,三鷹市",,中宮祠駅から徒歩15分,998-8261,長野県,三鷹市,中宮祠17丁目24番,コート10号
900,566,0,0,本社,"静岡県,武蔵村山市",,鍛冶ケ沢駅から徒歩15分,275-4117,静岡県,武蔵村山市,鍛冶ケ沢17丁目23番,アーバン14号
901,566,1,0,島根県支社,"島根県,調布市",,蔵前駅から徒歩3分,215-6311,島根県,調布市,蔵前1丁目21番,コート20号
902,566,1,0,広島県支社,"広島県,夷隅郡御宿町",,千束駅から徒歩2分,125-7330,広島県,夷隅郡御宿町,千束41丁目4番,シティ18号
903,567,0,0,本社,"福岡県,文京区",,大中駅から徒歩4分,002-4964,福岡県,文京区,大中35丁目11番,パレス14号
904,568,0,0,本社,"滋賀県,横浜市西区",,丸の内駅から徒歩15分,902-3150,滋賀県,横浜市西区,丸の内29丁目7番,シャルム6号
905,569,0,0,本社,"三重県,神津島村",,高田馬場駅から徒歩7分,883-0365,三重県,神津島村,高田馬場21丁目19番,ハイツ19号
906,570,0,0,本社,"千葉県,国立市",,松浦町駅から徒歩19分,103-0382,千葉県,国立市,松浦町3丁目18番,コーポ12号
907,571,0,0,本社,"群馬県,昭島市",,松石駅から徒歩9分,249-6369,群馬県,昭島市,松石38丁目24番,コート1号
908,571,1,0,群馬県支社,"群馬県,立川市",,美原町駅から徒歩6分,783-5143,群馬県,立川市,美原町18丁目11番,ハイツ8号
909,572,0,0,本社,"岐阜県,渋谷区",,中小来川駅から徒歩15分,868-8677,岐阜県,渋谷区,中小来川14丁目7番,アーバン9号
910,572,1,0,山梨県支社,"山梨県,川崎市高津区",,戸島駅から徒歩6分,840-7964,山梨県,川崎市高津区,戸島19丁目14番,アーバン14号
911,573,0,0,本社,"高知県,富里市",,氏家新田駅から徒歩2分,833-2922,高知県,富里市,氏家新田8丁目17番,シティ11号
912,574,0,0,本社,"新潟県,府中市",,前弥六南町駅から徒歩1分,120-4221,新潟県,府中市,前弥六南町14丁目24番,ハイツ13号
913,575,0,0,本社,"島根県,いすみ市",,山中新田駅から徒歩10分,728-6968,島根県,いすみ市,山中新田8丁目15番,パーク19号
914,575,2,0,その他,"福島県,千代田区",,上野公園駅から徒歩19分,715-8833,福島県,千代田区,上野公園29丁目6番,パレス20号
915,576,0,0,本社,"滋賀県,小金井市",,西関宿駅から徒歩19分,943-1673,滋賀県,小金井市,西関宿12丁目3番,クレスト14号
916,577,0,0,本社,"埼玉県,白井市",,中小来川駅から徒歩18分,646-4613,埼玉県,白井市,中小来川26丁目3番,クレスト20号
917,578,0,0,本社,"秋田県,荒川区",,西川駅から徒歩6分,592-6336,秋田県,荒川区,西川19丁目22番,アーバン8号
918,578,1,0,鹿児島県支社,"鹿児島県,東大和市",,前弥六駅から徒歩13分,038-5198,鹿児島県,東大和市,前弥六21丁目24番,パーク12号
919,578,2,0,その他,"東京都,府中市",,千束駅から徒歩15分,424-6123,東京都,府中市,千束26丁目13番,シティ17号
920,579,0,0,本社,"北海道,小金井市",,中川崎駅から徒歩5分,359-0012,北海道,小金井市,中川崎32丁目11番,シティ9号
921,580,0,0,本社,"岡山県,清瀬市",,百村駅から徒歩11分,167-9660,岡山県,清瀬市,百村32丁目22番,パレス15号
922,581,0,0,本社,"広島県,葛飾区",,勝どき駅から徒歩12分,020-0352,広島県,葛飾区,勝どき19丁目25番,パレス5号
923,582,0,0,本社,"東京都,長生郡長生村",,元浅草駅から徒歩20分,871-9156,東京都,長生郡長生村,元浅草26丁目17番,パーク2号
924,582,1,0,奈良県支社,"奈良県,町田市",,吾妻橋駅から徒歩7分,924-3263,奈良県,町田市,吾妻橋23丁目18番,パーク19号
925,583,0,0,本社,"宮城県,川崎市中原区",,鶴ヶ丘駅から徒歩10分,831-7805,宮城県,川崎市中原区,鶴ヶ丘34丁目15番,アーバン14号
926,584,0,0,本社,"埼玉県,港区",,中小来川駅から徒歩20分,427-5846,埼玉県,港区,中小来川10丁目9番,コーポ12号
927,584,1,0,青森県支社,"青森県,武蔵野市",,上野公園駅から徒歩17分,753-6554,青森県,武蔵野市,上野公園33丁目22番,パレス10号
928,585,0,0,本社,"新潟県,山武郡九十九里町",,西川駅から徒歩13分,851-6013,新潟県,山武郡九十九里町,西川5丁目7番,コーポ17号
929,586,0,0,本社,"鹿児島県,南房総市",,二つ室駅から徒歩1分,013-7417,鹿児島県,南房総市,二つ室13丁目3番,コート18号
930,586,1,0,青森県支社,"青森県,日野市",,上野公園駅から徒歩18分,632-6615,青森県,日野市,上野公園33丁目20番,ハイツ17号
931,587,0,0,本社,"岩手県,横浜市青葉区",,戸島駅から徒歩7分,244-5554,岩手県,横浜市青葉区,戸島9丁目15番,パーク11号
932,587,1,0,岡山県支社,"岡山県,長生郡白子町",,猿楽町駅から徒歩4分,205-4208,岡山県,長生郡白子町,猿楽町29丁目15番,シャルム14号
933,587,1,0,新潟県支社,"新潟県,鎌ケ谷市",,北上野駅から徒歩16分,348-9680,新潟県,鎌ケ谷市,北上野24丁目12番,シャルム5号
934,588,0,0,本社,"愛媛県,西多摩郡日の出町",,勝どき駅から徒歩6分,354-2055,愛媛県,西多摩郡日の出町,勝どき15丁目24番,アーバン13号
935,588,1,0,兵庫県支社,"兵庫県,青梅市",,二つ室駅から徒歩16分,270-9141,兵庫県,青梅市,二つ室21丁目1番,パーク5号
936,589,0,0,本社,"北海道,印旛郡栄町",,雷門駅から徒歩5分,981-8191,北海道,印旛郡栄町,雷門29丁目22番,コート11号
937,589,1,0,大阪府支社,"大阪府,富津市",,手岡駅から徒歩2分,826-1797,大阪府,富津市,手岡3丁目2番,コート18号
938,590,0,0,本社,"徳島県,日野市",,無栗屋駅から徒歩7分,464-0073,徳島県,日野市,無栗屋40丁目11番,シティ11号
939,590,2,0,その他,"香川県,横浜市神奈川区",,小入駅から徒歩8分,143-7596,香川県,横浜市神奈川区,小入18丁目3番,シャルム14号
940,590,1,0,福井県支社,"福井県,横浜市都筑区",,猿楽町駅から徒歩3分,435-7060,福井県,横浜市都筑区,猿楽町30丁目23番,シャルム12号
941,591,0,0,本社,"秋田県,狛江市",,上吉羽駅から徒歩5分,038-6884,秋田県,狛江市,上吉羽20丁目16番,シティ2号
942,591,1,0,愛媛県支社,"愛媛県,横浜市港北区",,上高野駅から徒歩17分,279-4341,愛媛県,横浜市港北区,上高野38丁目15番,シャルム7号
943,592,0,0,本社,"島根県,安房郡鋸南町",,山中新田駅から徒歩3分,777-5944,島根県,安房郡鋸南町,山中新田16丁目21番,クレスト13号
944,593,0,0,本社,"愛媛県,新島村",,六番町駅から徒歩6分,430-4534,愛媛県,新島村,六番町16丁目26番,パレス14号
945,594,0,0,本社,"岩手県,台東区",,花川戸駅から徒歩7分,130-9872,岩手県,台東区,花川戸8丁目6番,コーポ20号
946,594,2,0,その他,"島根県,青ヶ島村",,南赤田駅から徒歩14分,809-1062,島根県,青ヶ島村,南赤田5丁目4番,シティ5号
947,594,2,0,その他,"栃木県,横浜市金沢区",,長間駅から徒歩9分,609-1562,栃木県,横浜市金沢区,長間38丁目2番,パレス20号
948,594,1,0,大分県支社,"大分県,西東京市",,氏家新田駅から徒歩9分,616-2733,大分県,西東京市,氏家新田2丁目2番,シティ18号
949,595,0,0,本社,"長崎県,長生郡長生村",,日本堤駅から徒歩20分,309-1174,長崎県,長生郡長生村,日本堤1丁目23番,ハイツ15号
950,595,1,0,和歌山県支社,"和歌山県,多摩市",,丸の内駅から徒歩2分,801-4685,和歌山県,多摩市,丸の内13丁目1番,クレスト14号
951,596,0,0,本社,"滋賀県,横浜市旭区",,台東駅から徒歩17分,833-8901,滋賀県,横浜市旭区,台東34丁目4番,シティ11号
952,596,2,0,その他,"埼玉県,横浜市港北区",,六番町駅から徒歩19分,302-8162,埼玉県,横浜市港北区,六番町11丁目10番,パーク1号
953,596,1,0,広島県支社,"広島県,横浜市青葉区",,四番町駅から徒歩2分,051-7626,広島県,横浜市青葉区,四番町17丁目20番,パレス5号
954,597,0,0,本社,"宮城県,横浜市南区",,丸の内ＪＰタワー駅から徒歩15分,790-0941,宮城県,横浜市南区,丸の内ＪＰタワー9丁目16番,シティ20号
955,598,0,0,本社,"広島県,横浜市旭区",,日比谷公園駅から徒歩10分,513-6611,広島県,横浜市旭区,日比谷公園28丁目10番,ハイツ7号
956,599,0,0,本社,"愛媛県,匝瑳市",,箭坪駅から徒歩16分,282-7106,愛媛県,匝瑳市,箭坪26丁目5番,コーポ9号
957,600,0,0,本社,"埼玉県,横浜市緑区",,白金台駅から徒歩2分,231-3044,埼玉県,横浜市緑区,白金台35丁目23番,パレス6号
958,601,0,0,本社,"福島県,江東区",,四番町駅から徒歩2分,876-8091,福島県,江東区,四番町38丁目18番,パーク14号
959,602,0,0,本社,"熊本県,新宿区",,芝浦駅から徒歩13分,004-9595,熊本県,新宿区,芝浦21丁目1番,アーバン17号
960,603,0,0,本社,"岐阜県,香取郡多古町",,吾妻橋駅から徒歩10分,376-4436,岐阜県,香取郡多古町,吾妻橋7丁目1番,ハイツ13号
961,603,2,0,その他,"滋賀県,練馬区",,日比谷公園駅から徒歩18分,375-6123,滋賀県,練馬区,日比谷公園10丁目13番,ハイツ1号
962,603,1,0,茨城県支社,"茨城県,鎌ケ谷市",,丸の内駅から徒歩4分,445-0008,茨城県,鎌ケ谷市,丸の内17丁目14番,パレス13号
963,603,2,0,その他,"愛知県,小笠原村",,丸の内ＪＰタワー駅から徒歩18分,310-2568,愛知県,小笠原村,丸の内ＪＰタワー33丁目20番,パレス16号
964,603,1,0,兵庫県支社,"兵庫県,袖ケ浦市",,松浦町駅から徒歩6分,143-6577,兵庫県,袖ケ浦市,松浦町40丁目16番,パーク11号
965,604,0,0,本社,"宮城県,三鷹市",,三筋駅から徒歩19分,366-8885,宮城県,三鷹市,三筋28丁目6番,クレスト3号
966,605,0,0,本社,"石川県,西多摩郡檜原村",,橋場駅から徒歩11分,120-0181,石川県,西多摩郡檜原村,橋場4丁目15番,コーポ20号
967,605,1,0,石川県支社,"石川県,小笠原村",,無栗屋駅から徒歩14分,375-0781,石川県,小笠原村,無栗屋24丁目11番,コーポ5号
968,605,1,0,鹿児島県支社,"鹿児島県,練馬区",,土沢駅から徒歩13分,545-7873,鹿児島県,練馬区,土沢10丁目3番,アーバン3号
969,606,0,0,本社,"栃木県,文京区",,湯宮駅から徒歩15分,903-9471,栃木県,文京区,湯宮34丁目16番,アーバン5号
970,607,0,0,本社,"新潟県,小笠原村",,神明内駅から徒歩13分,158-5791,新潟県,小笠原村,神明内8丁目6番,シャルム7号
971,608,0,0,本社,"長野県,葛飾区",,渡辺駅から徒歩4分,354-1136,長野県,葛飾区,渡辺30丁目19番,コート7号
972,609,0,0,本社,"愛知県,新宿区",,台場駅から徒歩16分,319-3303,愛知県,新宿区,台場32丁目19番,パーク4号
973,609,1,0,秋田県支社,"秋田県,八丈島八丈町",,前弥六駅から徒歩1分,214-8208,秋田県,八丈島八丈町,前弥六25丁目1番,クレスト3号
974,610,0,0,本社,"福岡県,横浜市青葉区",,上野公園駅から徒歩4分,918-2556,福岡県,横浜市青葉区,上野公園12丁目5番,コーポ10号
975,610,2,0,その他,"栃木県,横浜市磯子区",,細野駅から徒歩3分,189-9535,栃木県,横浜市磯子区,細野23丁目1番,パレス1号
976,611,0,0,本社,"滋賀県,武蔵野市",,四番町駅から徒歩3分,013-0234,滋賀県,武蔵野市,四番町12丁目15番,パレス15号
977,612,0,0,本社,"岩手県,杉並区",,油井駅から徒歩4分,787-8023,岩手県,杉並区,油井17丁目24番,ハイツ18号
978,613,0,0,本社,"愛知県,印旛郡印旛村",,土呂部駅から徒歩12分,133-9212,愛知県,印旛郡印旛村,土呂部32丁目21番,クレスト3号
979,614,0,0,本社,"神奈川県,香取郡東庄町",,中宮祠駅から徒歩17分,471-4091,神奈川県,香取郡東庄町,中宮祠31丁目19番,パーク11号
980,615,0,0,本社,"山梨県,横浜市港北区",,池之端駅から徒歩6分,462-3959,山梨県,横浜市港北区,池之端12丁目21番,パーク15号
981,615,1,0,兵庫県支社,"兵庫県,横浜市磯子区",,南郷屋駅から徒歩5分,899-8003,兵庫県,横浜市磯子区,南郷屋34丁目1番,コート14号
982,615,1,0,広島県支社,"広島県,小笠原村",,三筋駅から徒歩11分,202-0918,広島県,小笠原村,三筋25丁目16番,パーク19号
983,616,0,0,本社,"島根県,八王子市",,美原町駅から徒歩8分,130-0362,島根県,八王子市,美原町1丁目9番,シャルム2号
984,617,0,0,本社,"福島県,東大和市",,長間駅から徒歩10分,839-1760,福島県,東大和市,長間2丁目17番,シャルム7号
985,617,1,0,群馬県支社,"群馬県,渋谷区",,北上野駅から徒歩19分,783-5910,群馬県,渋谷区,北上野20丁目20番,クレスト16号
986,617,2,0,その他,"大分県,小平市",,湯本塩原駅から徒歩3分,880-5058,大分県,小平市,湯本塩原40丁目19番,コーポ15号
987,617,1,0,和歌山県支社,"和歌山県,川崎市幸区",,横林駅から徒歩5分,933-6979,和歌山県,川崎市幸区,横林18丁目4番,クレスト9号
988,618,0,0,本社,"滋賀県,印西市",,独鈷沢駅から徒歩1分,358-2750,滋賀県,印西市,独鈷沢3丁目12番,シティ14号
989,618,1,0,京都府支社,"京都府,青ヶ島村",,長畑駅から徒歩19分,796-6907,京都府,青ヶ島村,長畑16丁目23番,コーポ16号
990,619,0,0,本社,"高知県,浦安市",,千塚駅から徒歩8分,469-5467,高知県,浦安市,千塚30丁目19番,パーク10号
991,620,0,0,本社,"宮城県,調布市",,五味ヶ谷駅から徒歩1分,529-3677,宮城県,調布市,五味ヶ谷8丁目19番,コート12号
992,620,1,0,石川県支社,"石川県,印旛郡酒々井町",,西川駅から徒歩8分,257-3239,石川県,印旛郡酒々井町,西川6丁目10番,コート4号
993,620,1,0,青森県支社,"青森県,町田市",,池之端駅から徒歩5分,673-1160,青森県,町田市,池之端28丁目20番,コーポ2号
994,620,2,0,その他,"福島県,長生郡白子町",,平須賀駅から徒歩6分,057-5121,福島県,長生郡白子町,平須賀40丁目15番,パレス8号
995,620,1,0,千葉県支社,"千葉県,新島村",,月島駅から徒歩1分,944-3572,千葉県,新島村,月島2丁目20番,ハイツ1号
996,621,0,0,本社,"山形県,稲城市",,神明内駅から徒歩10分,321-2397,山形県,稲城市,神明内33丁目6番,シティ11号
997,622,0,0,本社,"高知県,印旛郡印旛村",,津久戸町駅から徒歩4分,421-0411,高知県,印旛郡印旛村,津久戸町16丁目20番,アーバン5号
998,622,1,0,富山県支社,"富山県,山武市",,松が谷駅から徒歩20分,930-5002,富山県,山武市,松が谷17丁目2番,シティ9号
999,623,0,0,本社,"熊本県,横浜市神奈川区",,北上野駅から徒歩9分,655-9477,熊本県,横浜市神奈川区,北上野9丁目15番,シャルム15号
1000,624,0,0,本社,"鳥取県,安房郡鋸南町",,轟駅から徒歩3分,320-9812,鳥取県,安房郡鋸南町,轟22丁目24番,クレスト19号
